-- MySQL dump 10.16  Distrib 10.1.26-MariaDB, for Win32 (AMD64)
--
-- Host: 127.0.0.1    Database: bghmc_fts
-- ------------------------------------------------------
-- Server version	10.1.26-MariaDB

/*!40101 SET @OLD_CHARACTER_SET_CLIENT=@@CHARACTER_SET_CLIENT */;
/*!40101 SET @OLD_CHARACTER_SET_RESULTS=@@CHARACTER_SET_RESULTS */;
/*!40101 SET @OLD_COLLATION_CONNECTION=@@COLLATION_CONNECTION */;
/*!40101 SET NAMES utf8 */;
/*!40103 SET @OLD_TIME_ZONE=@@TIME_ZONE */;
/*!40103 SET TIME_ZONE='+00:00' */;
/*!40014 SET @OLD_UNIQUE_CHECKS=@@UNIQUE_CHECKS, UNIQUE_CHECKS=0 */;
/*!40014 SET @OLD_FOREIGN_KEY_CHECKS=@@FOREIGN_KEY_CHECKS, FOREIGN_KEY_CHECKS=0 */;
/*!40101 SET @OLD_SQL_MODE=@@SQL_MODE, SQL_MODE='NO_AUTO_VALUE_ON_ZERO' */;
/*!40111 SET @OLD_SQL_NOTES=@@SQL_NOTES, SQL_NOTES=0 */;

--
-- Table structure for table `audits`
--

DROP TABLE IF EXISTS `audits`;
/*!40101 SET @saved_cs_client     = @@character_set_client */;
/*!40101 SET character_set_client = utf8 */;
CREATE TABLE `audits` (
  `id` char(36) COLLATE utf8mb4_unicode_ci NOT NULL,
  `type` varchar(255) COLLATE utf8mb4_unicode_ci NOT NULL,
  `auditable_id` int(10) unsigned NOT NULL,
  `auditable_type` varchar(255) COLLATE utf8mb4_unicode_ci NOT NULL,
  `old` text COLLATE utf8mb4_unicode_ci,
  `new` text COLLATE utf8mb4_unicode_ci,
  `user_id` varchar(255) COLLATE utf8mb4_unicode_ci DEFAULT NULL,
  `route` varchar(255) COLLATE utf8mb4_unicode_ci DEFAULT NULL,
  `ip_address` varchar(45) COLLATE utf8mb4_unicode_ci DEFAULT NULL,
  `created_at` timestamp NOT NULL DEFAULT CURRENT_TIMESTAMP ON UPDATE CURRENT_TIMESTAMP,
  PRIMARY KEY (`id`),
  KEY `audits_auditable_id_auditable_type_index` (`auditable_id`,`auditable_type`(191))
) ENGINE=InnoDB DEFAULT CHARSET=utf8mb4 COLLATE=utf8mb4_unicode_ci ROW_FORMAT=DYNAMIC;
/*!40101 SET character_set_client = @saved_cs_client */;

--
-- Dumping data for table `audits`
--

LOCK TABLES `audits` WRITE;
/*!40000 ALTER TABLE `audits` DISABLE KEYS */;
INSERT INTO `audits` VALUES ('00a76038-7c19-4a3d-ad67-48f12f3ef06a','updated',20112987,'Modules\\Template\\Entities\\UserCredentials','{\"remember_token\":\"LFXL3gujwHAuUv1C6SkqCSegcvEC1mHd9oTh9PHZzD6HebHAioGIwFFUIqo6\"}','{\"remember_token\":\"7eo5Z9NllKGAv29HviPEn1EkaaTgyBDcHWQcwhe9DVBs7ppvWmxYZ0I6eipp\"}','20112987','http://bghfiletracks.com/logout','66.249.82.181','2017-11-22 14:57:20'),('00d09f01-239a-4bac-a8b5-eb3c6ada7a1c','updated',58453321,'Modules\\Template\\Entities\\UserCredentials','{\"remember_token\":\"RxFkDL3iFtLEcyJv2ZgoWXeTucoGtuZelzeVRFp1baXtVHkhtOyMW9gfVapW\"}','{\"remember_token\":\"jNH7rPpa0f65dJ7nOSueZhN2Khf6wXK0WSWg30lcvk5X7KG7F8AKOV9BHaa8\"}','58453321','http://local.bghmc.com/logout','127.0.0.1','2018-01-31 16:48:57'),('015a3ace-37b8-491b-a792-4cf823092a63','updated',2015,'Modules\\Template\\Entities\\UserCredentials','{\"isactive\":1}','{\"isactive\":0}','2017','http://local.bghmc.com/administrator/update_activity','127.0.0.1','2017-09-08 14:08:47'),('015c22b9-ead8-481d-8d1b-d803ce32d86e','updated',20135776,'Modules\\Template\\Entities\\UserCredentials','{\"isactive\":1}','{\"isactive\":0}','2003','http://local.bghmc.com/administrator/update_activity','127.0.0.1','2017-08-26 07:21:30'),('01da958f-c401-4098-ad02-ecfac8bc93c5','updated',14861986,'Modules\\Template\\Entities\\UserCredentials','{\"remember_token\":\"Y1iu6Tn2ECBkFmSp19K6xebbE7BqANcqvvqaZsI5DYC3J6ewf5gsn0x5FIla\"}','{\"remember_token\":\"2jHYoe7GrCIQdTVHTAJ8Msdvt7FDrt6T34VUxyDYrojCldgnIb9GECGOWpsv\"}','14861986','http://bghfiletracks.com/logout','119.94.183.129','2017-11-27 13:46:13'),('021ede2f-ee6f-417e-9552-e69cfc70224f','updated',20112987,'Modules\\Template\\Entities\\UserCredentials','{\"remember_token\":\"x1rqjLwvKNviFxPkut4wSJ886fsLcrt5k3qAfBBKh17jxqJqmR01KWVJzsUZ\"}','{\"remember_token\":\"6Jx7ddcFwMqSOLWmdaesHBMxoUVqbDydTuUkdAsdZYYL9PZfUm3Aijy2BgUk\"}','20112987','http://bghfiletracks.com/logout','159.203.138.73','2017-11-27 10:19:15'),('02672604-0001-4ac4-8d72-3c3d652a5577','updated',1234,'Modules\\Template\\Entities\\UserCredentials','{\"isactive\":1}','{\"isactive\":0}','2003','http://local.bghmc.com/administrator/update_activity','127.0.0.1','2017-09-04 01:14:24'),('027bce43-30c8-4698-8408-6519d3a1e8e6','updated',123456789,'Modules\\Template\\Entities\\UserCredentials','{\"remember_token\":\"OMiDC0jzSYxmMDz3iYTuoUJwVuDDj5T8XkuuqOTjz9sF5aGwkQw3431yypJu\"}','{\"remember_token\":\"QGfwIvM09fHTHSZeEPxPXK1IXRJAKwabGv64NF21LFTH9Z0JNVZiuRxCjKgC\"}','123456789','http://bghfiletracks.com/logout','119.94.183.129','2017-11-27 13:52:13'),('02b416d0-62fb-4e05-9f5c-f10178cb917c','updated',987654321,'Modules\\Template\\Entities\\UserCredentials','{\"remember_token\":\"YxrqTqVIkM25wvXQSpP0kIGdrAVikrLSVXApKxlxGP6clyPMrbihftzvVSyr\"}','{\"remember_token\":\"mRlm7hIkcsqeR9i8iEL6yxPaBOWew59DCK7m1s5H9TAOGb3sKgwf67lo9wTw\"}','987654321','http://localhost:8000/logout','127.0.0.1','2017-11-11 18:34:29'),('02bf3d2d-f719-4396-80c4-be7c823d39a2','updated',2013,'Modules\\Template\\Entities\\UserCredentials','{\"isactive\":0}','{\"isactive\":1}','2017','http://local.bghmc.com/administrator/update_activity','127.0.0.1','2017-09-09 08:28:11'),('03ae5fc0-2ac5-4047-b3c0-11b0258b1bfe','created',5,'Modules\\Template\\Entities\\UserCredentials','[]','{\"emp_id\":\"2014\",\"group_id\":1,\"is_approved\":1,\"isactive\":1}','2017','http://local.bghmc.com/administrator/register_account','127.0.0.1','2017-10-14 12:26:10'),('03d4de95-e747-4480-9fbe-7a8d5beb1590','updated',987654321,'Modules\\Template\\Entities\\UserCredentials','{\"remember_token\":\"g5QkwFsETjuCZMcYKEMO5P8EoAvqkNhctXpL041kbwpiKz6Fr36bGU5LwnwW\"}','{\"remember_token\":\"NS4pc1pT8rAuppTVyluCMNFiA2BXEplOeQ5jaFxGHtWgriwlj3rMcvx1L4V6\"}','987654321','http://bghfiletracks.com/logout','115.42.126.86','2017-11-23 21:41:49'),('05965339-fe1c-4758-9dec-1ee2c5fb604b','updated',14861986,'Modules\\Template\\Entities\\UserCredentials','{\"remember_token\":\"2jHYoe7GrCIQdTVHTAJ8Msdvt7FDrt6T34VUxyDYrojCldgnIb9GECGOWpsv\"}','{\"remember_token\":\"bn6Zgfr2EhIlenwzff7w13ZlfTQS78ErI07U5YOdDYKjeq9gji0sQUuWmiOs\"}','14861986','http://bghfiletracks.com/logout','119.94.183.129','2017-11-27 13:47:52'),('05996b75-8917-450d-8aa5-215dbfeaa724','updated',987654,'Modules\\Template\\Entities\\UserCredentials','{\"remember_token\":\"spZKn1t1dIs4ZCcGRehbVdeyHcS4iVNd1P15dr4fe6rWGbqyiVcLaoQPi1sD\"}','{\"remember_token\":\"0VxRH4TxMPkrOrbdiWWsVOjuNYveIt1UpNdmY2rO6JdhfSzia0vks5a6HzEs\"}','987654','http://bghfiletracks.com/logout','49.151.207.55','2017-11-14 01:01:31'),('05d0e3af-9f29-4ccd-983f-e9621e98979d','created',12,'Modules\\Template\\Entities\\UserCredentials','[]','{\"emp_id\":\"2016\",\"group_id\":1,\"is_approved\":1,\"isactive\":1}','2017','http://local.bghmc.com/administrator/register_account','127.0.0.1','2017-09-08 14:01:58'),('06373ade-3fe7-41f3-9cb7-2db1c86a2674','updated',14861986,'Modules\\Template\\Entities\\UserCredentials','{\"remember_token\":\"BOfuAWf0XvRlZ2EmoI3nBXAB80Xn4EZoOBuhaseo7b8fTujBQ2tdPyUazGe9\"}','{\"remember_token\":\"TlXOLbuFnbrCAAxaznby1gmT98tjd34xrOJ6Lm9HRIu7JIT6BjHvx7PKlfyg\"}','14861986','http://bghfiletracks.com/logout','175.158.200.91','2017-11-27 15:35:59'),('067ba414-dba2-4107-a09d-41dd2e24b148','updated',2017,'Modules\\Template\\Entities\\UserCredentials','{\"remember_token\":\"Tw4BtIdRVfukAvG9OV3OJKPiqfp97oF2DPeJvfjhXvdhLT1rWrFWjAFzLHgj\"}','{\"remember_token\":\"MFpbBy6EDGY2fhuZugy0bwQZ4GDGJ304GQcPJ9r19EgJc383DmsuLW3Y2s1M\"}','2017','http://local.bghmc.com/logout','127.0.0.1','2017-09-09 10:46:57'),('0695faa2-0daa-4145-995d-2490289d7e9f','updated',123456789,'Modules\\Template\\Entities\\UserCredentials','{\"remember_token\":\"NvY0L1lvJaoEIrarPAKxU9WD23jKuS9VKbYTQTCjBS8o5OFhe5ZUtbIyPdFY\"}','{\"remember_token\":\"csU8srpHA473GkbrgaHfou5tFaBglSZxnd5gqEfN7tQV9dbL77DYZTIFfigM\"}','123456789','http://local.bghmc.com/logout','127.0.0.1','2018-01-31 13:17:21'),('06dcc55e-d3b8-4a41-9b3f-10ca7ac6b5dc','updated',14861986,'Modules\\Template\\Entities\\UserCredentials','{\"remember_token\":\"y8c6tF0G81sY0MnGj7DwbNTax3adUaLZGiNejoFuo1Ho08MiRFUGL3KNjB1g\"}','{\"remember_token\":\"goQfnL0mpZx8WaWieU8RyzfjQ6pv8h5ssllHBZ1XE6TzvIY0nS5At9ZI15EC\"}','14861986','http://bghfiletracks.com/logout','104.131.176.234','2017-11-27 04:36:17'),('071e2639-258b-48d0-b7de-1eaab9e73b9f','updated',14861986,'Modules\\Template\\Entities\\UserCredentials','{\"remember_token\":\"VbClUC7DE3r2sgmqEqwFZr8sTIwlMn2k34qLBuYtgIUucocJYeZ7HtTClbVn\"}','{\"remember_token\":\"1G3OA4ZnjDoy6DMvGMfIOWKa5HqsTMXYDgWtIsOLk3AOyakd9M3il0AjHekY\"}','14861986','http://bghfiletracks.com/logout','119.94.183.129','2017-11-27 08:19:53'),('07d8ae6c-101f-4b4d-82c6-b5ef5aa19b2f','created',12,'Modules\\Template\\Entities\\UserCredentials','[]','{\"emp_id\":\"20115751\",\"group_id\":2,\"is_approved\":1,\"isactive\":1}','123456789','http://bghfiletracks.com/administrator/register_account','49.151.207.15','2017-11-14 10:54:32'),('07e78b44-1d69-4237-9175-6a6be4acefa4','updated',2,'Modules\\Template\\Entities\\UserCredentials','{\"remember_token\":\"tkAhPeslSmbprj2NHYTlOJgZLSCH8mshoDtsAGQOuNPCx9H9I3tDdInLO6l7\"}','{\"remember_token\":\"s3BSWLNybuzXqS0nRwdkPAKky1UcUr43haFdKLZi04LmpTQOlbcJLqLeZA98\"}','2','http://local.bghmc.com/logout','127.0.0.1','2017-08-16 03:33:54'),('08069c5c-8a1a-4abe-89ff-1916765afc93','updated',987654,'Modules\\Template\\Entities\\UserCredentials','{\"isactive\":\"0\"}','{\"isactive\":1}','123456789','http://bghfiletracks.com/administrator/update_activity','119.94.89.181','2017-11-14 21:22:41'),('084f7532-8a4d-461c-b634-ea09e94cda24','updated',2017,'Modules\\Template\\Entities\\UserCredentials','{\"remember_token\":\"JazNBaTBBavhU1VVYiXF0x8uZ0nlYYBpIlrYvcTV0c1I21sNJgQQl9q2gftp\"}','{\"remember_token\":\"ll5Pw6s3PdURXxxxpbd9Zkq7jI7wYRsy1aeT2t7Cr1wzn56QY7Ph30NVB1cm\"}','2017','http://localhost:8080/template/public/logout','::1','2017-09-20 11:35:24'),('086a2b85-8bee-4790-a4c6-4276dc876175','updated',2018,'Modules\\Template\\Entities\\UserCredentials','{\"remember_token\":\"w2sKlw5kqJ1JHbeH8LxyyB2RCPPrknrsSfiReQ1dVGismIBWnMVpYSR2IlXC\"}','{\"remember_token\":\"xqhoqBb3s64axrVH8vw2oTQR8FWyRHAVBS2Ztrb8sGboLdml1mStqsDesBf1\"}','2018','http://localhost:8080/template/public/logout','::1','2017-09-22 03:25:54'),('09eeec98-6342-4108-bcac-8f639d0fbee1','updated',20112987,'Modules\\Template\\Entities\\UserCredentials','{\"remember_token\":\"t2EkU5jeyR6dXDijuZTmOVTO8TT9lfP3hQWaQxdEnh75OEp0L65Dc3HvkMI1\"}','{\"remember_token\":\"YrDmK82uX1Vk6rG6mjZi0uDq0QVdDxKDUsnHeh7J13kNE0fF4G5vhDoMGvY0\"}','20112987','http://bghfiletracks.com/logout','121.96.170.68','2017-11-14 19:36:05'),('09fc8cf4-599b-4fd8-864e-632ae130f403','updated',987654321,'Modules\\Template\\Entities\\UserCredentials','{\"remember_token\":\"xoKiCBzEdmppsTpdl7fg4jZAXbEdN8OvC6SnVdL65SSi9u9mIdCHce8lHgBV\"}','{\"remember_token\":\"QjEsHiwsjOLdlFXYs76qlSFDV8fULhC8qtGpZVwn0S6ub2Zvbse0NgbJOS8A\"}','987654321','http://bghfiletracks.com/logout','180.190.102.222','2017-11-13 04:59:11'),('0a787696-343d-4d21-a524-72174d820586','updated',20112987,'Modules\\Template\\Entities\\UserCredentials','{\"remember_token\":\"PVQ4MWcNUU3d4LYdFlh53SnGGGj5boeIqVn14tyChdqe9RlFf6fVsoFaWGHK\"}','{\"remember_token\":\"YPH8svusz88NICOv3V9n6xcI2L91i9QLZudGYWyULJUSPPsxHNkLoXs0gPoE\"}','20112987','http://bghfiletracks.com/logout','119.94.89.181','2017-11-14 21:33:51'),('0a8021fe-96ea-4a0e-a059-78a61f7c6496','updated',20135845,'Modules\\Template\\Entities\\UserCredentials','{\"remember_token\":\"430ecLYtJtZu0FfXEE6Np0q7mKartEuigveQsq6Fe9XYQrK449FisvpoS1df\"}','{\"remember_token\":\"YVHk80fMZDJzsrgXxIfiC8RlzytWrJjyYJQnIHcHcLssvg0TBg6CzmECuYNo\"}','20135845','http://bghfiletracks.com/logout','49.151.207.15','2017-11-14 05:05:55'),('0b0d90cd-66aa-477f-9ca1-08f1bc44c406','updated',987654321,'Modules\\Template\\Entities\\UserCredentials','{\"remember_token\":\"QOWPIVYotBya3lROoGxsVqEBukvius9ClB3yiQV5bSqPcIUx1ooRjPH9FWSU\"}','{\"remember_token\":\"EUEBwvdkaLyUbEKW4xKgogT4qYEIljc0PvMVU7x1GmVdJ5hbGp0kxIOz8dKi\"}','987654321','http://bghfiletracks.com/logout','104.131.19.173','2017-11-27 03:01:57'),('0b333229-c1a8-461b-bdca-687e2eb2f9bb','updated',2017,'Modules\\Template\\Entities\\UserCredentials','{\"remember_token\":\"LoDO09RBLfnYJtzgFtiID17tjg91JWZjdfKvA4hSoZFAAMD1dTGdB62J1qQY\"}','{\"remember_token\":\"DPm6aUV3r5oCxVnzQyrk0RyPPNshO63i0qpJaV9OhQ9zMllhDkClRdFQnmfy\"}','2017','http://localhost:8000/logout','127.0.0.1','2017-10-08 14:47:46'),('0ba30526-4689-4f03-be42-d2656519b1fd','updated',3,'Modules\\Template\\Entities\\UserCredentials','{\"remember_token\":null}','{\"remember_token\":\"2k9TL6RLq16A6oDL1mIFcServw4f8EM5YewAHz7Xbl0TYiJfs5ShiqRHBUp8\"}','3','http://local.bghmc.com/logout','127.0.0.1','2017-08-22 05:48:41'),('0c5d39c3-d81b-4236-ad7c-f12c55df56a7','updated',123456789,'Modules\\Template\\Entities\\UserCredentials','{\"remember_token\":\"3zr6Wb0RsEPwuk590ddE5Eto54L9FJklF7JcSrGea7DksIaNVpYD2f3A8eo8\"}','{\"remember_token\":\"SrnKSuDqgBV3XgH4cmtPnZK1KNzGg57FoCIZ38WiINKcrDT0i3QALwrolM7p\"}','123456789','http://local.bghmc.com/logout','127.0.0.1','2018-01-31 16:50:55'),('0c6a5b9f-ad0e-4c45-bbaa-5b2e92419e08','created',9,'Modules\\Template\\Entities\\UserCredentials','[]','{\"emp_id\":\"2015\",\"group_id\":2,\"is_approved\":1}','1','http://local.bghmc.com/administrator/registerpersonnel','127.0.0.1','2017-08-23 04:45:21'),('0d3b9c5c-fc79-4a25-9f01-b7f5ea5266db','updated',123456789,'Modules\\Template\\Entities\\UserCredentials','{\"remember_token\":\"4t151Bfo9tbAPOPwYLgYHPgRPbESiiO1jiyce4qvTmfajSrVhhOwUlDDvgWh\"}','{\"remember_token\":\"uSQyj7b5szzy2KOvrWV2ufKnqtDznkNRegUC1V52OMC4p3UAIKRk9Hnexw0N\"}','123456789','http://bghfiletracks.com/logout','49.151.207.15','2017-11-14 06:17:56'),('0d42b972-c39c-4b2c-a279-eb4e715f28f5','updated',123456789,'Modules\\Template\\Entities\\UserCredentials','{\"remember_token\":\"OsM48hLRC2GJ7F1tp3okTbjYrJFKOasdydrGuBlxr43tjq4kFqjBB4jJbqCI\"}','{\"remember_token\":\"TF6wzCjJL9VWviidHynbozOmE7NjVSMLcjdqGJoXGG49f9GeRA8gGbfwSjN9\"}','123456789','http://bghfiletracks.com/logout','49.151.207.15','2017-11-14 06:31:42'),('0d43914b-e572-46a6-b847-aa110d562612','updated',14861986,'Modules\\Template\\Entities\\UserCredentials','{\"remember_token\":\"al3D9XhWdgaAqpD1FdcyCUkQCQSsGvUsBA3VMN5WkUXhVKleADnX3vTGQ9jh\"}','{\"remember_token\":\"9q8QXkTxJdVoo5sJVzmqvbcJTw7XRHmtU76K1XfrIpyCwSKKhqxFTYZvz3oO\"}','14861986','http://bghfiletracks.com/logout','119.94.183.129','2017-11-27 13:53:10'),('0ed0bfcc-3954-4a55-ad96-5237f9608140','created',6,'Modules\\Template\\Entities\\UserCredentials','[]','{\"emp_id\":\"2013\",\"group_id\":1,\"is_approved\":1,\"isactive\":1}','2017','http://local.bghmc.com/administrator/register_account','127.0.0.1','2017-09-08 14:24:04'),('0edd5408-7f3e-4900-ad07-affb45b88d7b','updated',2017,'Modules\\Template\\Entities\\UserCredentials','{\"remember_token\":\"4HnwcXRxQkVYKc5C3AO6Uip9Y4sXUV1olwKvEG9VyChee3A1uj54puuW40BS\"}','{\"remember_token\":\"LoDO09RBLfnYJtzgFtiID17tjg91JWZjdfKvA4hSoZFAAMD1dTGdB62J1qQY\"}','2017','http://localhost:8000/logout','127.0.0.1','2017-10-08 14:46:39'),('0fb78c12-d245-4198-914c-72a74fb3c0c7','updated',20138426,'Modules\\Template\\Entities\\UserCredentials','{\"isactive\":0}','{\"isactive\":1}','2017','http://localhost:8080/template/public/administrator/update_activity','::1','2017-09-22 03:35:31'),('0fca3e03-c8ce-492c-8285-5e3174e3a1d8','updated',123456789,'Modules\\Template\\Entities\\UserCredentials','{\"remember_token\":\"sfwMtg7gcqEVUTxZKpFIYcZMRqza4MEOgvWvtSnObPr8VxPNt6PT7VcAmtKy\"}','{\"remember_token\":\"SqCNKtEbgm29HdCdVFrba3hJigY7LBky5AnOapjBm9W6OBP7tBWDLFO8sCvj\"}','123456789','http://bghfiletracks.com/logout','66.249.82.181','2017-11-27 21:27:30'),('105f0d21-b323-41b3-bb93-0bdf0ef2d213','updated',123456789,'Modules\\Template\\Entities\\UserCredentials','{\"remember_token\":\"ZxlXOOLZ7km8Q2AKt3Skr1LLOQwyElu0sWtiBPRihzBWFIthPVAfiV5MehUU\"}','{\"remember_token\":\"GxUAUUfknJAH1ctf15UN9Np8ekbmOT3O0EyaPtiHeA2a1CWhnx9xpgN9C1EP\"}','123456789','http://bghfiletracks.com/logout','66.249.82.183','2017-11-14 12:37:34'),('10cfc169-0f62-4bc9-9e95-5ff9adc9183a','updated',123456789,'Modules\\Template\\Entities\\UserCredentials','{\"remember_token\":\"oR5OoSTYsYFvsAs7swdP93Fqc30i2thqvU2peGf5lNhlEOJME9rtgabtixDY\"}','{\"remember_token\":\"rkNr2lQNNKsDp6qsiRYpljHWgtPaY8kX1tEAIplHTY9rvmhIs51Bb6W0yx8w\"}','123456789','http://bghfiletracks.com/logout','119.94.183.129','2017-11-27 08:23:30'),('1113db73-4756-4562-b2e6-cc3f4d24bdb8','updated',2003,'Modules\\Template\\Entities\\UserCredentials','{\"remember_token\":\"yjoIRmosa7nYzZETHxFkIxysB1ZgmEKM2ioJP3dbUjTI4Q5CFPsg3sm1cPSP\"}','{\"remember_token\":\"P9COyrYogzVWmzribyMFE0PayN4ceZuMyqvwdYKjRRwYM5tQ6qUhvTaU2tzK\"}','2003','http://local.bghmc.com/logout','127.0.0.1','2017-09-02 23:38:51'),('1136b1ad-1df8-43df-8952-5ec2e5f5a31e','updated',20112987,'Modules\\Template\\Entities\\UserCredentials','{\"remember_token\":\"ivVry8NdSl9PzjHUkGpR8sco8wrsFYSqXEUGhzESM9LOsJvPvtmSvUcoLNOD\"}','{\"remember_token\":\"LFXL3gujwHAuUv1C6SkqCSegcvEC1mHd9oTh9PHZzD6HebHAioGIwFFUIqo6\"}','20112987','http://bghfiletracks.com/logout','66.249.82.181','2017-11-22 14:39:03'),('117bfd97-51b4-4d25-889f-59537f661717','updated',987654,'Modules\\Template\\Entities\\UserCredentials','{\"remember_token\":\"RtnbV3boBceoLblDMSCoFau29DWCs1zjRpd9BqQJtpkpx6pHGER0kh0N5pL1\"}','{\"remember_token\":\"n0E8Boz4GT0j0foBUXHF318ggZa7C6fAynmF7Fg9ARgv1wNR2hVhYZp7XXH7\"}','987654','http://bghfiletracks.com/logout','49.151.207.55','2017-11-14 06:10:14'),('11940969-55cf-49c5-8ff5-70f565b7610b','updated',20135845,'Modules\\Template\\Entities\\UserCredentials','{\"remember_token\":\"nD0BOPIQlbKlLN7w9cS6hSMZWj1boyglo5ZUK8sEaZwlBR2vZjCe7gIsqfaz\"}','{\"remember_token\":\"qJIJtPHV3FxoguAgWgxa04qppbDcgSZtMuvTg74Pe7YR53Om9tC4YnWj2Cz9\"}','20135845','http://bghfiletracks.com/logout','49.151.207.15','2017-11-14 06:30:08'),('11a82772-0109-43dc-a3b0-56da088420bb','updated',14861986,'Modules\\Template\\Entities\\UserCredentials','{\"remember_token\":\"bXZHXXthBmiWqAFEOvRAZGIS8A3OKeyxhS2hZVIWgM6BXWyZNtwqHNNFLlvk\"}','{\"remember_token\":\"FfvZYVCTi2pgK7yPGPRcH4JptLlPCf30B6Tu9kyZiLrEOenTAjahAIAfTxGb\"}','14861986','http://bghfiletracks.com/logout','121.96.170.68','2017-11-14 18:42:15'),('11b3e113-85f7-49fb-92c6-0991c863215c','created',12,'Modules\\Template\\Entities\\UserCredentials','[]','{\"emp_id\":\"4444\",\"group_id\":1,\"is_approved\":1,\"isactive\":1}','2003','http://local.bghmc.com/administrator/register_account','127.0.0.1','2017-09-02 23:34:27'),('11b78db7-0e4d-4a70-8a8e-060841717ed9','updated',123456789,'Modules\\Template\\Entities\\UserCredentials','{\"remember_token\":\"k4w4MbrHsvpYPtkGuw42GdXL51SFAjPwmyU5tFS7NIh1avjK7g0hMaKevRzU\"}','{\"remember_token\":\"kce27yh4so51uP5Oa5kaSqFGhAF7C3DllshFRhjRxb2gBNW6ei4Bm4LzDeGm\"}','123456789','http://bghfiletracks.com/logout','119.94.89.181','2017-11-14 21:32:36'),('121cdd3e-ce37-4e1d-b871-2d8068613fa8','updated',123456789,'Modules\\Template\\Entities\\UserCredentials','{\"remember_token\":\"zXx5fRFobM5QlFqgKC0G2jeEpbO8tad5IQjVHzzEGUrgagzfcEUYgjsPRTYG\"}','{\"remember_token\":\"KZJu3OutEsJSjWjIYzaKFCyGxvKZpeAwhEQmFG7n9hutBTCYC0evUSoC5y11\"}','123456789','http://bghfiletracks.com/logout','49.151.215.148','2017-11-24 08:42:26'),('123e60c4-a990-4ed5-b323-b94c8b631be9','updated',2,'Modules\\Template\\Entities\\UserCredentials','{\"remember_token\":\"8L2PDE3kXBf9AwrQKL6IQ6R2Hkuszo2LLBnH14vqqLkNWyK1cASuInyWDzXe\"}','{\"remember_token\":\"TOFM4FIWoUrDEYZpF79093EjHroPX3P7i5EPMAepfSSKtsiwwisvR1pRxsAS\"}','2','http://local.bghmc.com/logout','127.0.0.1','2017-08-18 22:19:13'),('12902a5b-cd36-4443-a951-5086bf867bab','updated',2017,'Modules\\Template\\Entities\\UserCredentials','{\"remember_token\":\"ll5Pw6s3PdURXxxxpbd9Zkq7jI7wYRsy1aeT2t7Cr1wzn56QY7Ph30NVB1cm\"}','{\"remember_token\":\"uck8aDRQnze1c6koe0r3mxlhvh7KIzuOcJi226iSWuY8knevK56y9kyLjM9S\"}','2017','http://localhost:8080/template/public/logout','::1','2017-09-20 12:41:10'),('13042ed5-15d3-49f1-8a10-c41746bad9d4','updated',123456789,'Modules\\Template\\Entities\\UserCredentials','{\"remember_token\":\"0gCkHiL4if6fR0ugvfIJDtrzbxCmpidz3eLWXOrVKcSjJh9gNhwgWCkOlrJN\"}','{\"remember_token\":\"xK3Z20YQFcxkJjWKByBfnDLIVfaofIe0QNrHuw1FAsjyYnC240isS6VZpAM8\"}','123456789','http://local.bghmc.com/logout','127.0.0.1','2018-01-31 16:30:15'),('1437c600-e9a9-405f-aa7d-5425cb5cb6bd','updated',123456789,'Modules\\Template\\Entities\\UserCredentials','{\"remember_token\":\"9pi5efmUUhauY8spHSbgynsMa1lSkTLmv22HR0y7eLJdU3kPY4OAW07GqeBX\"}','{\"remember_token\":\"XjWeebiaeRTVCNIDa5KqFX6CRuC92SJC4ZrrDqv8JccIscgW8cgEnpYRm0pM\"}','123456789','http://bghfiletracks.com/logout','175.158.201.44','2017-11-14 20:44:13'),('14be3302-2174-4340-b6b2-53ba726a970e','created',8,'Modules\\Template\\Entities\\UserCredentials','[]','{\"emp_id\":\"20135845\",\"group_id\":2,\"is_approved\":1,\"isactive\":1}','2017','http://local.bghmc.com/administrator/register_account','127.0.0.1','2017-10-11 12:44:36'),('15721caa-85d3-4827-9458-c83383f1889e','updated',123456789,'Modules\\Template\\Entities\\UserCredentials','{\"remember_token\":\"TtNk5VFRK9MTKZZDetvSTnMaDFD5oo0OoN9HWdTZ6uYXHAVQ5eD31imHvdUe\"}','{\"remember_token\":\"QefIhRLtWfzWyS9KOWusg0OugK4xkUBXyYKzrwKqgvGXdgkinMzSA0qQ2Ipv\"}','123456789','http://local.bghmc.com/logout','127.0.0.1','2017-11-12 08:50:35'),('1580bb24-857f-4a95-87c7-43354fb854fb','updated',2017,'Modules\\Template\\Entities\\UserCredentials','{\"remember_token\":\"QGK9NCu7mVGuUNhopS53qmaGvpaOnS0dqC3lU6nKhmx3fCyPyCxj2WCFoxQ3\"}','{\"remember_token\":\"4jbYdR0UFGIvuydEnwu1xa1jvefxLJwQk05QhncI9BMFo2hVgB142aVTGjE4\"}','2017','http://localhost:8080/template/public/logout','::1','2017-09-22 03:35:46'),('15a4f8dd-a0a1-449b-8521-ef51e6b43e53','updated',123456789,'Modules\\Template\\Entities\\UserCredentials','{\"remember_token\":\"8N0e835DJ4RGaeR50ixbRVwuIXYqUwB5ntW3ysCdol07AYNyDQ7nVZug8Kds\"}','{\"remember_token\":\"eml4wiYgp1Ptp7N1GEHNlrSg27N6BHxrQ5nIvRQS37xFsUlIE27IIGRxXfwJ\"}','123456789','http://local.bghmc.com/logout','127.0.0.1','2018-01-12 14:35:03'),('15fbf17b-5502-4f32-a4ba-a8611062e352','updated',1,'Modules\\Template\\Entities\\UserCredentials','{\"remember_token\":\"cUnh3oh2oFCOz3geySWFMI5D5saN9z7AjsY6ScB6Sw2jMp11d91qiCNJenIo\"}','{\"remember_token\":\"FD9oZi4x2OYQcCsy32CRS0nCVTe5sDTHWgGfhVksLknPubMIsxmMIRjt8jWu\"}','1','http://local.bghmc.com/logout','127.0.0.1','2017-08-22 05:45:56'),('1646b346-aa2e-410a-a131-68a3755d62f6','updated',987654321,'Modules\\Template\\Entities\\UserCredentials','{\"remember_token\":null}','{\"remember_token\":\"aBjEpvulO1VMdazsY33bPvjQXOu4NeFgMl8svqWFGeMCna2EveMpxXYLCYZ9\"}','987654321','http://localhost:8000/logout','127.0.0.1','2017-10-15 11:17:53'),('168184c4-c095-4ebb-88c1-c9c16a6a6b3c','updated',14861986,'Modules\\Template\\Entities\\UserCredentials','{\"remember_token\":\"1G3OA4ZnjDoy6DMvGMfIOWKa5HqsTMXYDgWtIsOLk3AOyakd9M3il0AjHekY\"}','{\"remember_token\":\"AZyd4fAqmsYVVT5SnpwU4KPoo0QFjAn7jwBQz3B37yvxY51aZmQb6UPIUi9a\"}','14861986','http://bghfiletracks.com/logout','119.94.183.129','2017-11-27 09:11:36'),('16980339-605e-453c-91c6-dfc82258dc35','updated',2005,'Modules\\Template\\Entities\\UserCredentials','{\"isactive\":1}','{\"isactive\":0}','2017','http://local.bghmc.com/administrator/update_activity','127.0.0.1','2017-09-09 09:46:41'),('16b30a16-572f-4b95-9697-2d74a9727e0f','updated',987654321,'Modules\\Template\\Entities\\UserCredentials','{\"remember_token\":\"Pki9InACPhkfEKIafhzv5tvAWjy9eeSZCr9Gy04kuSdMZ48h2pIPxYptAZWv\"}','{\"remember_token\":\"QOWPIVYotBya3lROoGxsVqEBukvius9ClB3yiQV5bSqPcIUx1ooRjPH9FWSU\"}','987654321','http://bghfiletracks.com/logout','104.236.195.147','2017-11-26 16:03:35'),('1704ebfe-921c-4662-a268-f1c3a9cdde8b','updated',2017,'Modules\\Template\\Entities\\UserCredentials','{\"remember_token\":null}','{\"remember_token\":\"e8x9dcu130w6b2bPWelmKYMmtNnIdq16Vq1pYv7THClbV0JUZTdH7n18IK06\"}','2017','http://local.bghmc.com/logout','127.0.0.1','2017-09-09 09:49:06'),('172be731-5f5e-4f51-9078-524cc44589b3','updated',14861986,'Modules\\Template\\Entities\\UserCredentials','{\"remember_token\":\"tworM4w9Xlgy95m7ix3Esj5PSC4TI1tR5fOW2H58RWC1YsxeqlfldiQy3IPj\"}','{\"remember_token\":\"xrz03bMTk6EcB1c4cxMGplXnfcioT0S7mxes1toK6nPsnyqp3w0Ul0PUU5z3\"}','14861986','http://bghfiletracks.com/logout','66.249.82.185','2017-11-27 10:06:23'),('17428cf2-7490-422c-b369-9f43a04d4472','updated',20112987,'Modules\\Template\\Entities\\UserCredentials','{\"remember_token\":\"Aq0Zdjan6W1IbsWSxAOBOZnzOXsHBZhEpMtKmUzsaMoBMevidASYvhPjhpgd\"}','{\"remember_token\":\"Hfmu07MNPhKZrvDKCuP6sXuaaDynoPcm7lyCsOFtWgV60vqTDxuE5cDJzSPP\"}','20112987','http://bghfiletracks.com/logout','119.94.89.181','2017-11-14 21:28:12'),('17554597-8e43-42fe-9c02-c52481fc2431','updated',20135845,'Modules\\Template\\Entities\\UserCredentials','{\"isactive\":1}','{\"isactive\":0}','2017','http://local.bghmc.com/administrator/update_activity','127.0.0.1','2017-10-11 12:51:17'),('1760981b-da7d-4be9-92f8-46a013c73e8e','created',24,'Modules\\Template\\Entities\\UserCredentials','[]','{\"emp_id\":\"3000000\",\"group_id\":2,\"is_approved\":1,\"isactive\":1}','123456789','http://bghfiletracks.com/administrator/register_account','175.158.200.91','2017-11-27 15:59:17'),('1799ae5d-0f8d-44be-aec5-f60f016275ef','updated',2005,'Modules\\Template\\Entities\\UserCredentials','{\"isactive\":1}','{\"isactive\":0}','2017','http://local.bghmc.com/administrator/update_activity','127.0.0.1','2017-09-09 09:29:57'),('17e64b09-9f79-43b3-a918-b5d563fdb826','updated',14861986,'Modules\\Template\\Entities\\UserCredentials','{\"remember_token\":\"pTPvnmSYmLeVfPjOqy9YrkUtL0txXO3wFj6ec0hTSylZEfQuMcnWF2DLhnux\"}','{\"remember_token\":\"BOfuAWf0XvRlZ2EmoI3nBXAB80Xn4EZoOBuhaseo7b8fTujBQ2tdPyUazGe9\"}','14861986','http://bghfiletracks.com/logout','175.158.200.91','2017-11-27 15:34:23'),('187c72e9-724c-4104-91cf-a94ee757b3be','updated',20112987,'Modules\\Template\\Entities\\UserCredentials','{\"remember_token\":\"X9tFQi8JkAnR4mA8pdJwfQAIGvsW7Fm2HmHyF9UG4C6vkvkG7T7Nju1QOtZb\"}','{\"remember_token\":\"IcvTH6IVraJGdha7vu1MZmBEU42D6lLfaetX1E87WIYw5MYwTOTdnHeGCBwY\"}','20112987','http://bghfiletracks.com/logout','66.249.82.185','2017-11-26 19:11:45'),('1880afe4-e70a-422b-9d73-2f3d5fcb96de','updated',1,'Modules\\Template\\Entities\\UserCredentials','{\"remember_token\":\"6ZhtXIFn9MWlD7zzEW90pacpYcDw2n4nhOEM6EF2OTaRSSmi4WL5K8mGTU0t\"}','{\"remember_token\":\"FyIgNefF20pybE0oZKw7WvnXftyf7pfBTD2zn8XReCeA0vK46VcF7q3wHrt2\"}','1','http://local.bghmc.com/logout','127.0.0.1','2017-08-18 22:20:17'),('1997424b-6f9f-45f5-aa70-26ca35edc5f3','updated',14861986,'Modules\\Template\\Entities\\UserCredentials','{\"remember_token\":\"ncZwAElC0Z21BrkHdk0lBSVH6Gm211HT6AiVI52HRAnTY9Q7vtVwU3XGbIAk\"}','{\"remember_token\":\"LxwNvMFR5C4mBPtEcDbQpMPPK4wAmKEqMnQQgW0GuwnbFeQTNWFQfeqZRIbM\"}','14861986','http://bghfiletracks.com/logout','49.151.207.55','2017-11-14 06:02:17'),('19bc8754-5101-47ba-ab6c-23f5b76208c0','updated',987654321,'Modules\\Template\\Entities\\UserCredentials','{\"remember_token\":\"OOoKOvn5F29516S5UHHmMfH9K7wvCp3VtJTeM0gNLwCjjhVFOUTxzGJ5VSoP\"}','{\"remember_token\":\"r8NvdJPntXVYUMRuuft55OKfXaxA28LbOBt2YgTbvwgdcNXu8D0eh72n1ZJt\"}','987654321','http://bghfiletracks.com/logout','175.158.201.44','2017-11-14 18:51:01'),('19fe0721-05c2-47bc-b39f-19866a77d988','updated',20135845,'Modules\\Template\\Entities\\UserCredentials','{\"isactive\":1}','{\"isactive\":0}','2017','http://local.bghmc.com/administrator/update_activity','127.0.0.1','2017-10-11 12:54:40'),('1a3654f9-34d7-404b-9ec9-6b17ceeab23a','updated',2016,'Modules\\Template\\Entities\\UserCredentials','{\"remember_token\":null}','{\"remember_token\":\"o74kq41VGdYJkFGHs16RB5AgHQv6SICHnh5yyRhf9lkcwban1ym2wdnDIhe6\"}','2016','http://local.bghmc.com/logout','127.0.0.1','2017-09-01 01:03:15'),('1aaaa52f-3529-4be1-ad55-1810cee96eb4','updated',123456789,'Modules\\Template\\Entities\\UserCredentials','{\"remember_token\":\"VmHWwpVsIOKmI3bqvfPDEuGlYETNLfLolIgwqL0XC1nHiIQgMEwnCvoHn2aU\"}','{\"remember_token\":\"r901g943TyQxeecMxxzFoh18UmR32yQMNcd8iB2dgYPvcJ8r72Cj0mc7VDk6\"}','123456789','http://bghfiletracks.com/logout','104.131.19.173','2017-11-27 16:45:52'),('1bfa112b-f2e5-40dd-b606-0e7a6091b654','updated',1,'Modules\\Template\\Entities\\UserCredentials','{\"remember_token\":null}','{\"remember_token\":\"kB6tLDw2sXtFwiqPObVtdd0KsPU913gVich525cE7lnuc5j99S6MHM98dMY8\"}','1','http://localhost:8080/template/public/logout','::1','2017-01-31 22:33:39'),('1cb8db26-3677-4ee1-9b02-dc3a59e5d125','updated',2018,'Modules\\Template\\Entities\\UserCredentials','{\"isactive\":1}','{\"isactive\":0}','2017','http://local.bghmc.com/administrator/update_activity','127.0.0.1','2017-09-08 13:36:17'),('1ccd0f7c-c8d7-4e64-8b0d-240c9606862c','updated',2017,'Modules\\Template\\Entities\\UserCredentials','{\"remember_token\":\"j9ijRnMO21J8AnlELLh8H5Mm0jS1ykja56NawcjztDjFjKTraFeW5SFyxsSf\"}','{\"remember_token\":\"CwE0P58tjwEkEGS7W6a8ilW8SgTtEAoxPZP0ZBR22BwQVkyfv0eOW7oX89sQ\"}','2017','http://local.bghmc.com/logout','127.0.0.1','2017-10-13 12:42:06'),('1ce802f1-c869-49d3-a230-e26a395b4267','updated',1213,'Modules\\Template\\Entities\\UserCredentials','{\"isactive\":0}','{\"isactive\":1}','3013','http://local.bghmc.com/administrator/update_activity','127.0.0.1','2017-09-08 02:27:08'),('1ce9f949-a893-4029-b192-e1cff8bb4287','updated',1,'Modules\\Template\\Entities\\UserCredentials','{\"remember_token\":\"DIQxIXi6UvUazehJvLsIh4K4hPSmc3T2fObpOt5I9ZwQDuMKDeQJQOi4h8px\"}','{\"remember_token\":\"lGPLwlX6M68b39uNaUHZPzFMC7OrD4whp9lDBql7WnDcy7kkhwxps0hxaXjn\"}','1','http://local.bghmc.com/logout','127.0.0.1','2017-08-18 23:52:00'),('1d29f1b9-89b9-490b-9c2e-72032e7fe0de','updated',1000000,'Modules\\Template\\Entities\\UserCredentials','{\"remember_token\":\"L7tpoo076MuG3S9Odsol040R5PsCdmVbkpO8p1JA4AFRhJQqBxjnhFwmbbEs\"}','{\"remember_token\":\"ox4S1LaRdtmS0GX4oUISS3jZECIIoEetLjWSr9F7aT0gXr89YrirIEFuFM1O\"}','1000000','http://bghfiletracks.com/logout','175.158.200.91','2017-11-27 16:39:03'),('1d5d0bdb-42b4-4065-a149-cc9537fcb444','updated',2003,'Modules\\Template\\Entities\\UserCredentials','{\"remember_token\":\"e9aa5CgyMpwWFGS9UF1cKqEmZVp2JiNRLmQi8WpsNa3M8GVThJy9UHuJfJSZ\"}','{\"remember_token\":\"CSPcXNA3YQId6QGMDUxksVbU26A8xoUjQd2iZISv99rXrnkIlV7a1pxMXty2\"}','2003','http://local.bghmc.com/logout','127.0.0.1','2017-09-03 05:12:32'),('1dddb674-ed21-4b74-9843-fcb6e8d7d09d','updated',14861986,'Modules\\Template\\Entities\\UserCredentials','{\"remember_token\":\"bn6Zgfr2EhIlenwzff7w13ZlfTQS78ErI07U5YOdDYKjeq9gji0sQUuWmiOs\"}','{\"remember_token\":\"al3D9XhWdgaAqpD1FdcyCUkQCQSsGvUsBA3VMN5WkUXhVKleADnX3vTGQ9jh\"}','14861986','http://bghfiletracks.com/logout','119.94.183.129','2017-11-27 13:49:38'),('1e9afa09-ed53-4996-93c0-0f2e3f9cffb3','updated',987654,'Modules\\Template\\Entities\\UserCredentials','{\"remember_token\":\"xkHUsYcArCH6oOOgsSsYCWMlGyltDpKjebRhYbACJzKH0eq8lfXimM9xyHLZ\"}','{\"remember_token\":\"spZKn1t1dIs4ZCcGRehbVdeyHcS4iVNd1P15dr4fe6rWGbqyiVcLaoQPi1sD\"}','987654','http://bghfiletracks.com/logout','49.151.207.55','2017-11-13 23:51:28'),('1eb29ed5-892b-4d7f-91c9-104a6cfdd757','updated',1,'Modules\\Template\\Entities\\UserCredentials','{\"remember_token\":\"FD9oZi4x2OYQcCsy32CRS0nCVTe5sDTHWgGfhVksLknPubMIsxmMIRjt8jWu\"}','{\"remember_token\":\"azHaUbV3G25Fg6wrfRQhTHAbmJJYTdTCnKGOPwpYhF57ELFfY1rpO6Y9Ni0j\"}','1','http://local.bghmc.com/logout','127.0.0.1','2017-08-22 05:54:07'),('1ed62234-a8fd-4bef-8083-8d78683f9b2a','updated',123456789,'Modules\\Template\\Entities\\UserCredentials','{\"remember_token\":\"q9SqVw3F0FbiwFrNVQSIOtMwQA1fhP7P2l1fRAJdEmfXWLG7bCT35L0IQO5q\"}','{\"remember_token\":\"J9SYnFvbu9mDsNWX1qHcKvNENWLL9tUmOtNZp6UqLFHbAALaRZpV6lf5vYoq\"}','123456789','http://bghfiletracks.com/logout','175.158.200.92','2017-11-13 16:34:52'),('1edc63b3-5b9c-4a99-853f-f4cbc4b32a79','updated',58453321,'Modules\\Template\\Entities\\UserCredentials','{\"remember_token\":\"U0jQkI3yqgOnV00oKZlR3hIdgWf5NoPrYO9sIlKvH5HO1jFZuRrUXzToxp12\"}','{\"remember_token\":\"U1NKTZVYyVqEY7WK0dgOAYreapTEqgmzat8wJSfvxpjFxzc2nvJ1gVQnNhfP\"}','58453321','http://local.bghmc.com/logout','127.0.0.1','2018-01-31 16:48:20'),('1f066a9a-70ba-4913-b5dc-cbae3d5a7eb0','updated',20112987,'Modules\\Template\\Entities\\UserCredentials','{\"remember_token\":\"R3dn4TbgW3vz8u47A2yUnKhDxAaxBwogbESahgP8jrhObYnijjnSxgWd4Fzc\"}','{\"remember_token\":\"bQwcwMuV7OauDgnjKgVDQj8cvBy22LT8RXqalMJhVZwQTi3xRgwAT1pRT5aM\"}','20112987','http://bghfiletracks.com/logout','66.249.82.183','2017-11-22 11:01:10'),('1f07ec44-f2af-4622-9bbb-c2bb4ba919e5','updated',123456789,'Modules\\Template\\Entities\\UserCredentials','{\"remember_token\":\"xRV7OUqzNIyCm0iXSc3WlWppl3DlqC5alK5wqaKbN7acxVIRzp5xAlHsHrxj\"}','{\"remember_token\":\"Kmi0Vis2bRmusa6tw4ouBdb9rBak776fzImhKm45sAKkamDgDbsjTFjdAdnk\"}','123456789','http://bghfiletracks.com/logout','175.158.200.91','2017-11-27 19:31:53'),('1f0a2b97-4fd8-4f3b-9675-805b0b4651e3','created',7,'Modules\\Template\\Entities\\UserCredentials','[]','{\"emp_id\":\"2200222\",\"group_id\":2,\"is_approved\":1,\"isactive\":1}','2017','http://localhost:8080/template/public/administrator/register_account','::1','2017-09-20 12:41:07'),('1f23ae84-c616-4a00-ba9a-ef29cd39cf89','updated',2005,'Modules\\Template\\Entities\\UserCredentials','{\"isactive\":1}','{\"isactive\":0}','2017','http://local.bghmc.com/administrator/update_activity','127.0.0.1','2017-09-09 09:40:39'),('1f5d2bea-b588-4ff6-b551-74e2e16da258','updated',20112987,'Modules\\Template\\Entities\\UserCredentials','{\"remember_token\":\"yHPNVvmS4VRL7acQDU7FgxgtAMb79G3wnF59xYDbGg8xXYfay8sISCkiBGFq\"}','{\"remember_token\":\"x1rqjLwvKNviFxPkut4wSJ886fsLcrt5k3qAfBBKh17jxqJqmR01KWVJzsUZ\"}','20112987','http://bghfiletracks.com/logout','104.131.176.234','2017-11-27 08:03:46'),('1f9c5a46-e8e9-46a7-a5dd-2bb787e8212b','updated',123456789,'Modules\\Template\\Entities\\UserCredentials','{\"remember_token\":\"dh1qXOhNbTsQajzgiVB0OCwO3NhnW48sUK65L3EJADj1BBgXFQ0bZJFhugwy\"}','{\"remember_token\":\"1Mf0Ofrc4dIwUl0tjCXyDrXQfpnlWOiqb0fO2PqmgT7fZZuQPxmmnLNmbHcy\"}','123456789','http://bghfiletracks.com/logout','119.94.183.129','2017-11-27 13:43:30'),('1fbe602c-fdef-4995-bde4-52de0a994998','updated',123456789,'Modules\\Template\\Entities\\UserCredentials','{\"remember_token\":\"T2zBylmMF8V1Rvp4cfxzmcRyB5DMnRiqqMIqnG6Bb85IWmneDxyCUluY9WHe\"}','{\"remember_token\":\"coLVAkckJnJyGU629LEXyplAdrcGZZT5YdCYSP7UI5JzF8vl24iAndfdxIGl\"}','123456789','http://bghfiletracks.com/logout','175.158.200.91','2017-11-27 16:40:13'),('1fcbd51c-7f55-4503-b132-d078ea17a491','updated',123456789,'Modules\\Template\\Entities\\UserCredentials','{\"remember_token\":\"QazmwWXsatkUUObvCJ75EIxwCXTedZeb0Wuy7UMgJqZXSF9yYg8eOAWFXObT\"}','{\"remember_token\":\"CA6DVK3SbyMlvIxTEGsG0rqqD3i1suztbTv4BfJN1Tdgt6fZjvKdzRjLUntC\"}','123456789','http://bghfiletracks.com/logout','66.249.82.181','2017-11-14 04:32:09'),('1fe1fe04-6bd7-4d84-b650-353803b6c125','created',15,'Modules\\Template\\Entities\\UserCredentials','[]','{\"emp_id\":\"2004\",\"group_id\":2,\"is_approved\":1,\"isactive\":1}','2017','http://local.bghmc.com/administrator/register_account','127.0.0.1','2017-09-09 08:46:39'),('20896059-02dd-4566-8df6-e1af91f09e70','updated',20135845,'Modules\\Template\\Entities\\UserCredentials','{\"remember_token\":\"b9gabQ3YfVtnEri8tLwXMPXWdMVTwH5PjBe9pDCGYwyu4kNUggvaSi1ADcG3\"}','{\"remember_token\":\"nD0BOPIQlbKlLN7w9cS6hSMZWj1boyglo5ZUK8sEaZwlBR2vZjCe7gIsqfaz\"}','20135845','http://bghfiletracks.com/logout','49.151.207.15','2017-11-14 06:17:10'),('20d0fe23-1581-495d-b388-330e9fac9b2f','updated',1010102,'Modules\\Template\\Entities\\UserCredentials','{\"remember_token\":null}','{\"remember_token\":\"iNT7KjLueexckMV3TziGVrYDcuSpG4rBQ5hB62eeeWGU5rjXM8It1ENQDSs7\"}','1010102','http://bghfiletracks.com/logout','66.249.82.185','2017-11-26 15:07:59'),('21700a1c-0587-457d-9702-c6a05588b767','created',3,'Modules\\Template\\Entities\\UserCredentials','[]','{\"emp_id\":\"20122642\",\"group_id\":0,\"is_approved\":1}','1','http://local.bghmc.com/administrator/registerpersonnel','127.0.0.1','2017-08-22 05:45:42'),('21e153c1-a046-4fe6-90ba-0d073306cc3d','updated',2015,'Modules\\Template\\Entities\\UserCredentials','{\"remember_token\":null}','{\"remember_token\":\"YqdWT3FOdUc4DErlvK28VgFhy0WGg8GEwrgW5mWfgka7VDqygrJsVKW4f4iJ\"}','2015','http://local.bghmc.com/logout','127.0.0.1','2017-10-14 10:20:56'),('21ee0c0a-b01a-4ad7-9ff2-3d6a056b3178','created',3,'Modules\\Template\\Entities\\UserCredentials','[]','{\"emp_id\":\"20138426\",\"group_id\":2,\"is_approved\":1,\"isactive\":1}','2017','http://localhost:8080/template/public/administrator/register_account','::1','2017-09-19 00:53:10'),('229f262f-1729-474c-b986-74d0d4f76aaa','created',3,'Modules\\Template\\Entities\\UserCredentials','[]','{\"emp_id\":\"2013\",\"group_id\":2,\"is_approved\":1,\"isactive\":1}','2017','http://local.bghmc.com/administrator/register_account','127.0.0.1','2017-10-12 12:27:27'),('2334dc36-3809-4a16-a5bb-022ac8f4c910','updated',20135845,'Modules\\Template\\Entities\\UserCredentials','{\"remember_token\":\"SGHhYMmhFIbH2Sx6chXrgcDCI5NE0Vjj2lPfO9UedHgwGo2ZCsMy9QY4q0kT\"}','{\"remember_token\":\"3FQtjTiYkLiB4ODHiWkCWplW0iw69nq6spdylINDcKSRNbezlr8UniRdq0n4\"}','20135845','http://local.bghmc.com/logout','127.0.0.1','2018-01-12 14:12:48'),('238d8c91-ec03-496d-b4a0-c022ba4cd186','created',13,'Modules\\Template\\Entities\\UserCredentials','[]','{\"emp_id\":\"20135555\",\"group_id\":1,\"is_approved\":1}','1','http://local.bghmc.com/administrator/register_account','127.0.0.1','2017-08-26 06:13:58'),('23fbb582-20cd-4c61-8709-f7776f7aad2c','created',4,'Modules\\Template\\Entities\\UserCredentials','[]','{\"emp_id\":\"4999\",\"group_id\":2,\"is_approved\":1,\"isactive\":1}','2003','http://localhost:8000/administrator/register_account','127.0.0.1','2017-08-27 07:05:46'),('2476b6f2-00b6-43b5-9324-f805c443e18f','updated',123456789,'Modules\\Template\\Entities\\UserCredentials','{\"remember_token\":\"D7KivNjICbCsdTb1AwKCn8TBpQQXpNSKqRNnPPxOaOSQ82mav6DIFR5oSD0R\"}','{\"remember_token\":\"TtNk5VFRK9MTKZZDetvSTnMaDFD5oo0OoN9HWdTZ6uYXHAVQ5eD31imHvdUe\"}','123456789','http://localhost:8000/logout','127.0.0.1','2017-11-11 18:13:53'),('249dc80e-6d0b-4d45-8736-96c555216fe6','updated',1213,'Modules\\Template\\Entities\\UserCredentials','{\"isactive\":0}','{\"isactive\":1}','3013','http://local.bghmc.com/administrator/update_activity','127.0.0.1','2017-09-08 02:40:04'),('24d258cc-6193-4c02-bb78-c2d149bcd3ec','created',29,'Modules\\Template\\Entities\\UserCredentials','[]','{\"emp_id\":\"8000000\",\"group_id\":2,\"is_approved\":1,\"isactive\":1}','123456789','http://bghfiletracks.com/administrator/register_account','175.158.200.91','2017-11-27 16:01:41'),('25005429-9d63-4312-8926-22a1e346acd8','created',11,'Modules\\Template\\Entities\\UserCredentials','[]','{\"emp_id\":\"3333\",\"group_id\":1,\"is_approved\":1,\"isactive\":1}','2003','http://local.bghmc.com/administrator/register_account','127.0.0.1','2017-09-01 01:06:09'),('2549834e-2159-4db5-91f4-ac300e9492c9','updated',14861986,'Modules\\Template\\Entities\\UserCredentials','{\"remember_token\":\"dwLz02x7EjeLPYWkPco8uwJPicUq2xbCCXdZFGhWZTQLxTKra3zBTXbNKSl4\"}','{\"remember_token\":\"VRHkmNWiFO3wGjkXEYJiK0tvid2VjTmJVwwYh1S3xYWjxH6sfPMZyUdRVREp\"}','14861986','http://bghfiletracks.com/logout','49.151.207.55','2017-11-14 05:30:07'),('25d06b27-2464-4610-8568-809e778a741a','created',3,'Modules\\Template\\Entities\\UserCredentials','[]','{\"emp_id\":\"123451234\",\"group_id\":2,\"is_approved\":1,\"isactive\":1}','123456789','http://localhost:8000/administrator/register_account','127.0.0.1','2017-10-15 11:19:38'),('25d77f6d-b46c-45d2-a633-bf0158d19e6e','updated',20112987,'Modules\\Template\\Entities\\UserCredentials','{\"isactive\":\"0\"}','{\"isactive\":1}','123456789','http://bghfiletracks.com/administrator/update_activity','112.200.197.167','2017-11-22 00:58:18'),('266a4c69-c40e-4dc8-9034-7fa06913e3b6','updated',123456789,'Modules\\Template\\Entities\\UserCredentials','{\"remember_token\":\"OSAEQOB8YiQxvWQvXueAUuJZ5LWoo3ALgZGN6npg71fl2trfv7yUQMosHMcq\"}','{\"remember_token\":\"9pi5efmUUhauY8spHSbgynsMa1lSkTLmv22HR0y7eLJdU3kPY4OAW07GqeBX\"}','123456789','http://bghfiletracks.com/logout','121.96.170.68','2017-11-14 20:02:29'),('26863533-e5a4-43a3-be9b-de57d50f9e2c','updated',987654321,'Modules\\Template\\Entities\\UserCredentials','{\"remember_token\":\"unSN7TyXrd66wWILaeEaRRV6T3ELvn3nkWgBtLBT0EIxVpZizrwRZs7X4vSo\"}','{\"remember_token\":\"3ObShgpEkFpxWtC6xYow92WARFPYulwp3ewQJYt7hYJv1LcxwFz2M3dAYjqE\"}','987654321','http://bghfiletracks.com/logout','49.151.207.15','2017-11-14 06:02:26'),('284d5d4d-b01b-4e1e-8b84-b74e20ab75b5','updated',123456789,'Modules\\Template\\Entities\\UserCredentials','{\"remember_token\":\"lKpZETRsnU6UFk7k8mqdlHxHQ4snIG687H9mBESLwmQ5enEa8w1PZHGECQJl\"}','{\"remember_token\":\"jllsq4G1foTMvS6ssZ57DY6Pi6RKHtiYoU0ThORUmqJzg14gymkqNrnu9f4k\"}','123456789','http://localhost:8000/logout','127.0.0.1','2017-11-09 14:40:17'),('28b708eb-689e-401d-bacf-f7688cc34434','updated',2017,'Modules\\Template\\Entities\\UserCredentials','{\"remember_token\":\"1tvuJFCPbxHCOpGvcYNRmV8N1gFgm4uirLRBRSG6w6ci4heonFpKERc2M3xC\"}','{\"remember_token\":\"SluQG1ybtCMjUIbQDuVeoUfbHezhn2D1tlOW3f1SF1tJgBKVamLROrItWV02\"}','2017','http://local.bghmc.com/logout','127.0.0.1','2017-10-13 12:27:08'),('28ce8a06-70f2-4b88-a092-763583b46b65','updated',987654,'Modules\\Template\\Entities\\UserCredentials','{\"remember_token\":null}','{\"remember_token\":\"xkHUsYcArCH6oOOgsSsYCWMlGyltDpKjebRhYbACJzKH0eq8lfXimM9xyHLZ\"}','987654','http://bghfiletracks.com/logout','175.158.200.210','2017-11-13 17:49:03'),('28cff389-586f-44ff-afd8-2484a8fdaff0','updated',123456789,'Modules\\Template\\Entities\\UserCredentials','{\"remember_token\":\"bdGBrmVX9M7c0ZsmEaXN1KeX6R6lxj8Duw8xKZlTwkA8vtVwoVbUXYJ7b7A4\"}','{\"remember_token\":\"xgE9XVMC23JZRg9It1n2mIBSbwqMoiuIidt7zrfYqBNNMxgkYcSwZChC1Imu\"}','123456789','http://bghfiletracks.com/logout','121.96.170.68','2017-11-14 18:24:19'),('28ead907-b628-4696-aa64-838186082803','updated',987654321,'Modules\\Template\\Entities\\UserCredentials','{\"remember_token\":\"8CkqpSZFBNXCbZCtBxlaZcs7FmRbgw3JiVqlYxenCtX9ZEaDoxS6AzbbilwE\"}','{\"remember_token\":\"BDlf51DvTxhXVnwiIdkIEFmHiIC42gc00llSf9lZM4HJ5xUm0fFVndsF8WAV\"}','987654321','http://bghfiletracks.com/logout','104.131.176.234','2017-11-27 07:54:15'),('295d63e5-8007-4ea7-9f29-2b8e22a3d5f4','updated',20112987,'Modules\\Template\\Entities\\UserCredentials','{\"remember_token\":\"sWsnMELzrghP9qVRVfXCBnm3vwYGiHYRKFQcCq6D5e7Qj2KEmgTss5kPcYFc\"}','{\"remember_token\":\"CTvnbc4c1m8W9zPYw3vfJIn2EBkdkBYvgKi3ZPmjQRdzyv44vZcvCdtyqt17\"}','20112987','http://bghfiletracks.com/logout','121.96.170.68','2017-11-14 18:18:00'),('295e0341-9e41-496e-b092-0f9e7695d739','updated',14861986,'Modules\\Template\\Entities\\UserCredentials','{\"remember_token\":\"xrz03bMTk6EcB1c4cxMGplXnfcioT0S7mxes1toK6nPsnyqp3w0Ul0PUU5z3\"}','{\"remember_token\":\"Y1iu6Tn2ECBkFmSp19K6xebbE7BqANcqvvqaZsI5DYC3J6ewf5gsn0x5FIla\"}','14861986','http://bghfiletracks.com/logout','119.94.183.129','2017-11-27 13:23:43'),('296fbbcd-6cf3-4a66-a736-fdf1f5ac7128','updated',12345678,'Modules\\Template\\Entities\\UserCredentials','{\"remember_token\":null}','{\"remember_token\":\"Qa4c5u3coJ8jpBozRDmKcCq85taD8Rw3OnuzEK2QHTeyWa93KqrFA535UsFD\"}','12345678','http://bghfiletracks.com/logout','175.158.200.210','2017-11-13 18:53:39'),('29dc672e-f761-496f-b029-60d1aa65f30d','created',33,'Modules\\Template\\Entities\\UserCredentials','[]','{\"emp_id\":\"58453321\",\"group_id\":2,\"is_approved\":1,\"isactive\":1}','123456789','http://local.bghmc.com/administrator/register_account','127.0.0.1','2018-01-31 13:18:12'),('2ab72ae8-8e2a-4a44-ae6b-3f6c7caa01a8','updated',123456789,'Modules\\Template\\Entities\\UserCredentials','{\"remember_token\":\"J9SYnFvbu9mDsNWX1qHcKvNENWLL9tUmOtNZp6UqLFHbAALaRZpV6lf5vYoq\"}','{\"remember_token\":\"2GOXvjce0gFjBXDTLghTwsvS2egJuv74pNpIQnsWplxc15MOVFmDIEet8Li2\"}','123456789','http://bghfiletracks.com/logout','49.151.207.15','2017-11-14 04:19:26'),('2b61b747-23f2-45e6-9013-4d8df7586126','updated',123456789,'Modules\\Template\\Entities\\UserCredentials','{\"remember_token\":\"aSGnEYVF3ADVqtMJRiYI4BAnkDNUEGhzeD6TIqphxEgD46xRJB6oTvaU60ul\"}','{\"remember_token\":\"I70poJcPslLntbnB2q8ip6ltE9gzOhMEN7OodlxoWTsKq93e1XLJxjuV1G0k\"}','123456789','http://bghfiletracks.com/logout','66.249.82.185','2017-11-24 00:48:07'),('2b84b95f-559d-4149-9a4e-70ee6a383bdd','updated',1000000,'Modules\\Template\\Entities\\UserCredentials','{\"isactive\":\"0\"}','{\"isactive\":1}','123456789','http://bghfiletracks.com/administrator/update_activity','175.158.200.86','2017-11-29 18:51:06'),('2bd31a3f-dc47-41b5-b529-bb18614c1613','updated',20100909,'Modules\\Template\\Entities\\UserCredentials','{\"remember_token\":\"EFhEdwl7Z9AEBBCQLuB4nfviVUHm8IJ8btlKONraif1D0ScRKmm2fqDqdNty\"}','{\"remember_token\":\"3spmUcOwNLgIVFcsEiLs0YD354vHJcbNrl63LdE6EO7Eaa5mmnxIVlOgbLcW\"}','20100909','http://bghfiletracks.com/logout','119.94.89.181','2017-11-14 21:20:51'),('2ce3a6f1-b535-4f85-b957-54e5bd9add1a','updated',6000000,'Modules\\Template\\Entities\\UserCredentials','{\"isactive\":1}','{\"isactive\":0}','123456789','http://local.bghmc.com/administrator/update_activity','127.0.0.1','2018-01-12 14:01:53'),('2d406e78-3d25-4bf8-82f3-95b9a1776960','created',11,'Modules\\Template\\Entities\\UserCredentials','[]','{\"emp_id\":\"2011\",\"group_id\":2,\"is_approved\":1,\"isactive\":1}','2016','http://local.bghmc.com/administrator/register_account','127.0.0.1','2017-09-08 14:00:03'),('2d59d63e-5b21-4854-b4f2-00fecb3eaeb0','updated',1000000,'Modules\\Template\\Entities\\UserCredentials','{\"remember_token\":\"vbE3lJNoHKyK8ZVwPKHsK0UhOnAlyZus0Q317uJ51AlGQ9jiPhcZi7h7jAVx\"}','{\"remember_token\":\"MhWCFaLoc9PdyVNmOpSxqQ6zObbX6sWw2nGnwXsik17FnjiLfVlGwarTyOhW\"}','1000000','http://bghfiletracks.com/logout','175.158.200.91','2017-11-27 19:29:17'),('2de5cd07-6aa3-47ed-ae83-d082b893a9e5','updated',2019,'Modules\\Template\\Entities\\UserCredentials','{\"isactive\":1}','{\"isactive\":0}','2017','http://localhost:8080/template/public/administrator/update_activity','::1','2017-09-19 14:18:43'),('2ded554b-2395-4667-a37b-5114864d74e6','updated',20112987,'Modules\\Template\\Entities\\UserCredentials','{\"remember_token\":\"B15eGKtap727FUsdQjXLMemQg7dVymw7cnyrNPJqEIumQPMMdx6pKBMB1dUG\"}','{\"remember_token\":\"sWsnMELzrghP9qVRVfXCBnm3vwYGiHYRKFQcCq6D5e7Qj2KEmgTss5kPcYFc\"}','20112987','http://bghfiletracks.com/logout','66.249.82.185','2017-11-14 12:41:46'),('2e5386de-db7d-4457-a2ce-76b49b7002ba','updated',2200222,'Modules\\Template\\Entities\\UserCredentials','{\"isactive\":1}','{\"isactive\":0}','2017','http://localhost:8080/template/public/administrator/update_activity','::1','2017-09-22 03:27:39'),('2f55d693-75f4-4c62-8c22-65b0055109b8','updated',3000000,'Modules\\Template\\Entities\\UserCredentials','{\"remember_token\":\"DTL68IE2zs8qwOXwY5qdT7F9jXEus7M6KRY8rkZlSkngtZuLVspIu8mnfC3Y\"}','{\"remember_token\":\"4N3T4exleo2CgWarTwBw6wQU4U5BSY28Ha4C6g3HOpKo97FK661TsJyYasgN\"}','3000000','http://bghfiletracks.com/logout','175.158.200.86','2017-11-29 18:49:17'),('2f6df809-57d5-4fdb-83b5-86b4e1460120','updated',2017,'Modules\\Template\\Entities\\UserCredentials','{\"remember_token\":\"DClcfwCkw5PrVDlear3aaegLgf5zFicpRbWbgIuwIKQQ4pfbSBn4Lpjmg5XT\"}','{\"remember_token\":\"0jmEDVJ3NsQcHflG4FGfdyv9dQuUj013pJlyWoXKt2evPIf7MTCQkfmJO3qq\"}','2017','http://localhost:8080/template/public/logout','::1','2017-09-22 03:29:11'),('2f99e15d-77ef-4e83-a690-57bbe1a8b9e7','updated',2015,'Modules\\Template\\Entities\\UserCredentials','{\"remember_token\":null}','{\"remember_token\":\"Esa4G5vAanThaDLEvUV6Bm8uskuboqQoCgEE8DWqeIbIYTdUXqQaJBRLsIbg\"}','2015','http://local.bghmc.com/logout','127.0.0.1','2017-10-14 12:19:19'),('2ff8422b-526f-4ba4-bcda-7756b462dbcd','created',13,'Modules\\Template\\Entities\\UserCredentials','[]','{\"emp_id\":\"5555\",\"group_id\":1,\"is_approved\":1,\"isactive\":1}','2003','http://local.bghmc.com/administrator/register_account','127.0.0.1','2017-09-02 23:38:46'),('30c87d52-e6e0-40e9-a3a2-0d9ba0263e52','updated',987654321,'Modules\\Template\\Entities\\UserCredentials','{\"remember_token\":\"N626GcZUbaODW180brUbz7AHHDX32HCMEHWpCZ2gpkw1NXKGXhqllnBOpcJI\"}','{\"remember_token\":\"FOjMKYTHFMJIAJjVvvg1pZUUOL42apSG0J1M0IQJqevI4KPoMD6kfCfBYbQp\"}','987654321','http://bghfiletracks.com/logout','49.151.215.148','2017-11-24 08:33:44'),('32885e7b-e323-4043-8454-627999f55e52','updated',2,'Modules\\Template\\Entities\\UserCredentials','{\"remember_token\":null}','{\"remember_token\":\"kd1PZ8y2WmZ7feIxnGSg2hOkwrNBZrugdzINgutUXNNPw07CLEdatpLD8kc2\"}','2','http://localhost:8080/template/public/logout','::1','2017-01-31 23:01:18'),('3290c831-760b-48f4-bc5a-fa6d3cf3d5ee','updated',20112987,'Modules\\Template\\Entities\\UserCredentials','{\"remember_token\":null}','{\"remember_token\":\"Bvp3UKvA9Iig13KS8uYyl7TAbgS8n78wqBdHj0bM23lAU15es4YolU7TTdsI\"}','20112987','http://bghfiletracks.com/logout','66.249.82.185','2017-11-13 04:50:34'),('32cd2291-2828-4cd8-90a0-74269b7a55b4','updated',987654321,'Modules\\Template\\Entities\\UserCredentials','{\"remember_token\":\"r8NvdJPntXVYUMRuuft55OKfXaxA28LbOBt2YgTbvwgdcNXu8D0eh72n1ZJt\"}','{\"remember_token\":\"g5QkwFsETjuCZMcYKEMO5P8EoAvqkNhctXpL041kbwpiKz6Fr36bGU5LwnwW\"}','987654321','http://bghfiletracks.com/logout','175.158.201.44','2017-11-14 20:45:32'),('337867ea-3f54-41f3-9b7d-0d2aaefc0da6','updated',2005,'Modules\\Template\\Entities\\UserCredentials','{\"isactive\":0}','{\"isactive\":1}','2017','http://local.bghmc.com/administrator/update_activity','127.0.0.1','2017-09-09 09:47:03'),('33ac5b94-4cef-47b7-8372-fee08015c09b','updated',1213,'Modules\\Template\\Entities\\UserCredentials','{\"isactive\":1}','{\"isactive\":0}','3013','http://local.bghmc.com/administrator/update_activity','127.0.0.1','2017-09-08 02:26:29'),('343b854c-25be-48c3-91d0-de67e739bc8f','updated',2013,'Modules\\Template\\Entities\\UserCredentials','{\"remember_token\":\"lVNqPjqXPucJPpjnNWjZzvpY1C6ieEfy1MWM7OihCsJX9TjOy7H5Q5SY9AgH\"}','{\"remember_token\":\"TCXqRETIOnrCcW7nYTWnEFReFBh78pytfWr1PfHVNqoBPZ2VAeZckBNbMcY6\"}','2013','http://local.bghmc.com/logout','127.0.0.1','2017-10-14 12:52:20'),('34bb29ed-56cd-499e-8ff8-bc543018bbd4','created',6,'Modules\\Template\\Entities\\UserCredentials','[]','{\"emp_id\":\"20135160\",\"group_id\":2,\"is_approved\":1}','1','http://local.bghmc.com/administrator/registerpersonnel','127.0.0.1','2017-08-22 20:48:40'),('34da5190-4928-41a2-86ca-468674d583fe','updated',20135845,'Modules\\Template\\Entities\\UserCredentials','{\"remember_token\":\"YVHk80fMZDJzsrgXxIfiC8RlzytWrJjyYJQnIHcHcLssvg0TBg6CzmECuYNo\"}','{\"remember_token\":\"qFXMaLXItstXeZ0a4ymikoXHOxQeuVoXxSKzpeZ1X0wP9cOWvibMalWZah1u\"}','20135845','http://bghfiletracks.com/logout','49.151.207.15','2017-11-14 05:50:58'),('3508fa79-eca0-47d0-a202-44c158de7328','updated',14861986,'Modules\\Template\\Entities\\UserCredentials','{\"remember_token\":\"JGMLSx1zqxg589CvLxqj0Hy0pKE27FpwxKa43pOCJUAVfLl49GLpz1PcqSle\"}','{\"remember_token\":\"XNqEQ5YFOCGnEjfwFmRm6qhMcQf9OulxzMm6nfymOINRX3TnVsRBYnwG0d3c\"}','14861986','http://bghfiletracks.com/logout','119.94.183.129','2017-11-27 08:15:49'),('354647ca-f8bf-4ead-92cd-4cba1e206314','created',3,'Modules\\Template\\Entities\\UserCredentials','[]','{\"emp_id\":\"2016\",\"group_id\":1,\"is_approved\":1,\"isactive\":1}','2017','http://local.bghmc.com/administrator/register_account','127.0.0.1','2017-09-09 08:53:44'),('3547d4bb-754a-470c-a645-4c3d459d155d','updated',123456789,'Modules\\Template\\Entities\\UserCredentials','{\"remember_token\":\"coLVAkckJnJyGU629LEXyplAdrcGZZT5YdCYSP7UI5JzF8vl24iAndfdxIGl\"}','{\"remember_token\":\"VmHWwpVsIOKmI3bqvfPDEuGlYETNLfLolIgwqL0XC1nHiIQgMEwnCvoHn2aU\"}','123456789','http://bghfiletracks.com/logout','175.158.200.91','2017-11-27 16:44:57'),('35be22f5-2a5e-4bd4-b652-7dcaca55a75e','created',4,'Modules\\Template\\Entities\\UserCredentials','[]','{\"emp_id\":\"2015\",\"group_id\":1,\"is_approved\":1,\"isactive\":1}','2017','http://local.bghmc.com/administrator/register_account','127.0.0.1','2017-09-09 08:54:46'),('35c34c64-f6ff-40f1-917b-434bfc3a09ec','updated',2017,'Modules\\Template\\Entities\\UserCredentials','{\"remember_token\":null}','{\"remember_token\":\"Ka7KYHHybygzDgK58Z1x63SHXHC9pR5dY0txPMRUFwOYP2TvTXhUboy5fh2C\"}','2017','http://localhost:8080/template/public/logout','::1','2017-09-19 00:46:38'),('360677a6-5ce4-4996-849f-46b778569248','updated',123456789,'Modules\\Template\\Entities\\UserCredentials','{\"remember_token\":\"bpeKaP9YGuzZYDwlsL8LNih2pclI3xNv0B6U58yTwajhtpbYUXdwq2JRAEbH\"}','{\"remember_token\":\"q9SqVw3F0FbiwFrNVQSIOtMwQA1fhP7P2l1fRAJdEmfXWLG7bCT35L0IQO5q\"}','123456789','http://bghfiletracks.com/logout','66.249.82.181','2017-11-13 15:38:52'),('3616b481-83f2-4e83-9069-8c6ecbb3819d','updated',14861986,'Modules\\Template\\Entities\\UserCredentials','{\"remember_token\":\"VRHkmNWiFO3wGjkXEYJiK0tvid2VjTmJVwwYh1S3xYWjxH6sfPMZyUdRVREp\"}','{\"remember_token\":\"V2zuvQrf6ObYGdisPvEmcSXJxjNTzKo85vuitVXq6ycLNHnZaT0jVQhylHDq\"}','14861986','http://bghfiletracks.com/logout','49.151.207.55','2017-11-14 05:42:43'),('36386d2a-bab8-4f6c-b794-11f51e5a0943','updated',20112987,'Modules\\Template\\Entities\\UserCredentials','{\"remember_token\":\"bQwcwMuV7OauDgnjKgVDQj8cvBy22LT8RXqalMJhVZwQTi3xRgwAT1pRT5aM\"}','{\"remember_token\":\"bbLcXVxsjODv7wB62LBw5V0g5FO0aNrYrHhG7fFICLJppw9KZBZiexEcW5pQ\"}','20112987','http://bghfiletracks.com/logout','66.249.82.181','2017-11-22 12:03:32'),('36615034-27f4-4394-8ef2-cf737ab60d66','updated',14861986,'Modules\\Template\\Entities\\UserCredentials','{\"remember_token\":\"HPAWM57kOzoPnEmLxacFLL9lb5GMGNpGOD3BxUGUZEBDDFBVU2YGEBBvWKpR\"}','{\"remember_token\":\"y8c6tF0G81sY0MnGj7DwbNTax3adUaLZGiNejoFuo1Ho08MiRFUGL3KNjB1g\"}','14861986','http://bghfiletracks.com/logout','49.151.215.148','2017-11-24 08:46:31'),('3665cf47-ecd4-4df1-bcb0-d9283990241f','created',6,'Modules\\Template\\Entities\\UserCredentials','[]','{\"emp_id\":\"1110011\",\"group_id\":2,\"is_approved\":1,\"isactive\":1}','2017','http://localhost:8080/template/public/administrator/register_account','::1','2017-09-20 11:26:15'),('369d2b7d-68e7-4dc0-8f0b-391f80b8d992','created',6,'Modules\\Template\\Entities\\UserCredentials','[]','{\"emp_id\":\"12131415\",\"group_id\":1,\"is_approved\":1,\"isactive\":1}','3013','http://local.bghmc.com/administrator/register_account','127.0.0.1','2017-09-08 13:05:06'),('36dff3ac-d03b-4b21-a24d-ae858013f5b8','updated',123456789,'Modules\\Template\\Entities\\UserCredentials','{\"remember_token\":\"vICX41l7BAhYxHY3iwOL8IoldwyG3Pmu1p11VczKx7mv7kUxIpNCex61CYIG\"}','{\"remember_token\":\"oR5OoSTYsYFvsAs7swdP93Fqc30i2thqvU2peGf5lNhlEOJME9rtgabtixDY\"}','123456789','http://bghfiletracks.com/logout','119.94.183.129','2017-11-27 08:19:24'),('379abb86-3c5a-4540-a21e-fe3c1ec88cf2','updated',123456789,'Modules\\Template\\Entities\\UserCredentials','{\"remember_token\":\"zaj3FX6wncRIVV1QiDeHRIjIDrjNYCDfpPFoNEsENC9GSmnq39mbvCWfFvB3\"}','{\"remember_token\":\"xprHJ4Yapzmj1lIHHB1y7CVwcq99YGx1OlFtlySfvQNxJvw4WBTS8WW0kmzX\"}','123456789','http://bghfiletracks.com/logout','66.249.82.181','2017-11-26 19:10:51'),('38cceeef-4ece-405a-9dee-75de20042433','updated',123456789,'Modules\\Template\\Entities\\UserCredentials','{\"remember_token\":\"ZDNCqnZXTMlEjsklYHBrsJRDXo7DermrUcgQ71lyO00IOSzd3ssKnATd45gz\"}','{\"remember_token\":\"FuYRmlFv595Su5dfbcgzggB3qip5Y5Jy8eX5JArqk1jjuw8EzGWVD2PMWKHc\"}','123456789','http://bghfiletracks.com/logout','175.158.200.86','2017-11-29 19:54:58'),('38eedbbe-97b1-4be3-832e-68e350b8a02d','updated',2005,'Modules\\Template\\Entities\\UserCredentials','{\"remember_token\":null}','{\"remember_token\":\"PJkX9E60ZS1QRtVxeCpLLSiw0Bl1Wug9bveoZMaFw5E98WEBFYFTwcYpY4Jc\"}','2005','http://local.bghmc.com/logout','127.0.0.1','2017-09-09 09:51:00'),('39034f2d-f908-46a5-9430-e00a396f1ec1','updated',2007,'Modules\\Template\\Entities\\UserCredentials','{\"isactive\":0}','{\"isactive\":1}','2017','http://local.bghmc.com/administrator/update_activity','127.0.0.1','2017-09-09 10:54:50'),('396996b1-6a0e-4325-a748-4c9d8b65eba9','created',12,'Modules\\Template\\Entities\\UserCredentials','[]','{\"emp_id\":\"2007\",\"group_id\":1,\"is_approved\":1,\"isactive\":1}','2017','http://local.bghmc.com/administrator/register_account','127.0.0.1','2017-09-09 08:39:33'),('39bc948a-14f5-4365-99f9-444877978b2b','updated',2003,'Modules\\Template\\Entities\\UserCredentials','{\"remember_token\":\"Wl7uoF95bsRB4Ef36jgVG2Saf4shrYUu6r3CbG2l9gEOIvWYWaMy5GYSHUV6\"}','{\"remember_token\":\"yjoIRmosa7nYzZETHxFkIxysB1ZgmEKM2ioJP3dbUjTI4Q5CFPsg3sm1cPSP\"}','2003','http://local.bghmc.com/logout','127.0.0.1','2017-09-02 23:34:32'),('3a1a594e-1ae5-4a99-b00e-9b65126b7909','updated',2005,'Modules\\Template\\Entities\\UserCredentials','{\"isactive\":0}','{\"isactive\":1}','2017','http://local.bghmc.com/administrator/update_activity','127.0.0.1','2017-09-09 09:42:05'),('3a6357e5-725c-4f9c-ae6d-6a384d77cfdc','updated',2003,'Modules\\Template\\Entities\\UserCredentials','{\"remember_token\":\"Uz9KI9uh9A1cJBwXE8dhXbIVs18RpLRuVdHg3KrQPMZyXul4jpLhzOzVR4q3\"}','{\"remember_token\":\"EIoNbALgZZeI8CwNVB4AQA4J10HIOArc8sYP6t56vjHn2OcBqtj3GH2ZXdma\"}','2003','http://local.bghmc.com/logout','127.0.0.1','2017-09-01 00:52:42'),('3affa5c2-1df2-4d23-8cfd-d5aaa76a80f8','updated',987654321,'Modules\\Template\\Entities\\UserCredentials','{\"remember_token\":\"dsBi2NRtzTZNN9KxZnS28rSJqm6qcgteLdpSWPX3m1Qd48MEo37ZWPMiMPeu\"}','{\"remember_token\":\"bQruHut666ncNL5f3XpCepAP2rZ6YwkE2q8E5epp4XdnidOrshkCUawtEseD\"}','987654321','http://bghfiletracks.com/logout','49.151.207.15','2017-11-14 08:56:43'),('3b222886-032c-41e5-944f-cd38f9158466','updated',123456789,'Modules\\Template\\Entities\\UserCredentials','{\"remember_token\":\"QAy2lXBIrV82AcfHvmgpZarHlNtkICVIlHAcxZkyL4FbVJKclYClQtQ9ZQQO\"}','{\"remember_token\":\"dh1qXOhNbTsQajzgiVB0OCwO3NhnW48sUK65L3EJADj1BBgXFQ0bZJFhugwy\"}','123456789','http://bghfiletracks.com/logout','112.210.243.118','2017-11-27 11:19:25'),('3b819c3c-8f39-4f1d-ad85-cc871d643e0f','updated',2014,'Modules\\Template\\Entities\\UserCredentials','{\"remember_token\":null}','{\"remember_token\":\"Dm300pNzXHl3qmvJ5y1I6JfFlFR1V2bhi8lFibuDM18itHrKLVctYunbrIsB\"}','2014','http://local.bghmc.com/logout','127.0.0.1','2017-10-14 12:26:27'),('3c5a615d-81db-4d18-99f8-072efa471970','updated',6666,'Modules\\Template\\Entities\\UserCredentials','{\"remember_token\":null}','{\"remember_token\":\"tHO17Gjslw5uNx3TTr1CMMWtDv0Jt1iUXO6W5PHSzANraxgDowB5VAyHrcGe\"}','6666','http://local.bghmc.com/logout','127.0.0.1','2017-09-03 04:21:39'),('3c5b6f9c-e3bd-4fd7-9930-f0bc6c771409','updated',12345678,'Modules\\Template\\Entities\\UserCredentials','{\"isactive\":\"1\"}','{\"isactive\":0}','123456789','http://bghfiletracks.com/administrator/update_activity','119.94.89.181','2017-11-14 21:21:59'),('3c63ec65-045d-4801-82ac-d413fcd76349','created',7,'Modules\\Template\\Entities\\UserCredentials','[]','{\"emp_id\":\"2012\",\"group_id\":1,\"is_approved\":1,\"isactive\":1}','2017','http://local.bghmc.com/administrator/register_account','127.0.0.1','2017-09-09 08:32:37'),('3c80e08a-540f-4fde-b3e3-cd586c89d754','updated',123456789,'Modules\\Template\\Entities\\UserCredentials','{\"remember_token\":\"wLcbnc7qEFAhd23kynpTcbyyQvp0mKI6fuYGyHnSqcCKwjTb4xmeVi6B8U9g\"}','{\"remember_token\":\"KABTkczAAqnkdjVNCf02U2E5ylRuq3SlmyWXNAOalLMsSz1Y8MuNIgS77iNp\"}','123456789','http://bghfiletracks.com/logout','175.158.200.91','2017-11-27 15:48:41'),('3ced8527-aa80-4ee6-b628-e9bd1bc116a0','created',9,'Modules\\Template\\Entities\\UserCredentials','[]','{\"emp_id\":\"2019\",\"group_id\":1,\"is_approved\":1,\"isactive\":1}','2016','http://local.bghmc.com/administrator/register_account','127.0.0.1','2017-09-08 13:56:38'),('3cf0e6e5-aaf2-4ec8-8160-89405929b09f','updated',14861986,'Modules\\Template\\Entities\\UserCredentials','{\"remember_token\":null}','{\"remember_token\":\"UJbB2uN5pOYWRFVlZJ1T0BHmhvEY4EHId6QjT0udrWBTHHvJJquLnRPHbsim\"}','14861986','http://bghfiletracks.com/logout','175.158.200.210','2017-11-13 17:45:11'),('3d0e0ed6-4f63-4a29-831d-820ba6f04310','updated',2017,'Modules\\Template\\Entities\\UserCredentials','{\"remember_token\":\"DPm6aUV3r5oCxVnzQyrk0RyPPNshO63i0qpJaV9OhQ9zMllhDkClRdFQnmfy\"}','{\"remember_token\":\"sckAPDfv37kgKEceQd9kBcDyRNhgRV2if3DuILhKmqYpMid5RM5ii3E5Nmk9\"}','2017','http://localhost:8000/logout','127.0.0.1','2017-10-09 21:07:41'),('3dfebb97-12ab-467e-8fe3-6aebb38f438f','updated',1213,'Modules\\Template\\Entities\\UserCredentials','{\"isactive\":1}','{\"isactive\":0}','3013','http://local.bghmc.com/administrator/update_activity','127.0.0.1','2017-09-08 02:38:45'),('3ebcbf97-4889-4128-9213-2ca6c96a246e','updated',987654321,'Modules\\Template\\Entities\\UserCredentials','{\"isactive\":\"1\"}','{\"isactive\":0}','123456789','http://bghfiletracks.com/administrator/update_activity','175.158.200.91','2017-11-27 17:09:35'),('3ed67b91-2275-42d0-8c71-e5b05452c939','updated',2003,'Modules\\Template\\Entities\\UserCredentials','{\"remember_token\":\"Y6n7DqFKWgwZi57jYDckN0yvCuAC9Z3cpdsjC12GKr7uZPDR1gm5xEVs0wU3\"}','{\"remember_token\":\"Wl7uoF95bsRB4Ef36jgVG2Saf4shrYUu6r3CbG2l9gEOIvWYWaMy5GYSHUV6\"}','2003','http://local.bghmc.com/logout','127.0.0.1','2017-09-01 01:06:17'),('3fc95dc2-99cc-492d-9509-114462c409a8','updated',2017,'Modules\\Template\\Entities\\UserCredentials','{\"remember_token\":null}','{\"remember_token\":\"5c96yMjjoJrBxcdCOwxsdBzz8B1hlsnlVxFH3dcAMW88H4mn05rpz23KI3ln\"}','2017','http://local.bghmc.com/logout','127.0.0.1','2017-10-13 14:12:16'),('40430a5b-93f2-40c1-9b3f-b559b3d1b0c1','updated',123456789,'Modules\\Template\\Entities\\UserCredentials','{\"remember_token\":\"jse2ConcE6wO1v3lbXtQswsiJcgidJZYGBoUKVPpQVrqOYYPf0NZjw86k9PM\"}','{\"remember_token\":\"OaddSiHaLWkxAoKuAzOGzY0VGeMhhMN6Y01QbR5i3o4aVbuDpXxbfKLg6VKb\"}','123456789','http://local.bghmc.com/logout','127.0.0.1','2018-01-12 14:11:35'),('411b7a28-79d3-4a62-b3e7-fab264bd4c92','updated',1010102,'Modules\\Template\\Entities\\UserCredentials','{\"remember_token\":\"TsPWuJ48lFJrQ5ETS9itwG2a2QthRkMJAYfNiR4BAXNQLgT7u0R79hfNzm4d\"}','{\"remember_token\":\"gKDm3FXR3Cx890y3hemAzNRfoQ38i9rSYPL9aWyJkyIapcHoYQTTXX0jZtYz\"}','1010102','http://bghfiletracks.com/logout','175.158.200.91','2017-11-27 15:38:53'),('4138b9bf-d88e-4b27-ab06-31fc4a03ff2d','updated',2018,'Modules\\Template\\Entities\\UserCredentials','{\"remember_token\":\"gFQVL9XUay5OxLRKOKRUCVK52LlgrbFs8349aAkXMejhkjHVRhiCrcUArGSu\"}','{\"remember_token\":\"Q6PL8SisCF15Bem19KUnIJponuvtXK2p3ONyGP8kfqvgTCV8dKMnsaDuEi7g\"}','2018','http://localhost:8000/logout','127.0.0.1','2017-10-01 05:34:39'),('41941fa8-8487-4706-980a-6d8b9c0952bc','updated',20138426,'Modules\\Template\\Entities\\UserCredentials','{\"remember_token\":\"6p1LPaoLdHhMxPVMJ7joSBo9utoVmuqtyXVnMUGiGtUkUVTtcEwccNmkyTRQ\"}','{\"remember_token\":\"Q12seDCLHi9s9Fg4YPhWiaHBjPIgbrtLZGKsFEsNJtd7ajFiHJTztiVbJOfN\"}','20138426','http://localhost:8080/template/public/logout','::1','2017-09-19 01:04:33'),('425ad49d-5a15-4b1e-92f3-1fca825142ac','created',16,'Modules\\Template\\Entities\\UserCredentials','[]','{\"emp_id\":\"2003\",\"group_id\":2,\"is_approved\":1,\"isactive\":1}','2017','http://local.bghmc.com/administrator/register_account','127.0.0.1','2017-09-09 08:47:09'),('4282893b-9805-4dec-8a8a-7526ec1c22bd','updated',2000,'Modules\\Template\\Entities\\UserCredentials','{\"isactive\":1}','{\"isactive\":0}','3013','http://local.bghmc.com/administrator/update_activity','127.0.0.1','2017-09-06 05:10:45'),('42db8b32-d379-4109-bb28-06654a3e82ba','updated',2017,'Modules\\Template\\Entities\\UserCredentials','{\"remember_token\":\"bcT2tvALYtMMLRN1PNWbNP34mSMPIvVsDXvHQbQLMbcUCS2rvtB0CpQeLDDp\"}','{\"remember_token\":\"4HnwcXRxQkVYKc5C3AO6Uip9Y4sXUV1olwKvEG9VyChee3A1uj54puuW40BS\"}','2017','http://localhost:8000/logout','127.0.0.1','2017-10-01 05:36:20'),('436493ae-da80-4de4-860b-5e1aa165a4ff','updated',20138426,'Modules\\Template\\Entities\\UserCredentials','{\"remember_token\":\"4D3AcV4DJhXU7QKcIfpfAx2ChfkGttVOIYklfnZNAOcIfDrRx19xXKlmuI5X\"}','{\"remember_token\":\"6p1LPaoLdHhMxPVMJ7joSBo9utoVmuqtyXVnMUGiGtUkUVTtcEwccNmkyTRQ\"}','20138426','http://localhost:8080/template/public/logout','::1','2017-09-19 01:00:13'),('43bd258c-b740-403a-85ee-59a5e5c3080b','updated',123456789,'Modules\\Template\\Entities\\UserCredentials','{\"remember_token\":\"hMiSngqIooGAAW2wQqlctcaMAIw8yb6u0gssDHD7LA11RvP0AaVd7p750WGa\"}','{\"remember_token\":\"OsM48hLRC2GJ7F1tp3okTbjYrJFKOasdydrGuBlxr43tjq4kFqjBB4jJbqCI\"}','123456789','http://bghfiletracks.com/logout','49.151.207.15','2017-11-14 06:29:34'),('43bfb627-e992-4aec-bede-7952be5b0eda','created',15,'Modules\\Template\\Entities\\UserCredentials','[]','{\"emp_id\":\"7777\",\"group_id\":1,\"is_approved\":1,\"isactive\":1}','2003','http://local.bghmc.com/administrator/register_account','127.0.0.1','2017-09-03 04:22:51'),('43ddbf12-c302-4097-94dd-b64b04063802','updated',12131415,'Modules\\Template\\Entities\\UserCredentials','{\"isactive\":0}','{\"isactive\":1}','3013','http://local.bghmc.com/administrator/update_activity','127.0.0.1','2017-09-08 13:11:10'),('44092897-2135-4abe-945f-3b0c651802ee','updated',2003,'Modules\\Template\\Entities\\UserCredentials','{\"remember_token\":\"GINj2BrmESU3f1mQl3OFCjwmKHWXzpLm8V2MFqgUBomFntJwzPOM3uCsPdQj\"}','{\"remember_token\":\"aBjNOUehx7JYCDrIGwvxa7OikQHjBcVYX89cCBdsmJxXZwOg6dp6REAUDLjL\"}','2003','http://local.bghmc.com/logout','127.0.0.1','2017-09-03 04:07:00'),('44e1b85f-3d07-4ce7-88e1-4241a3a705e7','updated',2017,'Modules\\Template\\Entities\\UserCredentials','{\"remember_token\":\"0jmEDVJ3NsQcHflG4FGfdyv9dQuUj013pJlyWoXKt2evPIf7MTCQkfmJO3qq\"}','{\"remember_token\":\"QGK9NCu7mVGuUNhopS53qmaGvpaOnS0dqC3lU6nKhmx3fCyPyCxj2WCFoxQ3\"}','2017','http://localhost:8080/template/public/logout','::1','2017-09-22 03:32:06'),('4579b9a4-0671-4ac3-81a8-8ef6f7eafd0b','updated',3013,'Modules\\Template\\Entities\\UserCredentials','{\"isactive\":0}','{\"isactive\":1}','3013','http://local.bghmc.com/administrator/update_activity','127.0.0.1','2017-09-06 05:00:16'),('45b4d794-e60a-46ae-abb6-c0e40e418dd0','created',12,'Modules\\Template\\Entities\\UserCredentials','[]','{\"emp_id\":\"20135160\",\"group_id\":2,\"is_approved\":1}','11','http://local.bghmc.com/administrator/register_account','127.0.0.1','2017-08-24 05:18:08'),('45cb3979-d7ce-4f96-b2f0-fdc1ea68e288','updated',123456789,'Modules\\Template\\Entities\\UserCredentials','{\"remember_token\":\"Kmi0Vis2bRmusa6tw4ouBdb9rBak776fzImhKm45sAKkamDgDbsjTFjdAdnk\"}','{\"remember_token\":\"sfwMtg7gcqEVUTxZKpFIYcZMRqza4MEOgvWvtSnObPr8VxPNt6PT7VcAmtKy\"}','123456789','http://bghfiletracks.com/logout','175.158.200.91','2017-11-27 19:33:16'),('45f52ec6-ae3d-4f4b-a79c-dab2b80908fd','created',4,'Modules\\Template\\Entities\\UserCredentials','[]','{\"emp_id\":\"2014\",\"group_id\":2,\"is_approved\":1,\"isactive\":1}','2017','http://local.bghmc.com/administrator/register_account','127.0.0.1','2017-10-13 12:25:20'),('47847584-8941-44ca-ba57-15bcef586d6b','updated',20112987,'Modules\\Template\\Entities\\UserCredentials','{\"remember_token\":\"YrDmK82uX1Vk6rG6mjZi0uDq0QVdDxKDUsnHeh7J13kNE0fF4G5vhDoMGvY0\"}','{\"remember_token\":\"VYorImF4EIsmoZcfsK4hIjFPPkSuoClmzGO1RC5dalRrnvi6L9xYh2eJX4ph\"}','20112987','http://bghfiletracks.com/logout','121.96.170.68','2017-11-14 19:44:46'),('47d3adc7-0ebe-4eb3-9980-5d4fbd095042','updated',123456789,'Modules\\Template\\Entities\\UserCredentials','{\"isactive\":\"1\"}','{\"isactive\":0}','1000000','http://bghfiletracks.com/administrator/update_activity','175.158.200.91','2017-11-27 16:04:14'),('48014b99-7e0d-467b-9cc9-5a1a342d0d85','updated',123456789,'Modules\\Template\\Entities\\UserCredentials','{\"remember_token\":\"OyIHCHl2O5R1b6ai63DH1UxoH1WQIr7pFtH5vjIMkzKfiz0OL3nkyD0VxpwN\"}','{\"remember_token\":\"7vZL7jBKRQh2XNzVQLesljhpjlmJjoHNvznp33GSA496XN8Xbmcbk2Abh4Ae\"}','123456789','http://bghfiletracks.com/logout','49.151.207.15','2017-11-14 10:30:07'),('48650fe5-50c4-4e68-81b4-c13fefce1061','created',10,'Modules\\Template\\Entities\\UserCredentials','[]','{\"emp_id\":\"2222\",\"group_id\":1,\"is_approved\":1}','1','http://local.bghmc.com/administrator/registeraccount','127.0.0.1','2017-08-24 01:53:29'),('48818bbd-b129-4e23-b43e-88ab94dade3b','updated',20112987,'Modules\\Template\\Entities\\UserCredentials','{\"remember_token\":\"N8CIz8Bd2W7ygQy2ggGAbKZm9oymTDvVELKnhmo5Qgej4r3pTgXT9M5Rl0SZ\"}','{\"remember_token\":\"ivVry8NdSl9PzjHUkGpR8sco8wrsFYSqXEUGhzESM9LOsJvPvtmSvUcoLNOD\"}','20112987','http://bghfiletracks.com/logout','66.249.82.183','2017-11-22 12:58:59'),('48a4dd72-8334-4ff1-afa0-12a5f1a6e2fc','updated',987654,'Modules\\Template\\Entities\\UserCredentials','{\"isactive\":\"1\"}','{\"isactive\":0}','14861986','http://bghfiletracks.com/administrator/update_activity','49.151.207.55','2017-11-14 06:40:35'),('48a82baa-02b5-429c-8d5b-33bb20c8f470','created',28,'Modules\\Template\\Entities\\UserCredentials','[]','{\"emp_id\":\"7000000\",\"group_id\":1,\"is_approved\":1,\"isactive\":1}','123456789','http://bghfiletracks.com/administrator/register_account','175.158.200.91','2017-11-27 16:01:25'),('48e5c534-3f8d-45b1-8f4c-d3431bda6d22','updated',123456789,'Modules\\Template\\Entities\\UserCredentials','{\"remember_token\":\"V1Hp7lxTSTZVqhYxnCO1zln9rYpftBIphy87YtgvU5amFRS0aUen3LTJgjlT\"}','{\"remember_token\":\"vqSNDO9UBHRPXpKX3BtJw4pFKumxgg1dsoFVMRmr93rJ4PPVcOSA2z1CrT4u\"}','123456789','http://bghfiletracks.com/logout','49.151.207.55','2017-11-13 05:18:54'),('48ee6634-90ad-40eb-90aa-0bab2191fd7c','updated',2018,'Modules\\Template\\Entities\\UserCredentials','{\"remember_token\":\"7th3CIbRfM6CL2Gdw9ZjVSLK2v4tPUPCVCky0qTrBx4p4NMAI1N3pxgZrCsK\"}','{\"remember_token\":\"Z8v9uyGMLaNRuj5UpO5y24juioqPW6nyGber4Bo215mg69fT12JBanUy9ocK\"}','2018','http://localhost:8000/logout','127.0.0.1','2017-10-09 21:06:37'),('49275241-3e87-4a2c-bd4a-dade81ca908d','updated',2017,'Modules\\Template\\Entities\\UserCredentials','{\"remember_token\":\"HTnoBwfOW8CgdMinL3GDM2Z5yKo4bCwuaMUqUuIXu73tVTHvuls60xzhfOAu\"}','{\"remember_token\":\"uoYyi8AbtN1dMcPxnycjjV1scLp7BY2mUCgZlfmzubzdPGSsykDDbpaWXPQz\"}','2017','http://local.bghmc.com/logout','127.0.0.1','2017-10-14 12:49:23'),('4a1f5d1f-8cb1-4f43-b024-5a61a41ffb6a','updated',14861986,'Modules\\Template\\Entities\\UserCredentials','{\"remember_token\":\"NHzqqZOl6ItsIFIJKGFSi1ClgPVUU76eXfu2n4kIReLAphhN0Efb5HdhOwBj\"}','{\"remember_token\":\"pD18iizapuUGwK3tb9s8sCetwqoitEn8l27VIgZwmBGmvjqcqKpu5WkvdWlN\"}','14861986','http://bghfiletracks.com/logout','119.94.183.129','2017-11-27 07:37:08'),('4aaec1b3-8d2f-4ff9-8ce3-05cfa7a67f61','updated',123456789,'Modules\\Template\\Entities\\UserCredentials','{\"remember_token\":\"iUHcqFh9lwQ9mt5nTsvqATOOJCJQNyy5OqUf010j6kg23Kvn5Yqrl1nK2raV\"}','{\"remember_token\":\"QazmwWXsatkUUObvCJ75EIxwCXTedZeb0Wuy7UMgJqZXSF9yYg8eOAWFXObT\"}','123456789','http://bghfiletracks.com/logout','49.151.207.15','2017-11-14 04:25:41'),('4ac8879a-0a07-4a1a-bf17-21644c4ff54b','updated',987654321,'Modules\\Template\\Entities\\UserCredentials','{\"remember_token\":\"4x2ZY3CUf5AUbgrhGiMUJnbWqHfIyF4mvpsO1usKeNnGaKI7naJGcnqSYqEx\"}','{\"remember_token\":\"40jAWBp1jowT6XNcCoVTKGHQ5I4TN6e0jtnDWhnYz6ads22FxPPcUVq2ynA0\"}','987654321','http://bghfiletracks.com/logout','66.249.82.183','2017-11-13 03:33:30'),('4acbd78b-c6a1-4298-8c24-6674818da1a4','created',4,'Modules\\Template\\Entities\\UserCredentials','[]','{\"emp_id\":\"1256\",\"group_id\":1,\"is_approved\":1}','3','http://local.bghmc.com/administrator/registerpersonnel','127.0.0.1','2017-08-22 05:48:02'),('4b27dc1c-bf99-4154-9707-5bd30a7b3b67','updated',3000000,'Modules\\Template\\Entities\\UserCredentials','{\"remember_token\":null}','{\"remember_token\":\"3NYET27DSrAg2jROdyR0d2oXINbgNiC1H5WO9TF9oBxU8xcSlqImlbcqPGqA\"}','3000000','http://bghfiletracks.com/logout','175.158.200.91','2017-11-27 17:14:27'),('4b443669-9d0e-4834-bece-b284e2e08350','updated',1,'Modules\\Template\\Entities\\UserCredentials','{\"remember_token\":\"ULhSe9dAcN62dByBa9mhd2Pqe0O2TG9M1S63mcWthX5KwZgZeDs93XCOZS5I\"}','{\"remember_token\":\"cUnh3oh2oFCOz3geySWFMI5D5saN9z7AjsY6ScB6Sw2jMp11d91qiCNJenIo\"}','1','http://local.bghmc.com/logout','127.0.0.1','2017-08-22 02:56:26'),('4b5675ce-1bb2-44ca-b712-f604d886edef','updated',2,'Modules\\Template\\Entities\\UserCredentials','{\"remember_token\":\"TOFM4FIWoUrDEYZpF79093EjHroPX3P7i5EPMAepfSSKtsiwwisvR1pRxsAS\"}','{\"remember_token\":\"4cuiXg3RVstQCOnBft6lOD6sEZPABaSkOdT7pZ3wBGbnmUn2xfn4rvdF8eJS\"}','2','http://local.bghmc.com/logout','127.0.0.1','2017-08-18 22:20:32'),('4b720d53-b8ce-4874-a1e7-29b105769d93','created',5,'Modules\\Template\\Entities\\UserCredentials','[]','{\"emp_id\":\"8484\",\"group_id\":2,\"is_approved\":1,\"isactive\":1}','2003','http://localhost:8000/administrator/register_account','127.0.0.1','2017-08-27 20:21:38'),('4c15073c-2ee6-4c04-b97e-718ad65940d5','updated',123456789,'Modules\\Template\\Entities\\UserCredentials','{\"remember_token\":\"uSQyj7b5szzy2KOvrWV2ufKnqtDznkNRegUC1V52OMC4p3UAIKRk9Hnexw0N\"}','{\"remember_token\":\"AqUncgFWLZGkQJyBCe1oTJtjdDnXOy8TeQ13HiQJsjmr2Y12jV2NYaSwGQej\"}','123456789','http://bghfiletracks.com/logout','49.151.207.15','2017-11-14 06:25:20'),('4c16f477-0c8d-4998-9f59-fea7181bb643','updated',20135845,'Modules\\Template\\Entities\\UserCredentials','{\"isactive\":0}','{\"isactive\":1}','2017','http://local.bghmc.com/administrator/update_activity','127.0.0.1','2017-10-11 12:54:32'),('4c5c1735-c45f-4b64-a4bc-2a9003c24a79','updated',987654321,'Modules\\Template\\Entities\\UserCredentials','{\"remember_token\":\"UaryFIwaOjDw8jUlReuYufGTwzzw6UnkO1O6qEg6UvLnQdGDzFgL9U3dRfdV\"}','{\"remember_token\":\"xoKiCBzEdmppsTpdl7fg4jZAXbEdN8OvC6SnVdL65SSi9u9mIdCHce8lHgBV\"}','987654321','http://bghfiletracks.com/logout','66.249.82.183','2017-11-13 04:55:10'),('4c9a7e63-bb69-4685-98b5-16b1b7481326','created',6,'Modules\\Template\\Entities\\UserCredentials','[]','{\"emp_id\":\"20112987\",\"group_id\":2,\"is_approved\":1,\"isactive\":1}','123456789','http://bghfiletracks.com/administrator/register_account','119.94.162.221','2017-11-13 04:43:30'),('4cd0d4d1-0f27-4e8a-b6e7-a5aa802829d6','updated',20112987,'Modules\\Template\\Entities\\UserCredentials','{\"remember_token\":\"TIaKjFGGrMy6fSI0JzgFWpCLGHV6ffG2SVh2BxgG5CLjaII1BcyJUQl6Tkcp\"}','{\"remember_token\":\"pmaogB1wAWOYRWtE6MPYnSv4hBQ6Z3z73k44qSaiSl2Lvlhdlfvf3yStoOln\"}','20112987','http://bghfiletracks.com/logout','66.249.82.181','2017-11-24 01:13:57'),('4d3e3d92-9a55-4053-a15d-3c54fea4587e','updated',20135776,'Modules\\Template\\Entities\\UserCredentials','{\"remember_token\":\"wYq5HrGoc9ALMxUml7lFKspnmpzZfc6n6lnKM1HLzNAkciH3ppsJYORkYJz9\"}','{\"remember_token\":\"Cope4Adn0c33pTKBPKReuSQviG3fVWHIdFzK4A9OWUomqzI32dkkLKqhPbp5\"}','20135776','http://local.bghmc.com/logout','127.0.0.1','2018-01-31 16:56:40'),('4d8a07fb-0767-419d-a291-96c24e6f5124','updated',20112987,'Modules\\Template\\Entities\\UserCredentials','{\"isactive\":\"1\"}','{\"isactive\":0}','123456789','http://bghfiletracks.com/administrator/update_activity','112.200.197.167','2017-11-22 00:57:45'),('4e3d104b-09d0-4f9e-ad0c-86565ee33631','updated',123456789,'Modules\\Template\\Entities\\UserCredentials','{\"remember_token\":\"xtETRWaX6AQY7icDZQzswPSPobMM6uQkcl7k6HDkBmhzYj8ZYrG7mAaffT2E\"}','{\"remember_token\":\"OL0qfYawkS5xVnT0tLOO6UuSZvC1xQOSTL9XwOEhPZyfv87ycKmnsJSw3xHc\"}','123456789','http://bghfiletracks.com/logout','175.158.200.86','2017-11-29 18:39:17'),('4e8465b9-3b35-4383-8703-1ec115473402','updated',123456789,'Modules\\Template\\Entities\\UserCredentials','{\"remember_token\":\"eml4wiYgp1Ptp7N1GEHNlrSg27N6BHxrQ5nIvRQS37xFsUlIE27IIGRxXfwJ\"}','{\"remember_token\":\"GOes6nOwvp0DyOwxCnVUi20ct2Gt7y2GInSmCQm9TttTAvQ3nX32ruQkieMH\"}','123456789','http://localhostbghmcfts.com/logout','127.0.0.1','2018-01-30 18:17:41'),('4e8aad3f-aef8-4a46-9509-8061067ae10e','updated',2017,'Modules\\Template\\Entities\\UserCredentials','{\"remember_token\":\"V6I8ovdPLPlYNZjphs1qC05kuLD1BPCPFcOiuVxn2Xyz7Wh2UTauwgjCCQkE\"}','{\"remember_token\":\"OI2HcvxA6OMeKCgFXn2sl3EOgmla0BBf4eVnPCtSLYRMFzT3EajBiaOLfNC8\"}','2017','http://local.bghmc.com/logout','127.0.0.1','2017-10-14 10:20:31'),('4efe256b-1aa2-4aea-bda9-e63b823bab82','updated',1000000,'Modules\\Template\\Entities\\UserCredentials','{\"remember_token\":\"MhWCFaLoc9PdyVNmOpSxqQ6zObbX6sWw2nGnwXsik17FnjiLfVlGwarTyOhW\"}','{\"remember_token\":\"BUlgDWS9EwxGYuSM4lK9pKQpVmkHa8OfOGrSJUDlUfMeNwETh9hcEdZFyI7U\"}','1000000','http://bghfiletracks.com/logout','175.158.200.91','2017-11-27 19:30:54'),('4f08b8e2-2e02-44e5-9c31-49ab443b5402','updated',123456789,'Modules\\Template\\Entities\\UserCredentials','{\"remember_token\":\"xprHJ4Yapzmj1lIHHB1y7CVwcq99YGx1OlFtlySfvQNxJvw4WBTS8WW0kmzX\"}','{\"remember_token\":\"czMHu5amWts330rZkp5Ap7Ggy4g0Trhqr4Sdf6gJDmnoX0p0wcvSTckscIxK\"}','123456789','http://bghfiletracks.com/logout','180.190.102.44','2017-11-26 20:44:35'),('4f5edb6f-d4f0-4ba2-901c-f47f617081f9','updated',14861986,'Modules\\Template\\Entities\\UserCredentials','{\"isactive\":\"1\"}','{\"isactive\":0}','14861986','http://bghfiletracks.com/administrator/update_activity','175.158.200.93','2017-11-24 20:42:19'),('4f7e402a-4904-42a7-8d2c-b01bba9175e9','created',7,'Modules\\Template\\Entities\\UserCredentials','[]','{\"emp_id\":\"2013\",\"group_id\":1,\"is_approved\":1,\"isactive\":1}','2016','http://local.bghmc.com/administrator/register_account','127.0.0.1','2017-09-08 13:55:29'),('4f9962a5-c869-4136-bd7b-ed66b475a8df','updated',14861986,'Modules\\Template\\Entities\\UserCredentials','{\"remember_token\":\"goQfnL0mpZx8WaWieU8RyzfjQ6pv8h5ssllHBZ1XE6TzvIY0nS5At9ZI15EC\"}','{\"remember_token\":\"1qIT2W5lplfMgNH7suQ5znI8jj8bkOS4KVuHRzscuuuN3fOb1nebTEg6ZAlu\"}','14861986','http://bghfiletracks.com/logout','112.202.249.221','2017-11-27 04:38:46'),('4ff00a14-8e3d-4fd5-8c6d-ec8c2805aef8','created',21,'Modules\\Template\\Entities\\UserCredentials','[]','{\"emp_id\":\"2000000\",\"group_id\":2,\"is_approved\":1,\"isactive\":1}','123456789','http://bghfiletracks.com/administrator/register_account','175.158.200.91','2017-11-27 15:56:05'),('507ecde2-aa50-4452-84f2-dffecb334745','updated',2,'Modules\\Template\\Entities\\UserCredentials','{\"remember_token\":\"zicAZ5dyyPayoYNsBlcFyZgqXrUgLzksZT2KVBM9NqZLYlQOEpaVdYziepYV\"}','{\"remember_token\":\"2RI60EwP4rYl04A3Dg4roElUOA8mfhRxzTVc1r6HE2PqHPBxeXaQnwoyQVFE\"}','2','http://local.bghmc.com/logout','127.0.0.1','2017-08-22 03:07:06'),('50c48ca2-91dc-4b17-aa4a-8341b17b4e00','updated',123456789,'Modules\\Template\\Entities\\UserCredentials','{\"remember_token\":\"vpH17ZNACkO1V7ByJYe8P0GjMn1VC4mxUbE4LHhuXPD8mBgaZaGErMdQhSSt\"}','{\"remember_token\":\"dbj7WbWrjctHo4R80yQZczLGR96EsUBoV0qFO18w4VWthQWljvgtUaHlttL1\"}','123456789','http://bghfiletracks.com/logout','66.249.82.181','2017-11-13 04:33:16'),('51113030-b87d-4b3e-ad1a-e161367c3ecc','created',8,'Modules\\Template\\Entities\\UserCredentials','[]','{\"emp_id\":\"2010\",\"group_id\":2,\"is_approved\":1,\"isactive\":1}','2017','http://local.bghmc.com/administrator/register_account','127.0.0.1','2017-10-13 13:26:41'),('5125bd60-7f33-40b2-ad46-4eb040c0f9be','updated',123456789,'Modules\\Template\\Entities\\UserCredentials','{\"remember_token\":null}','{\"remember_token\":\"IOfW8vWwIgZloRCGXbGr5Y7Qo2q2eN8sLZA2QuNHV1yoxSMJ4cXQPijaVZXo\"}','123456789','http://localhost:8000/logout','127.0.0.1','2017-10-15 11:20:32'),('51299bd5-f138-4027-bad2-b8ea0ebe91a5','updated',123456789,'Modules\\Template\\Entities\\UserCredentials','{\"remember_token\":\"KABTkczAAqnkdjVNCf02U2E5ylRuq3SlmyWXNAOalLMsSz1Y8MuNIgS77iNp\"}','{\"remember_token\":\"pmUZ5Nn4Itx9dRRmfNp32ms2E40O9PXwXzM7q8jH742LVSroceqgRWGBeVqp\"}','123456789','http://bghfiletracks.com/logout','175.158.200.91','2017-11-27 15:50:21'),('5154dc20-dca9-494f-b5a3-2b3217e69748','updated',2,'Modules\\Template\\Entities\\UserCredentials','{\"remember_token\":\"jm3nu1sEjYeGwmYs2OjmyA3KJEmgzwR7jFgjViW9wYLdmH0717Oq0BwgvQ67\"}','{\"remember_token\":\"dlA36Vo1fErl550Qw1QicEznih5F3Gi3qz9posXTfeaIBUvxTSwT8l6VMZYI\"}','2','http://local.bghmc.com/logout','127.0.0.1','2017-08-15 04:01:31'),('516d6b9e-1a78-4d23-ab90-f1eeee75b07d','created',3,'Modules\\Template\\Entities\\UserCredentials','[]','{\"emp_id\":\"20135845\",\"group_id\":2,\"is_approved\":1,\"isactive\":1}','2017','http://local.bghmc.com/administrator/register_account','127.0.0.1','2017-09-08 13:44:16'),('517dafbc-e6cc-48fb-b893-2770ae74ea97','updated',123456789,'Modules\\Template\\Entities\\UserCredentials','{\"remember_token\":\"AqUncgFWLZGkQJyBCe1oTJtjdDnXOy8TeQ13HiQJsjmr2Y12jV2NYaSwGQej\"}','{\"remember_token\":\"hMiSngqIooGAAW2wQqlctcaMAIw8yb6u0gssDHD7LA11RvP0AaVd7p750WGa\"}','123456789','http://bghfiletracks.com/logout','49.151.207.15','2017-11-14 06:26:02'),('51a5a435-311a-4cc3-9756-6a69acd316d5','updated',1110011,'Modules\\Template\\Entities\\UserCredentials','{\"isactive\":0}','{\"isactive\":1}','2017','http://localhost:8080/template/public/administrator/update_activity','::1','2017-09-22 03:35:04'),('520e71a7-8f7c-4344-9ed4-db02db9056b5','created',10,'Modules\\Template\\Entities\\UserCredentials','[]','{\"emp_id\":\"2020\",\"group_id\":1,\"is_approved\":1,\"isactive\":1}','2016','http://local.bghmc.com/administrator/register_account','127.0.0.1','2017-09-08 13:59:46'),('523b8c8d-2198-4418-b7eb-6ed2acac5909','updated',123456789,'Modules\\Template\\Entities\\UserCredentials','{\"remember_token\":\"aNu99KExOElXY1JlEywdKEULvdqLpgREHWWOnUdRO4rA0SnE4oJgzsZZuPs9\"}','{\"remember_token\":\"ZDNCqnZXTMlEjsklYHBrsJRDXo7DermrUcgQ71lyO00IOSzd3ssKnATd45gz\"}','123456789','http://bghfiletracks.com/logout','175.158.200.86','2017-11-29 18:52:14'),('5289db98-e0c1-4780-a8bc-70bd0f78ce09','created',7,'Modules\\Template\\Entities\\UserCredentials','[]','{\"emp_id\":\"14861986\",\"group_id\":1,\"is_approved\":1,\"isactive\":1}','123456789','http://bghfiletracks.com/administrator/register_account','49.151.207.55','2017-11-13 05:18:49'),('54398484-cac9-4775-9151-196f17ab5a51','updated',1,'Modules\\Template\\Entities\\UserCredentials','{\"remember_token\":\"C2Vk7DgQeUjihvUeA9nQ868JRMkyobldPHTnte643SEBJuQXPVpVHL70GU2z\"}','{\"remember_token\":\"gUFaSWi7Tt2hTmJ9Yf6fl77r12lKCRoWg0MncPwYFbVVY5Rao7Mc2aLMNnWV\"}','1','http://local.bghmc.com/logout','127.0.0.1','2017-08-19 01:30:09'),('548b4cc2-71e3-4f96-a6cc-c4d77830dc3d','updated',20112987,'Modules\\Template\\Entities\\UserCredentials','{\"remember_token\":\"CTvnbc4c1m8W9zPYw3vfJIn2EBkdkBYvgKi3ZPmjQRdzyv44vZcvCdtyqt17\"}','{\"remember_token\":\"0a7Vyeyey82gpmO4stl7I4hfEL9OU1Sy4dVB8PQbOIbIdQFBN0ZvkRIHGoPG\"}','20112987','http://bghfiletracks.com/logout','121.96.170.68','2017-11-14 18:28:00'),('54f2ae0d-2c6f-4fd3-9d07-6c54cc0fa390','updated',20135776,'Modules\\Template\\Entities\\UserCredentials','{\"isactive\":\"1\"}','{\"isactive\":0}','123456789','http://bghfiletracks.com/administrator/update_activity','112.202.249.221','2017-11-27 04:39:11'),('5554d719-adcd-4782-816b-1966ba760422','updated',20135845,'Modules\\Template\\Entities\\UserCredentials','{\"isactive\":\"0\"}','{\"isactive\":1}','123456789','http://bghfiletracks.com/administrator/update_activity','49.151.207.15','2017-11-14 08:57:02'),('557ce54f-28f9-4a7a-852b-e1fc53f37442','updated',2000000,'Modules\\Template\\Entities\\UserCredentials','{\"remember_token\":null}','{\"remember_token\":\"DwLQh8nZw2VzNeiKWeBOB8I2DBOHOOorTqrsninDX1IMTYnHmJj2UuAOIyVQ\"}','2000000','http://bghfiletracks.com/logout','175.158.200.91','2017-11-27 17:13:32'),('5598939d-0293-49d3-87fa-6ea706191833','updated',1111,'Modules\\Template\\Entities\\UserCredentials','{\"isactive\":1}','{\"isactive\":0}','2003','http://local.bghmc.com/administrator/update_activity','127.0.0.1','2017-09-04 01:14:14'),('55a827ec-a674-46ff-8f9a-49ea64d72540','updated',123456789,'Modules\\Template\\Entities\\UserCredentials','{\"remember_token\":\"IT2etJ1LkFa7EcHmCrw400ZDA9g96xKbPKgyAAaCATmF5Z5qH3mjlGI23MlY\"}','{\"remember_token\":\"dcTTIqajziJS23urEoqqmVnEiqzqoDvfpVWujbjHffg3BsEX9gxr0G2Fc2Gt\"}','123456789','http://bghfiletracks.com/logout','49.151.207.15','2017-11-14 08:52:13'),('55b3f24f-03f4-4e85-a6de-66795eeeda82','updated',14861986,'Modules\\Template\\Entities\\UserCredentials','{\"remember_token\":null}','{\"remember_token\":\"Px4P6X2qP52DAiqLhEe01gODT16IC1R6lCXLXwcrAaq7G4nohCUSWBuKnvSu\"}','14861986','http://bghfiletracks.com/logout','49.151.215.148','2017-11-24 08:30:55'),('55e57f98-b077-4807-a821-2ede751ac4e0','created',5,'Modules\\Template\\Entities\\UserCredentials','[]','{\"emp_id\":\"2015\",\"group_id\":2,\"is_approved\":1,\"isactive\":1}','2017','http://local.bghmc.com/administrator/register_account','127.0.0.1','2017-10-13 12:27:05'),('55fd8bf4-fa36-44bd-8032-90baa191128d','updated',987654321,'Modules\\Template\\Entities\\UserCredentials','{\"remember_token\":\"272Tzb1TOpcDPJSGEY8L1ZCgNfVeuwBWQXWb0eLdRn3tfUUa3vLtPpZXDcd4\"}','{\"remember_token\":\"YxrqTqVIkM25wvXQSpP0kIGdrAVikrLSVXApKxlxGP6clyPMrbihftzvVSyr\"}','987654321','http://localhost:8000/logout','127.0.0.1','2017-11-10 20:33:41'),('561fc3f5-7cd1-49bd-9c62-20a8ab22cba2','created',19,'Modules\\Template\\Entities\\UserCredentials','[]','{\"emp_id\":\"1010102\",\"group_id\":2,\"is_approved\":1,\"isactive\":1}','123456789','http://bghfiletracks.com/administrator/register_account','119.94.160.120','2017-11-26 15:04:57'),('563da43b-d7df-4f4e-9e41-7d414f37bc4f','updated',987654321,'Modules\\Template\\Entities\\UserCredentials','{\"remember_token\":\"aBjEpvulO1VMdazsY33bPvjQXOu4NeFgMl8svqWFGeMCna2EveMpxXYLCYZ9\"}','{\"remember_token\":\"272Tzb1TOpcDPJSGEY8L1ZCgNfVeuwBWQXWb0eLdRn3tfUUa3vLtPpZXDcd4\"}','987654321','http://localhost:8000/logout','127.0.0.1','2017-10-31 11:17:50'),('57018ea9-23d5-4c1f-9726-ec1fa6647ffa','updated',2007,'Modules\\Template\\Entities\\UserCredentials','{\"isactive\":1}','{\"isactive\":0}','2017','http://local.bghmc.com/administrator/update_activity','127.0.0.1','2017-09-09 10:14:28'),('574f1dbb-b8d2-435a-a133-526f4a64129c','updated',2,'Modules\\Template\\Entities\\UserCredentials','{\"remember_token\":\"SFqSU0aXyKFdZGA3hN9RatcKgdbpJUBLJKdt96qoXnF7PBbUyGY9V0pDnwv1\"}','{\"remember_token\":\"1ohXvPvXQhQP2rfGCUROAUgK4fovHB7WnNLrRd0AB7UKlFiSWiZMGxK2h8hK\"}','2','http://template.dev:8080/logout','127.0.0.1','2017-02-13 22:16:54'),('576a01b0-e1fb-41f7-9cd1-cf6704d93728','updated',123456789,'Modules\\Template\\Entities\\UserCredentials','{\"remember_token\":\"54Ry1JsUgJbovoqXbSs7Lp7zuRfD5ZZIPATOPr0l3hx8e8i8PCU4vuKQE912\"}','{\"remember_token\":\"ZxlXOOLZ7km8Q2AKt3Skr1LLOQwyElu0sWtiBPRihzBWFIthPVAfiV5MehUU\"}','123456789','http://bghfiletracks.com/logout','49.151.207.15','2017-11-14 12:03:09'),('579357c7-9761-4123-ad64-3b37d3ae6607','updated',1110011,'Modules\\Template\\Entities\\UserCredentials','{\"isactive\":1}','{\"isactive\":0}','2017','http://localhost:8080/template/public/administrator/update_activity','::1','2017-09-22 03:26:56'),('57bbb24b-bd89-4cfc-ba03-28325d225132','created',8,'Modules\\Template\\Entities\\UserCredentials','[]','{\"emp_id\":\"2011\",\"group_id\":2,\"is_approved\":1,\"isactive\":1}','2017','http://local.bghmc.com/administrator/register_account','127.0.0.1','2017-09-09 08:33:16'),('589fe518-1d41-426b-a457-83f566689e58','updated',987654321,'Modules\\Template\\Entities\\UserCredentials','{\"remember_token\":\"mRlm7hIkcsqeR9i8iEL6yxPaBOWew59DCK7m1s5H9TAOGb3sKgwf67lo9wTw\"}','{\"remember_token\":\"4x2ZY3CUf5AUbgrhGiMUJnbWqHfIyF4mvpsO1usKeNnGaKI7naJGcnqSYqEx\"}','987654321','http://local.bghmc.com/logout','127.0.0.1','2017-11-12 09:01:52'),('58a572a1-0d85-4929-94a0-6897bec73f7c','updated',123456789,'Modules\\Template\\Entities\\UserCredentials','{\"remember_token\":\"Pwsw9o3Qv51EdsNMntCuIuEcyr3iwEtzMe9Yfl4YiDBsL6cPtZFPUBKBk5sm\"}','{\"remember_token\":\"0REy4GEVHtHDMDEmIzTgYaNUW8yqCMLax84FUGr4XQYjbfroT05kBJ08klY6\"}','123456789','http://bghfiletracks.com/logout','180.191.61.3','2017-11-13 04:20:45'),('58ca6d06-dcfc-4ed1-9fe2-c6728f51b440','updated',20112987,'Modules\\Template\\Entities\\UserCredentials','{\"remember_token\":\"0a7Vyeyey82gpmO4stl7I4hfEL9OU1Sy4dVB8PQbOIbIdQFBN0ZvkRIHGoPG\"}','{\"remember_token\":\"YskX4jZLo7FD5XZHJxpoSn2nDlVp2vbypqJj9c5u1qDq9VYO3lKkh0hU0n0o\"}','20112987','http://bghfiletracks.com/logout','121.96.170.68','2017-11-14 18:53:35'),('58cf99d2-5f46-4577-98b9-6938d179eb59','updated',20100909,'Modules\\Template\\Entities\\UserCredentials','{\"remember_token\":\"29DfbJ44eWyFifx0DhbM0atriJ8I8Pp4b0yCDObn2QYXPKBJhY7MzmnIZiUE\"}','{\"remember_token\":\"RKE4jRXxtlAgznURAFuxuZYIGBbG9qjhGi5M0mePxK6RknSqByKExJs3GqXn\"}','20100909','http://bghfiletracks.com/logout','121.96.170.68','2017-11-14 19:42:19'),('597cec86-bfb8-4856-910b-cf922d5c35d9','updated',2007,'Modules\\Template\\Entities\\UserCredentials','{\"isactive\":0}','{\"isactive\":1}','2017','http://local.bghmc.com/administrator/update_activity','127.0.0.1','2017-09-09 10:14:40'),('5a69b603-2cd7-4bdb-bf57-7c7f122232b7','updated',123456789,'Modules\\Template\\Entities\\UserCredentials','{\"remember_token\":\"OM45gIRQ1u5LSMh5woOKbBf1z0vxOQwRhKjlrsshI8aRxPudwerJK2qSqsc5\"}','{\"remember_token\":\"vzTtnAPqZOlBAZmLv1gzptWNQTRMYpYTdUBlSTD7QQw3Rxf10NGKqkZKhK4o\"}','123456789','http://bghfiletracks.com/logout','66.249.82.181','2017-11-22 01:01:47'),('5a83c2dc-f6f2-489c-8217-21efbe49ebaa','updated',2200222,'Modules\\Template\\Entities\\UserCredentials','{\"isactive\":0}','{\"isactive\":1}','2017','http://local.bghmc.com/administrator/update_activity','127.0.0.1','2017-10-11 13:00:34'),('5a92cf32-4863-407d-b3e0-59ec9db4578d','created',17,'Modules\\Template\\Entities\\UserCredentials','[]','{\"emp_id\":\"2002\",\"group_id\":2,\"is_approved\":1,\"isactive\":1}','2017','http://local.bghmc.com/administrator/register_account','127.0.0.1','2017-09-09 08:48:17'),('5b425188-acc9-486d-8fe0-adaf65e87f0e','updated',14861986,'Modules\\Template\\Entities\\UserCredentials','{\"remember_token\":\"V2zuvQrf6ObYGdisPvEmcSXJxjNTzKo85vuitVXq6ycLNHnZaT0jVQhylHDq\"}','{\"remember_token\":\"8aCPB7mMJuWKKnkKCeiElsnFhDnZM9gmaNW8jgax3g9HuDt3ZoMFY1YFUMs4\"}','14861986','http://bghfiletracks.com/logout','49.151.207.55','2017-11-14 05:53:32'),('5bcbb818-4b4a-4f29-a810-ed1ae431070a','updated',1000000,'Modules\\Template\\Entities\\UserCredentials','{\"isactive\":\"1\"}','{\"isactive\":0}','123456789','http://bghfiletracks.com/administrator/update_activity','175.158.200.86','2017-11-29 18:50:57'),('5bd1e99e-86c2-48dd-a213-f76952e6aae1','updated',2017,'Modules\\Template\\Entities\\UserCredentials','{\"remember_token\":null}','{\"remember_token\":\"ag572wFsxAEdmwn9xikvTGhhfaSppNagaUYWOBFd8QWT4fPPPJqovm7Bmadn\"}','2017','http://local.bghmc.com/logout','127.0.0.1','2017-10-14 11:11:13'),('5c35341e-d2ca-4f4f-b695-4c6eb852133d','updated',2013,'Modules\\Template\\Entities\\UserCredentials','{\"remember_token\":null}','{\"remember_token\":\"PoOgUCwuSngOyYfCqgwdgDEyHTyN5mbaNappG1QPs9J2bubQzjgjQEgkUOoh\"}','2013','http://local.bghmc.com/logout','127.0.0.1','2017-10-14 12:51:04'),('5c4079f6-4818-4334-ba3f-0af750f68d16','updated',20112987,'Modules\\Template\\Entities\\UserCredentials','{\"remember_token\":\"YskX4jZLo7FD5XZHJxpoSn2nDlVp2vbypqJj9c5u1qDq9VYO3lKkh0hU0n0o\"}','{\"remember_token\":\"VZk09ibuA4YKFgCbIrcX5cYCleJj7fL2H4vkrXLaAmEK4TMkrtQ53DW9ZAH2\"}','20112987','http://bghfiletracks.com/logout','121.96.170.68','2017-11-14 19:13:33'),('5c7af260-5ba3-4c73-a0af-02189c503375','updated',123456789,'Modules\\Template\\Entities\\UserCredentials','{\"remember_token\":\"HP0RJIoJ3EOH31v1PV1y7Zx1Z1hM618a8M9KsUZdoe6qH66U1NvC7o7J45NZ\"}','{\"remember_token\":\"zXx5fRFobM5QlFqgKC0G2jeEpbO8tad5IQjVHzzEGUrgagzfcEUYgjsPRTYG\"}','123456789','http://bghfiletracks.com/logout','49.151.215.148','2017-11-24 08:28:34'),('5c865ded-7310-439e-ac2a-5ccaf82db2ac','updated',2,'Modules\\Template\\Entities\\UserCredentials','{\"remember_token\":\"1ohXvPvXQhQP2rfGCUROAUgK4fovHB7WnNLrRd0AB7UKlFiSWiZMGxK2h8hK\"}','{\"remember_token\":\"7435FmozIcj37DBEu1KCX1CyAE8s5oAvL7wsI9gXKwlQG7L4OySjthgRflgl\"}','2','http://template.dev:8080/logout','127.0.0.1','2017-02-28 19:58:51'),('5cbe0ba7-d89c-4a4d-9b20-a6818e8ffa26','updated',123456789,'Modules\\Template\\Entities\\UserCredentials','{\"remember_token\":\"0kPNA3SXrStM9csofjXbr4qS4dOzwadi4k0Xfoj6DmQYgSQitY28KlZOB8K1\"}','{\"remember_token\":\"QoxKPtViqjBm9ZeuemY7rbv6ecfINUlOszQpLpQPAyMN76RXi2sL9iMStFpF\"}','123456789','http://bghfiletracks.com/logout','119.94.89.181','2017-11-14 21:26:36'),('5cdfe9a7-b0a2-4059-8127-bb30c7262ef1','updated',20112987,'Modules\\Template\\Entities\\UserCredentials','{\"remember_token\":\"7eo5Z9NllKGAv29HviPEn1EkaaTgyBDcHWQcwhe9DVBs7ppvWmxYZ0I6eipp\"}','{\"remember_token\":\"luho3mD0w0C46KrY14qJN88dG82SSAEP1Rvqx2cDPXhcRR6ePteYekPuguPn\"}','20112987','http://bghfiletracks.com/logout','66.249.82.181','2017-11-24 00:49:00'),('5de121ed-7e99-47c1-afad-b2d1ef8bf78c','updated',123456789,'Modules\\Template\\Entities\\UserCredentials','{\"remember_token\":\"3Wf5nqTLafzbXEUXIeTlBSjF1Pnwk9YX2nnLPnqIpAkB39GNYF3DcWoDDJBk\"}','{\"remember_token\":\"8vm7h0h4yHezd9jJE0UUlRI4f8XSeAaQZ0tjCCulozULKm3RwRf1zAgKP2Zo\"}','123456789','http://bghfiletracks.com/logout','175.158.201.44','2017-11-14 18:44:03'),('5ea28f83-b0e1-488d-a388-e51908da31f0','updated',123456789,'Modules\\Template\\Entities\\UserCredentials','{\"remember_token\":\"CFTfefHs0ApAxqpsmmnMQB6A8rFG2UgaV7y7CHYLv8h4DDZnB2LLndOuEaiY\"}','{\"remember_token\":\"6XzJQwtMrZftTBblACcIXwW4lFiMYJxTvPqOd8P1La5cyMQk39DtW43eIejH\"}','123456789','http://bghfiletracks.com/logout','119.94.183.129','2017-11-27 13:48:32'),('5ee9b9e1-f241-4ed1-85fa-d84bb84fbc3a','updated',14861986,'Modules\\Template\\Entities\\UserCredentials','{\"remember_token\":\"y4jxdLvjQjE4rSpfM5hbmoq1yU6TdlXrScQGsPWW90gssDPHGeAstRfW83iF\"}','{\"remember_token\":\"pTPvnmSYmLeVfPjOqy9YrkUtL0txXO3wFj6ec0hTSylZEfQuMcnWF2DLhnux\"}','14861986','http://bghfiletracks.com/logout','119.94.183.129','2017-11-27 14:34:15'),('5f8e64f6-50f8-4427-9f2a-1843cc43fae1','updated',2015,'Modules\\Template\\Entities\\UserCredentials','{\"isactive\":0}','{\"isactive\":1}','2017','http://local.bghmc.com/administrator/update_activity','127.0.0.1','2017-09-08 14:10:01'),('5fa0f589-cd4b-4841-aad4-b22ab706e98e','updated',123456789,'Modules\\Template\\Entities\\UserCredentials','{\"remember_token\":\"KZJu3OutEsJSjWjIYzaKFCyGxvKZpeAwhEQmFG7n9hutBTCYC0evUSoC5y11\"}','{\"remember_token\":\"pXzNy3GdpnhNIhd6HhQZnDCJ1PnJNxCpT1YYR5XBhmos3tfLSNddrrktdHky\"}','123456789','http://bghfiletracks.com/logout','66.249.82.183','2017-11-26 15:06:54'),('5fe44656-5f3f-4191-899c-02fe13996977','updated',58451123,'Modules\\Template\\Entities\\UserCredentials','{\"remember_token\":\"FRkJbXjCstEQK8HZQo96WWS5scFpmXYPAcEE7znFm1p4J0zun4Ww2j7wDNbJ\"}','{\"remember_token\":\"ud2adaL0GNmrR8SSa5LTJuWDyDs2TDv3vO3S9qFF0LihQAJuNm57xH6Fcstj\"}','58451123','http://local.bghmc.com/logout','127.0.0.1','2018-01-31 13:17:03'),('5ffb469d-e635-4ff9-9c31-5b80543d4fb1','created',27,'Modules\\Template\\Entities\\UserCredentials','[]','{\"emp_id\":\"6000000\",\"group_id\":2,\"is_approved\":1,\"isactive\":1}','123456789','http://bghfiletracks.com/administrator/register_account','175.158.200.91','2017-11-27 16:00:46'),('605f57e2-c1be-4bce-a4d2-12be6a993c9d','updated',2005,'Modules\\Template\\Entities\\UserCredentials','{\"isactive\":1}','{\"isactive\":0}','2017','http://local.bghmc.com/administrator/update_activity','127.0.0.1','2017-09-09 09:47:22'),('612e4638-ce54-4f8f-9dd4-89aa977d53e4','updated',20132987,'Modules\\Template\\Entities\\UserCredentials','{\"remember_token\":\"iYj505uh5oLQjfRwUFcYkkr75ZK4shVYs97osXYQnofEbFB1edWPOVIpiCGY\"}','{\"remember_token\":\"HWMgfJSFVi2anblmwoDYQxaNPZF9mCSCxPojNSpUBjstt3V0RctwcUYZrQUU\"}','20132987','http://localhost:8080/template/public/logout','::1','2017-09-22 03:26:13'),('62a52336-8ded-4f9e-889a-d5fcdf94e543','created',9,'Modules\\Template\\Entities\\UserCredentials','[]','{\"emp_id\":\"2010\",\"group_id\":1,\"is_approved\":1,\"isactive\":1}','2017','http://local.bghmc.com/administrator/register_account','127.0.0.1','2017-09-09 08:35:10'),('630709e8-63ac-4337-ac2a-17b0fb262f8f','updated',123456789,'Modules\\Template\\Entities\\UserCredentials','{\"remember_token\":\"Y7oTlS6O33dOi0k0eAKYuZglrZuXHws29LzwS29ykDlLJe9gSccWDmaYPXyV\"}','{\"remember_token\":\"r1mTVReFiw9scm75tapdnX95pEXgBTKJV0m4WQvZ6etRaTHOImCT2uQS7sFx\"}','123456789','http://bghfiletracks.com/logout','119.94.183.129','2017-11-27 08:16:40'),('63585b06-3ce1-4755-ad56-8e28bf38f681','updated',123456789,'Modules\\Template\\Entities\\UserCredentials','{\"remember_token\":\"rkNr2lQNNKsDp6qsiRYpljHWgtPaY8kX1tEAIplHTY9rvmhIs51Bb6W0yx8w\"}','{\"remember_token\":\"QAy2lXBIrV82AcfHvmgpZarHlNtkICVIlHAcxZkyL4FbVJKclYClQtQ9ZQQO\"}','123456789','http://bghfiletracks.com/logout','66.249.82.185','2017-11-27 10:01:30'),('64731edb-40d8-4214-bc9e-08822a30e12d','updated',7000000,'Modules\\Template\\Entities\\UserCredentials','{\"remember_token\":null}','{\"remember_token\":\"1tcYUnXbu5eFeylYSB1qTkEMTyuywEi7dr2UfD2CC4gGROcgAPCzDeA2FtbK\"}','7000000','http://bghfiletracks.com/logout','175.158.200.91','2017-11-27 19:25:42'),('64ce1063-bb6c-4260-940b-fb464045a3c4','updated',2,'Modules\\Template\\Entities\\UserCredentials','{\"remember_token\":\"7GdKquH9CIdsfcfzotvIpaqa3mxbQLl3tmtXXuNBo5jJbj3IkRfxwoDBx5gj\"}','{\"remember_token\":\"oW2w89w2tTYk2686A0m6P6sfbUeYVV52Xvoso8lqaoUyhlmqCs8G4ZNMr7BP\"}','2','http://localhost:8080/template/public/logout','::1','2017-01-31 23:44:29'),('64eaae56-9a86-4d6a-94a5-b704b5b5c851','updated',20100909,'Modules\\Template\\Entities\\UserCredentials','{\"remember_token\":\"nkZMQbMBBRnMCYQJUBU2LT7Nxq0bSw9VsKSYDSlj3iocNLYrz36S4FFIbNjy\"}','{\"remember_token\":\"UKIEX4SsUpi8MrLqRiSnUNfu4HICPPYwEPuLH3MAmpVhVxwyup3eHEMI5uVM\"}','20100909','http://bghfiletracks.com/logout','121.96.170.68','2017-11-14 18:30:18'),('64ebdd99-2ed3-4819-8596-9dea869b79e7','updated',987654,'Modules\\Template\\Entities\\UserCredentials','{\"remember_token\":\"lz5oXiFR3BoKddSJJDTwleaqq6MtBr6XJ9XUDiMnX4KOhoLa9pa5MiviNo81\"}','{\"remember_token\":\"PgES5tU3OJ9r3ACdmktFOJCD2SM9GYoalY6HRJnPFzR9Em4yO4cYj52WFt5v\"}','987654','http://bghfiletracks.com/logout','49.151.207.55','2017-11-14 05:50:40'),('6546bfb1-31b0-421a-b512-c1b51a957687','updated',1010102,'Modules\\Template\\Entities\\UserCredentials','{\"remember_token\":\"5aqM6NrIzQc3ht0tLX5muFt6RyuvMBUeH5sY1kODz3ywoAe3X3iiikwUvMcr\"}','{\"remember_token\":\"jtE36BeqFra0l2L5FXPqEbIj3IRcweeIc7YF6tnWnuHHqf99hRoNLdoomcQC\"}','1010102','http://bghfiletracks.com/logout','175.158.200.91','2017-11-27 15:50:02'),('658ae480-e4ea-49ee-b0a2-2704ee2e48df','updated',2,'Modules\\Template\\Entities\\UserCredentials','{\"remember_token\":\"kd1PZ8y2WmZ7feIxnGSg2hOkwrNBZrugdzINgutUXNNPw07CLEdatpLD8kc2\"}','{\"remember_token\":\"7GdKquH9CIdsfcfzotvIpaqa3mxbQLl3tmtXXuNBo5jJbj3IkRfxwoDBx5gj\"}','2','http://localhost:8080/template/public/logout','::1','2017-01-31 23:09:26'),('66616328-8553-43e4-8004-4fa1fa41cd75','updated',1,'Modules\\Template\\Entities\\UserCredentials','{\"remember_token\":null}','{\"remember_token\":\"0JFZRNyOPSDmiq9k7bnGd9dSJem62EmYg8oPkO9ep0QWNJKaZo5fn4tvTs48\"}','1','http://local.bghmc.com/logout','127.0.0.1','2017-08-18 22:17:36'),('66b40a84-e56d-46bf-8501-27334114a4e0','updated',2005,'Modules\\Template\\Entities\\UserCredentials','{\"isactive\":0}','{\"isactive\":1}','2017','http://local.bghmc.com/administrator/update_activity','127.0.0.1','2017-09-09 09:39:11'),('682e91ce-083b-4192-adba-21426fe6b47f','created',8,'Modules\\Template\\Entities\\UserCredentials','[]','{\"emp_id\":\"2016\",\"group_id\":1,\"is_approved\":1,\"isactive\":1}','2003','http://local.bghmc.com/administrator/register_account','127.0.0.1','2017-09-01 01:00:11'),('688ad192-63c3-4b9f-ade1-c421a25a73c1','updated',20112987,'Modules\\Template\\Entities\\UserCredentials','{\"remember_token\":\"Hfmu07MNPhKZrvDKCuP6sXuaaDynoPcm7lyCsOFtWgV60vqTDxuE5cDJzSPP\"}','{\"remember_token\":\"PVQ4MWcNUU3d4LYdFlh53SnGGGj5boeIqVn14tyChdqe9RlFf6fVsoFaWGHK\"}','20112987','http://bghfiletracks.com/logout','119.94.89.181','2017-11-14 21:30:46'),('68a2ae60-dba7-4ca0-a942-22d2e20c303b','updated',2015,'Modules\\Template\\Entities\\UserCredentials','{\"isactive\":1}','{\"isactive\":0}','2016','http://local.bghmc.com/administrator/update_activity','127.0.0.1','2017-09-08 13:53:12'),('68cb6d91-4947-4fbf-9ede-c9dcd8ffd1e3','updated',1,'Modules\\Template\\Entities\\UserCredentials','{\"remember_token\":\"lGPLwlX6M68b39uNaUHZPzFMC7OrD4whp9lDBql7WnDcy7kkhwxps0hxaXjn\"}','{\"remember_token\":\"vXdlqsnNzLAq1r5kjViIcj1KGn21D1V5V0IOOUeDzxBRASTPozD05iwUhicF\"}','1','http://local.bghmc.com/logout','127.0.0.1','2017-08-18 23:55:04'),('69095d0b-10dc-4802-bcc9-0cf5feeda10b','updated',2017,'Modules\\Template\\Entities\\UserCredentials','{\"remember_token\":\"uck8aDRQnze1c6koe0r3mxlhvh7KIzuOcJi226iSWuY8knevK56y9kyLjM9S\"}','{\"remember_token\":\"MbKUq3GAQ1e14SXiOSWEmxEeIPKHkJxjUoam3ezTKktK0BL6gpVBKYx8CKhE\"}','2017','http://localhost:8080/template/public/logout','::1','2017-09-20 13:30:03'),('69ce8d60-3f0d-4628-a5a8-44129f84f338','updated',2017,'Modules\\Template\\Entities\\UserCredentials','{\"remember_token\":\"ag572wFsxAEdmwn9xikvTGhhfaSppNagaUYWOBFd8QWT4fPPPJqovm7Bmadn\"}','{\"remember_token\":\"fkHAYc3gIqmSHpF7au9QZrW7IaDFdJHfgHiVgL6NLYiPuOHnDh0mHbopvKMX\"}','2017','http://local.bghmc.com/logout','127.0.0.1','2017-10-14 12:19:00'),('6a0b7554-04cd-4fd4-804e-4a38d6343d75','updated',2016,'Modules\\Template\\Entities\\UserCredentials','{\"remember_token\":null}','{\"remember_token\":\"iVw6HsjcbtpldMqTYVNtLxp0J2QMAFZOYn7ucto973JFZ6fjDsqpXDdoQGjl\"}','2016','http://local.bghmc.com/logout','127.0.0.1','2017-10-14 11:11:37'),('6a337060-2c16-42f2-9eeb-a3fdf565eb58','updated',14861986,'Modules\\Template\\Entities\\UserCredentials','{\"remember_token\":\"1qIT2W5lplfMgNH7suQ5znI8jj8bkOS4KVuHRzscuuuN3fOb1nebTEg6ZAlu\"}','{\"remember_token\":\"NHzqqZOl6ItsIFIJKGFSi1ClgPVUU76eXfu2n4kIReLAphhN0Efb5HdhOwBj\"}','14861986','http://bghfiletracks.com/logout','104.131.176.234','2017-11-27 06:08:06'),('6a3cf234-483a-43d8-863b-a2bf08591e43','updated',1000000,'Modules\\Template\\Entities\\UserCredentials','{\"remember_token\":\"jymQidrhBEhF5CHnegnmgBo4LBv16oodqZiOUuRgHmhWpJuFdmkQsFE1sfpT\"}','{\"remember_token\":\"Gjusv1nskwxu3wAB1YkX29rEL3svV3xZhtxCg53l5yMWZANgB3NRV7MUG24R\"}','1000000','http://bghfiletracks.com/logout','175.158.200.91','2017-11-27 17:17:30'),('6a411ddf-0858-442e-934b-c20a39f56873','updated',987654321,'Modules\\Template\\Entities\\UserCredentials','{\"isactive\":\"0\"}','{\"isactive\":1}','123456789','http://bghfiletracks.com/administrator/update_activity','175.158.200.91','2017-11-27 17:10:11'),('6a57654e-0fa0-49e0-8018-c90ab406b95f','updated',123456789,'Modules\\Template\\Entities\\UserCredentials','{\"remember_token\":\"v8bUPJpiKKj8S3UoQVnvBL3Iej2I8vsQ9Fz5ZMMUz6QuefZ37O5ikTosaOk1\"}','{\"remember_token\":\"4t151Bfo9tbAPOPwYLgYHPgRPbESiiO1jiyce4qvTmfajSrVhhOwUlDDvgWh\"}','123456789','http://bghfiletracks.com/logout','49.151.207.15','2017-11-14 06:16:29'),('6a673358-81e1-464e-b5e6-1bf7800f797a','created',3,'Modules\\Template\\Entities\\UserCredentials','[]','{\"emp_id\":\"2013\",\"group_id\":2,\"is_approved\":1,\"isactive\":1}','2017','http://local.bghmc.com/administrator/register_account','127.0.0.1','2017-10-13 12:23:19'),('6add5a48-8b44-4cc3-9728-731be5ff59c4','updated',123456789,'Modules\\Template\\Entities\\UserCredentials','{\"remember_token\":\"CA6DVK3SbyMlvIxTEGsG0rqqD3i1suztbTv4BfJN1Tdgt6fZjvKdzRjLUntC\"}','{\"remember_token\":\"jKkepoXkn1RiFBOiBiYWHUJwHlaNtsGABfgpNTsEnUng5VRPMD2tpZFwMSw0\"}','123456789','http://bghfiletracks.com/logout','49.151.207.15','2017-11-14 05:47:53'),('6baa16ae-3154-4ac7-acde-6648065073a5','updated',2003,'Modules\\Template\\Entities\\UserCredentials','{\"remember_token\":\"VmY7Lp5jt00ntCXqs6ICcM2dr8cPuN33H6GugBEGu7Zo26nRm4RMlVghew6m\"}','{\"remember_token\":\"GINj2BrmESU3f1mQl3OFCjwmKHWXzpLm8V2MFqgUBomFntJwzPOM3uCsPdQj\"}','2003','http://local.bghmc.com/logout','127.0.0.1','2017-09-03 03:02:15'),('6bfda1d1-56c9-44d6-a133-ff1f9d7d7b03','updated',2005,'Modules\\Template\\Entities\\UserCredentials','{\"isactive\":1}','{\"isactive\":0}','2017','http://local.bghmc.com/administrator/update_activity','127.0.0.1','2017-09-09 09:36:26'),('6c571ddd-491d-45dc-bfa1-162b8519e7b0','updated',123456789,'Modules\\Template\\Entities\\UserCredentials','{\"remember_token\":\"dbj7WbWrjctHo4R80yQZczLGR96EsUBoV0qFO18w4VWthQWljvgtUaHlttL1\"}','{\"remember_token\":\"oWn0uEVZZS0IcbiJeeUgm9Bp7mgCqLuvAKPWtlWtVKb6QjbRIxZT16qGJMBu\"}','123456789','http://bghfiletracks.com/logout','180.190.102.222','2017-11-13 04:43:13'),('6cb712a8-10d9-41d2-84e6-cf83dcad364a','updated',123456789,'Modules\\Template\\Entities\\UserCredentials','{\"remember_token\":\"Gr7Ae2vLj9UJldXeg9IYuUycoMwaRMgw4F8LAmDO7ZK4nEVDqVFthtPPSGh0\"}','{\"remember_token\":\"N9qUuIVPeWE54SkHcDmRYOyp733XTTpxe7N5gjwSANK1Tzb4ApyO9I9rB20e\"}','123456789','http://bghfiletracks.com/logout','112.210.243.118','2017-11-27 04:20:17'),('6d509f89-1dd7-4d61-9cda-a58c416a9a71','updated',20135845,'Modules\\Template\\Entities\\UserCredentials','{\"remember_token\":null}','{\"remember_token\":\"430ecLYtJtZu0FfXEE6Np0q7mKartEuigveQsq6Fe9XYQrK449FisvpoS1df\"}','20135845','http://bghfiletracks.com/logout','49.151.207.15','2017-11-14 04:20:14'),('6daf837e-b27c-41df-8d90-f7066525f60b','created',6,'Modules\\Template\\Entities\\UserCredentials','[]','{\"emp_id\":\"2013\",\"group_id\":2,\"is_approved\":1,\"isactive\":1}','2017','http://local.bghmc.com/administrator/register_account','127.0.0.1','2017-10-14 10:51:24'),('6eae4460-2174-44e1-a85a-f77a4bf36c18','created',20,'Modules\\Template\\Entities\\UserCredentials','[]','{\"emp_id\":\"1000000\",\"group_id\":1,\"is_approved\":1,\"isactive\":1}','123456789','http://bghfiletracks.com/administrator/register_account','175.158.200.91','2017-11-27 15:55:25'),('6eb034a3-a909-43c7-8b73-6624845391a3','updated',123456789,'Modules\\Template\\Entities\\UserCredentials','{\"remember_token\":\"OL0qfYawkS5xVnT0tLOO6UuSZvC1xQOSTL9XwOEhPZyfv87ycKmnsJSw3xHc\"}','{\"remember_token\":\"aNu99KExOElXY1JlEywdKEULvdqLpgREHWWOnUdRO4rA0SnE4oJgzsZZuPs9\"}','123456789','http://bghfiletracks.com/logout','175.158.200.86','2017-11-29 18:46:53'),('6ec0f983-60e4-4420-970e-ed8e0affe306','updated',2018,'Modules\\Template\\Entities\\UserCredentials','{\"remember_token\":\"noaS1hE23qT6LXMm8YLod7EofJJl9nsgrUy0VnbpMgbLH9MO4FDx4HdPZ7nJ\"}','{\"remember_token\":\"xwqPbJU4nNLruzUwPk9rcFMRwzP0EMYP9NzlAO0iCK44CZ6hYPtpTFDphS1w\"}','2018','http://localhost:8080/template/public/logout','::1','2017-09-19 00:52:08'),('6f71cb03-1fa5-49b6-8355-0f6d3f48e790','updated',987654,'Modules\\Template\\Entities\\UserCredentials','{\"remember_token\":\"4Is8yCx5gfG1hq4jlt4NGEOLijf3pEhI0Mv0rLGkReLAxN4saMDko1Qznygu\"}','{\"remember_token\":\"uRZN56suVR7DaEJIvxo9j2tdeicwJgvHLwMV19Su62WyZMjttgY56oJ1cxBB\"}','987654','http://bghfiletracks.com/logout','49.151.207.55','2017-11-14 05:30:56'),('6fe5e15a-a3e8-40bb-9075-cc1eea0d3336','updated',123456789,'Modules\\Template\\Entities\\UserCredentials','{\"remember_token\":\"QoxKPtViqjBm9ZeuemY7rbv6ecfINUlOszQpLpQPAyMN76RXi2sL9iMStFpF\"}','{\"remember_token\":\"k4w4MbrHsvpYPtkGuw42GdXL51SFAjPwmyU5tFS7NIh1avjK7g0hMaKevRzU\"}','123456789','http://bghfiletracks.com/logout','119.94.89.181','2017-11-14 21:29:51'),('708c3b8c-fb02-4111-86c1-591ec4f48ca5','updated',2010,'Modules\\Template\\Entities\\UserCredentials','{\"remember_token\":null}','{\"remember_token\":\"CrLIg2l2H2JxYmOlgaTFusNbIofmP5XECHwOtH0lrNsqiKRrx4LhMgFy1utE\"}','2010','http://local.bghmc.com/logout','127.0.0.1','2017-10-13 13:27:43'),('719ee0d3-2b06-4a9e-b564-e2c18d3ebe21','updated',1,'Modules\\Template\\Entities\\UserCredentials','{\"remember_token\":\"vXdlqsnNzLAq1r5kjViIcj1KGn21D1V5V0IOOUeDzxBRASTPozD05iwUhicF\"}','{\"remember_token\":\"C2Vk7DgQeUjihvUeA9nQ868JRMkyobldPHTnte643SEBJuQXPVpVHL70GU2z\"}','1','http://local.bghmc.com/logout','127.0.0.1','2017-08-19 00:22:45'),('71fa8ffa-9830-4009-8c4a-64126e56a852','created',34,'Modules\\Template\\Entities\\UserCredentials','[]','{\"emp_id\":\"20135776\",\"group_id\":2,\"is_approved\":1,\"isactive\":1}','123456789','http://local.bghmc.com/administrator/register_account','127.0.0.1','2018-01-31 16:49:17'),('72807897-5593-4ad3-89cf-a6fd1ce9a337','updated',1213,'Modules\\Template\\Entities\\UserCredentials','{\"isactive\":0}','{\"isactive\":1}','3013','http://local.bghmc.com/administrator/update_activity','127.0.0.1','2017-09-08 02:24:17'),('73038d11-fe69-46a0-a926-ebeb814de07c','updated',123456789,'Modules\\Template\\Entities\\UserCredentials','{\"remember_token\":\"2GOXvjce0gFjBXDTLghTwsvS2egJuv74pNpIQnsWplxc15MOVFmDIEet8Li2\"}','{\"remember_token\":\"iUHcqFh9lwQ9mt5nTsvqATOOJCJQNyy5OqUf010j6kg23Kvn5Yqrl1nK2raV\"}','123456789','http://bghfiletracks.com/logout','49.151.207.15','2017-11-14 04:19:48'),('731548cc-2b1a-469c-8c03-9797d0ad336e','created',9,'Modules\\Template\\Entities\\UserCredentials','[]','{\"emp_id\":\"1111\",\"group_id\":1,\"is_approved\":1,\"isactive\":1}','2016','http://local.bghmc.com/administrator/register_account','127.0.0.1','2017-09-01 01:03:07'),('7357db46-b92f-4c64-8543-8a73b8ce2d74','updated',12131415,'Modules\\Template\\Entities\\UserCredentials','{\"isactive\":1}','{\"isactive\":0}','3013','http://local.bghmc.com/administrator/update_activity','127.0.0.1','2017-09-08 13:06:16'),('735eebb1-1f6b-42fd-aa93-70e3a77d745a','updated',2018,'Modules\\Template\\Entities\\UserCredentials','{\"remember_token\":\"pLC9TLiHGx8owJNAg0QBUAjIMf25mlnYEU97dFO2dqaM2uWzj0mqzJgvzWfk\"}','{\"remember_token\":\"UR5u5nDL6Zjm3Yw7hbc8xjtCglvS3LqEOsHxWpeGoNsS4PyC874ynJ4XqC54\"}','2018','http://localhost:8080/template/public/logout','::1','2017-09-19 01:01:57'),('73b4ea95-1f9d-4957-b9bf-e46245e8c489','updated',123456789,'Modules\\Template\\Entities\\UserCredentials','{\"remember_token\":\"IFrLOCJ7xOdy64rGtgu7diDC2oKsXbguDEMfR6wGhQY1abCTfQ08YzBz3D1B\"}','{\"remember_token\":\"ikeZCB9TqM1hzhJiaX7G14cRFI8PiGiR7BDX6ndhVD6B5LISdvBZ8tiuY0I7\"}','123456789','http://bghfiletracks.com/logout','180.190.102.222','2017-11-13 05:05:45'),('73e34753-879c-4813-ab29-92b133c3f565','updated',123456789,'Modules\\Template\\Entities\\UserCredentials','{\"remember_token\":\"V8COTrNgV4deb5RZDtUYb4scIsadBuwqsJyb9hl5gzculAAVdikB4xGoZ6ID\"}','{\"remember_token\":\"FKHytw5Bi5lCiEPRRJDRuaqrlpg7s8SNixbNgDL1lCmOuDNsh8D4gTNDgOjA\"}','123456789','http://bghfiletracks.com/logout','180.191.61.13','2017-11-22 09:13:51'),('73f26569-1dae-4bcf-a164-73b5ca0bc6b1','updated',20138426,'Modules\\Template\\Entities\\UserCredentials','{\"remember_token\":null}','{\"remember_token\":\"4D3AcV4DJhXU7QKcIfpfAx2ChfkGttVOIYklfnZNAOcIfDrRx19xXKlmuI5X\"}','20138426','http://localhost:8080/template/public/logout','::1','2017-09-19 00:55:28'),('74061869-3903-4787-b2e0-a770c07837ca','updated',4000000,'Modules\\Template\\Entities\\UserCredentials','{\"remember_token\":\"2DCUzbPML9sjBKEztM8d6TlQcEpI1qSHojDTwfHDvpM7MEv0Bg2XmtFMhiwA\"}','{\"remember_token\":\"OAQpcTXu3RFXJx9Uj24jfeYKSuEaivgcrOR4gLllY2wY59Ozo3fkFXIDN3dV\"}','4000000','http://bghfiletracks.com/logout','104.131.19.173','2017-11-27 16:47:00'),('74341189-8fa3-4ab8-9e03-8174670aa188','updated',123456789,'Modules\\Template\\Entities\\UserCredentials','{\"remember_token\":\"j043Xwu8gN2PVHQcJbxa7nqaZ22ltE3aMHE37orshYEZ8SnB58KsDHgnSZjZ\"}','{\"remember_token\":\"YQxVee2EHevA8RORyIPCM7wz8D5dgv7gJdKvm3GuJKiQ4AL9t5udg0pPrs5I\"}','123456789','http://bghfiletracks.com/logout','66.249.82.183','2017-11-22 12:02:57'),('74696c9a-eaf5-4f97-9850-0a95f174c464','updated',3013,'Modules\\Template\\Entities\\UserCredentials','{\"isactive\":1}','{\"isactive\":0}','3013','http://local.bghmc.com/administrator/update_activity','127.0.0.1','2017-09-06 05:03:25'),('75328fea-5e05-4a20-a423-0bcc2d549971','updated',123456789,'Modules\\Template\\Entities\\UserCredentials','{\"remember_token\":\"jllsq4G1foTMvS6ssZ57DY6Pi6RKHtiYoU0ThORUmqJzg14gymkqNrnu9f4k\"}','{\"remember_token\":\"qZ6wtWdkFYfbAXtD6XADkRFq4ymxABP6lOnCd3UpH75TJq9lTXZEQOlL2Q9e\"}','123456789','http://localhost:8000/logout','127.0.0.1','2017-11-09 15:29:32'),('754d9db5-ca8a-4283-90ec-af6888a63a43','updated',1213,'Modules\\Template\\Entities\\UserCredentials','{\"isactive\":1}','{\"isactive\":0}','3013','http://local.bghmc.com/administrator/update_activity','127.0.0.1','2017-09-08 02:24:10'),('756f5bf7-1f15-40f6-81fb-a599ab7a337f','updated',20135845,'Modules\\Template\\Entities\\UserCredentials','{\"remember_token\":\"smzsVCZkPeZCHLAZ30HSaDaL4LD48LxA5u188ZtUUR4I1FFbgGnknRuwK2N9\"}','{\"remember_token\":\"tqygfQSgQAxFeUAMdtWPwOitiCcfZeEUhnQwAHrtDotFhB6oUELItIo0xN6l\"}','20135845','http://local.bghmc.com/logout','127.0.0.1','2018-01-12 14:11:55'),('759a1656-55af-4995-80ca-8a4960f64f8a','updated',2014,'Modules\\Template\\Entities\\UserCredentials','{\"remember_token\":null}','{\"remember_token\":\"lXIIk1hyLL9Lkdhebnr3U8raVpONuzJxgVYP4DW3Of0MaPt2Iy8w7zNG1QUN\"}','2014','http://local.bghmc.com/logout','127.0.0.1','2017-10-14 10:38:28'),('7609d5d0-8c07-4024-ae70-1f021041c2f4','updated',3013,'Modules\\Template\\Entities\\UserCredentials','{\"remember_token\":\"BqXQNDAenb99MZUtIQPOPFbNSPBwV2UDLctbec3g8PQHjjFASq1qG1FmifWM\"}','{\"remember_token\":\"bkprexXtfhMRC3kENFtVsz5daoTuAtvevxif7bRMqSrgaKStGpSvgvOwsLBn\"}','3013','http://local.bghmc.com/logout','127.0.0.1','2017-09-08 02:10:20'),('7663c10f-28fc-4ca0-b551-675dc491bbd0','updated',123456789,'Modules\\Template\\Entities\\UserCredentials','{\"remember_token\":\"pmUZ5Nn4Itx9dRRmfNp32ms2E40O9PXwXzM7q8jH742LVSroceqgRWGBeVqp\"}','{\"remember_token\":\"ZW1tAt5h7tYLvgnxDU0xD6xND0HBZt2SFQJmJ9FvnnVtk7fXRzr7r3xUottS\"}','123456789','http://bghfiletracks.com/logout','175.158.200.91','2017-11-27 15:57:02'),('76e4e804-6ea0-49d7-afc7-82a45c69a5d7','created',9,'Modules\\Template\\Entities\\UserCredentials','[]','{\"emp_id\":\"2010\",\"group_id\":1,\"is_approved\":1,\"isactive\":1}','2017','http://local.bghmc.com/administrator/register_account','127.0.0.1','2017-09-09 09:01:06'),('76f48ede-1dea-46b4-b763-c0ba26efed08','updated',2017,'Modules\\Template\\Entities\\UserCredentials','{\"remember_token\":\"hoWjCEWR5B4t3xgRnm0WPTn5ANbcGZ3DnkZlyOiECEjI7ZrS4hs9Gsyrd4N4\"}','{\"remember_token\":\"oiRIDLodb71MJ4BwUZy1wQYIew6xSbrtphsHLblTyT5FRFIDaAMgTLer64dK\"}','2017','http://localhost:8080/template/public/logout','::1','2017-09-19 07:28:16'),('7717567b-3955-4c60-aeed-25b91128ad90','updated',20100909,'Modules\\Template\\Entities\\UserCredentials','{\"remember_token\":\"VLL5eknlxErCtegJdqzG8ppi1jgdDjHEy43qaUKGcy8pRhKcmhIM9ppBrERe\"}','{\"remember_token\":\"29DfbJ44eWyFifx0DhbM0atriJ8I8Pp4b0yCDObn2QYXPKBJhY7MzmnIZiUE\"}','20100909','http://bghfiletracks.com/logout','112.202.50.88','2017-11-14 19:17:44'),('77a9a238-b387-4566-aa30-e12cf7165314','updated',123456789,'Modules\\Template\\Entities\\UserCredentials','{\"remember_token\":\"9Psyqr8K9aV6j5ANj8oK5CyHC7B3PKKG7Zk3aqW3jJ40NL3q2oDgp1F7Tkri\"}','{\"remember_token\":\"b1Nkcx6k8YEKUHbWLjLKp1SuOJvSee9pHQhHAAwp6QZAsyUgNe2wNEGqgidm\"}','123456789','http://bghfiletracks.com/logout','119.94.89.181','2017-11-14 21:05:26'),('77d801a3-2faa-4d76-8438-c91973a83761','updated',123456789,'Modules\\Template\\Entities\\UserCredentials','{\"remember_token\":\"kce27yh4so51uP5Oa5kaSqFGhAF7C3DllshFRhjRxb2gBNW6ei4Bm4LzDeGm\"}','{\"remember_token\":\"OGBfThqWFCzdyfvpS5gns76TiCdPWazPrAzvfaZtCFDx0U2EywFwCHEm2sjz\"}','123456789','http://bghfiletracks.com/logout','119.94.89.181','2017-11-14 21:35:46'),('785a1c2f-796f-4d06-a35e-4e58a6700e3b','updated',2017,'Modules\\Template\\Entities\\UserCredentials','{\"remember_token\":\"O63xxX0nD6yUjC5u4VzrwQUds8GuKyvI5iYMnurreRZ446cpR203U9AY9hf0\"}','{\"remember_token\":\"hoWjCEWR5B4t3xgRnm0WPTn5ANbcGZ3DnkZlyOiECEjI7ZrS4hs9Gsyrd4N4\"}','2017','http://localhost:8080/template/public/logout','::1','2017-09-19 01:01:07'),('78cabb0b-fcce-4716-8e13-db964644ea4a','updated',123456789,'Modules\\Template\\Entities\\UserCredentials','{\"remember_token\":\"WizZUVroxQ6o8LLMcrnlXTVWzEt26YIOwx4nI1aTFZoTmZPd6rcDf75XPYVw\"}','{\"remember_token\":\"1su2Oy0TuUTHCLCJ8Le9bs3dwTCVYohMPaYg1aqIxFS5egEhUs2dZQlN3lTz\"}','123456789','http://bghfiletracks.com/logout','66.249.82.181','2017-11-22 14:57:02'),('79142e3e-3b57-47b9-b3f7-d94636cae909','created',3,'Modules\\Template\\Entities\\UserCredentials','[]','{\"emp_id\":\"20135776\",\"group_id\":1,\"is_approved\":1,\"isactive\":1}','1','http://local.bghmc.com/administrator/register_account','127.0.0.1','2017-08-26 07:17:07'),('79574d19-3589-48b4-a0ef-2598e279058b','updated',2012,'Modules\\Template\\Entities\\UserCredentials','{\"remember_token\":null}','{\"remember_token\":\"8YavG8cmFxPWTvSH9BPI9PGldVRriNdrd3OA0G9IztwYgSU7BZRyzine8qMt\"}','2012','http://local.bghmc.com/logout','127.0.0.1','2017-10-14 10:56:43'),('79bd3060-e561-49b4-8763-06b5cc7a3e2e','updated',1000000,'Modules\\Template\\Entities\\UserCredentials','{\"remember_token\":null}','{\"remember_token\":\"HIqA71VFt3BOTKtiuNEjCid8Uifm1le25ZrWWHNkocedzLl1eyCjXnpIbC2h\"}','1000000','http://bghfiletracks.com/logout','175.158.200.91','2017-11-27 16:04:46'),('7a0735be-63b3-4f10-8fdf-2d2af5657271','updated',121314,'Modules\\Template\\Entities\\UserCredentials','{\"isactive\":1}','{\"isactive\":0}','3013','http://local.bghmc.com/administrator/update_activity','127.0.0.1','2017-09-08 02:47:13'),('7a194c5b-d2c5-45b6-a362-fda18cf8920e','updated',20135845,'Modules\\Template\\Entities\\UserCredentials','{\"isactive\":0}','{\"isactive\":1}','2017','http://local.bghmc.com/administrator/update_activity','127.0.0.1','2017-10-11 12:54:46'),('7ae3b3e5-2233-4a97-a8f9-2c12eebfac1d','updated',2,'Modules\\Template\\Entities\\UserCredentials','{\"remember_token\":\"OfcDlePABaFmw7KiKWNahNWlELpYGoQ0VTTge994gB84vivrMltgWatU5mc8\"}','{\"remember_token\":\"zicAZ5dyyPayoYNsBlcFyZgqXrUgLzksZT2KVBM9NqZLYlQOEpaVdYziepYV\"}','2','http://local.bghmc.com/logout','127.0.0.1','2017-08-19 00:22:56'),('7b4afc53-889e-421a-805f-496cc7938630','updated',123456789,'Modules\\Template\\Entities\\UserCredentials','{\"remember_token\":\"LX3TvBKQtZZKnCotxG5AFSPu73rN4QrQwbNDl9NMFHCFg9NvXfET3wc4mvxD\"}','{\"remember_token\":\"AhtAL6raqzNvOZSyj8h7YzQfJJrrE2oaGn5dyNVVetU2Ivett9Pi2MJ5vzSV\"}','123456789','http://bghfiletracks.com/logout','121.96.170.68','2017-11-14 19:39:12'),('7b9214dd-bafc-4eee-bc4c-b99cff35356d','updated',14861986,'Modules\\Template\\Entities\\UserCredentials','{\"remember_token\":\"Px4P6X2qP52DAiqLhEe01gODT16IC1R6lCXLXwcrAaq7G4nohCUSWBuKnvSu\"}','{\"remember_token\":\"y5OUhUxLwL7Ss74bXqCZVJyQTgZM4SD1r5F6DtCHdJqFR30LOPiSRbLpdJQV\"}','14861986','http://bghfiletracks.com/logout','49.151.215.148','2017-11-24 08:34:48'),('7c5e3a79-8f39-4275-835a-712a557a2e1a','updated',2017,'Modules\\Template\\Entities\\UserCredentials','{\"remember_token\":\"CwE0P58tjwEkEGS7W6a8ilW8SgTtEAoxPZP0ZBR22BwQVkyfv0eOW7oX89sQ\"}','{\"remember_token\":\"kGCxxR8R2v0Rg2PHJTPTDyeh9uxrqmGSNRxknM2mbXa6lsWuLM7jAda9QldU\"}','2017','http://local.bghmc.com/logout','127.0.0.1','2017-10-13 13:26:43'),('7c74085c-0096-4fb9-8348-8cc3b7d24747','updated',123456789,'Modules\\Template\\Entities\\UserCredentials','{\"remember_token\":\"IOfW8vWwIgZloRCGXbGr5Y7Qo2q2eN8sLZA2QuNHV1yoxSMJ4cXQPijaVZXo\"}','{\"remember_token\":\"VDBAmVwAybOyfpcDFqcFDxZ64OqVqFTwW6mpS2WDpwD02gFfgjhwKpCvVydr\"}','123456789','http://localhost:8000/logout','127.0.0.1','2017-10-24 10:43:08'),('7cc13b6a-a61f-4f2a-906d-eb135aaf1fdd','updated',20135845,'Modules\\Template\\Entities\\UserCredentials','{\"remember_token\":null}','{\"remember_token\":\"N8Y2wJZxZS9EdA5pw8DwVNqTu7qXCPWIzd1YfcY5HDRIoQ1QVYxyG8nfVisw\"}','20135845','http://local.bghmc.com/logout','127.0.0.1','2017-11-21 09:42:33'),('7eef0caa-a97d-43fa-9c60-6b204e34fc3b','updated',1,'Modules\\Template\\Entities\\UserCredentials','{\"remember_token\":\"azHaUbV3G25Fg6wrfRQhTHAbmJJYTdTCnKGOPwpYhF57ELFfY1rpO6Y9Ni0j\"}','{\"remember_token\":\"QJO4kk1wGPqR0P0AChaCaLx5SIxlj0c4sVEtOvUIG3rIiGTVBipjUQOPWBhi\"}','1','http://local.bghmc.com/logout','127.0.0.1','2017-08-26 06:14:59'),('7f336e82-4d12-4dc7-b765-78b4c7880a22','created',30,'Modules\\Template\\Entities\\UserCredentials','[]','{\"emp_id\":\"9000000\",\"group_id\":2,\"is_approved\":1,\"isactive\":1}','123456789','http://bghfiletracks.com/administrator/register_account','175.158.200.91','2017-11-27 16:02:06'),('7f6458e6-d945-434a-8868-1e4ed07625c4','updated',2,'Modules\\Template\\Entities\\UserCredentials','{\"remember_token\":\"4cuiXg3RVstQCOnBft6lOD6sEZPABaSkOdT7pZ3wBGbnmUn2xfn4rvdF8eJS\"}','{\"remember_token\":\"OfcDlePABaFmw7KiKWNahNWlELpYGoQ0VTTge994gB84vivrMltgWatU5mc8\"}','2','http://local.bghmc.com/logout','127.0.0.1','2017-08-18 23:52:18'),('7f77d346-f547-48df-be32-34ca64bada92','updated',987654321,'Modules\\Template\\Entities\\UserCredentials','{\"remember_token\":\"EUEBwvdkaLyUbEKW4xKgogT4qYEIljc0PvMVU7x1GmVdJ5hbGp0kxIOz8dKi\"}','{\"remember_token\":\"8CkqpSZFBNXCbZCtBxlaZcs7FmRbgw3JiVqlYxenCtX9ZEaDoxS6AzbbilwE\"}','987654321','http://bghfiletracks.com/logout','104.131.19.173','2017-11-27 03:48:53'),('7f7da7f0-3da0-47ff-aac7-0912e27865d4','updated',4000000,'Modules\\Template\\Entities\\UserCredentials','{\"remember_token\":\"f3yOsVoMl3A0U0LBU5z02wteBItaiPD7CB0fH2XTBApHtKnEOJpQBd5lpYut\"}','{\"remember_token\":\"c84g2x4hoRAEPKac5yDJbLRhcX0grI19uAPFZJGDdjKcz0BDjIjFcGQEhjIy\"}','4000000','http://bghfiletracks.com/logout','175.158.200.91','2017-11-27 16:38:33'),('7fbb3719-7170-48e1-8aba-28be387dd3c6','updated',20100909,'Modules\\Template\\Entities\\UserCredentials','{\"remember_token\":null}','{\"remember_token\":\"jiCkKpH5oD2OVNTKadrvAg0obheN87IkXGGHoPCqzBo2oijHC7DlIqKNxcXW\"}','20100909','http://bghfiletracks.com/logout','175.158.200.83','2017-11-13 17:42:24'),('7fe14936-bcd1-4e72-be5a-58af3eb7be11','created',10,'Modules\\Template\\Entities\\UserCredentials','[]','{\"emp_id\":\"2009\",\"group_id\":1,\"is_approved\":1,\"isactive\":1}','2017','http://local.bghmc.com/administrator/register_account','127.0.0.1','2017-09-09 08:37:55'),('81bd2e7a-fe40-4f90-9c3c-27d5a68a36ed','updated',987654321,'Modules\\Template\\Entities\\UserCredentials','{\"remember_token\":\"6m35ZHkZgFaP91GFThVnGilCtiMv8ujIQBSQ5M2IHHn5jXOcUWtslwr29yZ6\"}','{\"remember_token\":\"FmgrqGNqaY6f7K7bJOhg9LDSC2rR1avD9zTq97sONV3VNAddw62LTi3f4ETi\"}','987654321','http://bghfiletracks.com/logout','49.151.207.15','2017-11-14 12:00:44'),('821e2483-b444-463e-9e8c-f57caf7b2a03','created',5,'Modules\\Template\\Entities\\UserCredentials','[]','{\"emp_id\":\"20135845\",\"group_id\":1,\"is_approved\":1}','1','http://local.bghmc.com/administrator/registerpersonnel','127.0.0.1','2017-08-22 05:53:55'),('8278959c-cc8f-4de7-acbe-d223ff08a449','updated',3013,'Modules\\Template\\Entities\\UserCredentials','{\"remember_token\":\"0qjdkXBCI9EOGhFSjbmlhkydSTErZ6VjH1M2WG938Ljd0adUQ9LcmmMW1MLo\"}','{\"remember_token\":\"BqXQNDAenb99MZUtIQPOPFbNSPBwV2UDLctbec3g8PQHjjFASq1qG1FmifWM\"}','3013','http://local.bghmc.com/logout','127.0.0.1','2017-09-08 02:09:59'),('82f696aa-7291-4827-acce-be34f28c4dae','updated',123456789,'Modules\\Template\\Entities\\UserCredentials','{\"remember_token\":\"pAfgFhuIE5ALJZa5BUOwtVW5cPzmaWezJKgKXTYdVH1kYFPbedyU00ftjthf\"}','{\"remember_token\":\"wLcbnc7qEFAhd23kynpTcbyyQvp0mKI6fuYGyHnSqcCKwjTb4xmeVi6B8U9g\"}','123456789','http://bghfiletracks.com/logout','175.158.200.91','2017-11-27 15:43:48'),('83c349cb-7595-4e51-9956-f027adc51ee4','updated',3013,'Modules\\Template\\Entities\\UserCredentials','{\"isactive\":0}','{\"isactive\":1}','3013','http://local.bghmc.com/administrator/update_activity','127.0.0.1','2017-09-04 01:56:26'),('83e391ed-fadb-40e0-926a-89dbbab53151','updated',123456789,'Modules\\Template\\Entities\\UserCredentials','{\"remember_token\":\"D5xj6hTLhLjLuoDF9fWO3Yu08z4lfCz4TqVQNaAgzvZTXbuvdXPlJQpEmuT0\"}','{\"remember_token\":\"Y7oTlS6O33dOi0k0eAKYuZglrZuXHws29LzwS29ykDlLJe9gSccWDmaYPXyV\"}','123456789','http://bghfiletracks.com/logout','119.94.183.129','2017-11-27 08:04:10'),('841fc609-0e13-487e-948f-359103eb1d90','updated',20112987,'Modules\\Template\\Entities\\UserCredentials','{\"remember_token\":\"IcvTH6IVraJGdha7vu1MZmBEU42D6lLfaetX1E87WIYw5MYwTOTdnHeGCBwY\"}','{\"remember_token\":\"yHPNVvmS4VRL7acQDU7FgxgtAMb79G3wnF59xYDbGg8xXYfay8sISCkiBGFq\"}','20112987','http://bghfiletracks.com/logout','66.249.82.185','2017-11-27 02:29:48'),('848ce47f-e948-4464-8648-dd406f72c592','updated',20135845,'Modules\\Template\\Entities\\UserCredentials','{\"isactive\":0}','{\"isactive\":1}','2017','http://local.bghmc.com/administrator/update_activity','127.0.0.1','2017-10-11 12:55:30'),('8491fe4a-8e19-4645-aa20-5a15d2f03502','updated',123456789,'Modules\\Template\\Entities\\UserCredentials','{\"remember_token\":\"oLc5dluQKaG0dNn7KjRNAi6bIhuacJVXtbOYKOLiKIBBsYTRPzALlqswl1VS\"}','{\"remember_token\":\"T2zBylmMF8V1Rvp4cfxzmcRyB5DMnRiqqMIqnG6Bb85IWmneDxyCUluY9WHe\"}','123456789','http://bghfiletracks.com/logout','104.131.19.173','2017-11-27 16:19:17'),('84fc6a99-1dc4-4b91-a8e6-775c9f0281e0','updated',123456789,'Modules\\Template\\Entities\\UserCredentials','{\"remember_token\":\"zenlOGPSb0j9IU83EklM7TICes26xXVcLTNH09ktDCViIICOxBAxnYHoC7e6\"}','{\"remember_token\":\"d7fGxVPG0LUYnOcDb4jy1tKYlwEb3fo6lJC8kDsCbDgkcrENoIY0m6ZZzwhW\"}','123456789','http://bghfiletracks.com/logout','49.151.207.15','2017-11-14 09:36:33'),('85b55f95-b1dd-42e6-9f93-ae618549bf88','updated',123456789,'Modules\\Template\\Entities\\UserCredentials','{\"remember_token\":\"dcTTIqajziJS23urEoqqmVnEiqzqoDvfpVWujbjHffg3BsEX9gxr0G2Fc2Gt\"}','{\"remember_token\":\"zenlOGPSb0j9IU83EklM7TICes26xXVcLTNH09ktDCViIICOxBAxnYHoC7e6\"}','123456789','http://bghfiletracks.com/logout','49.151.207.15','2017-11-14 09:04:19'),('85db82d2-e223-4561-8894-c82b75d4212c','updated',123456789,'Modules\\Template\\Entities\\UserCredentials','{\"remember_token\":\"b1Nkcx6k8YEKUHbWLjLKp1SuOJvSee9pHQhHAAwp6QZAsyUgNe2wNEGqgidm\"}','{\"remember_token\":\"0kPNA3SXrStM9csofjXbr4qS4dOzwadi4k0Xfoj6DmQYgSQitY28KlZOB8K1\"}','123456789','http://bghfiletracks.com/logout','119.94.89.181','2017-11-14 21:24:23'),('87bfb887-63dd-4430-a7ee-d64b8fd5d99f','created',5,'Modules\\Template\\Entities\\UserCredentials','[]','{\"emp_id\":\"121314\",\"group_id\":2,\"is_approved\":1,\"isactive\":1}','3013','http://local.bghmc.com/administrator/register_account','127.0.0.1','2017-09-08 02:10:15'),('87c00f7e-b60d-4110-9e6f-b1f20c039441','updated',111112222,'Modules\\Template\\Entities\\UserCredentials','{\"remember_token\":\"31KB8xRPORTPsH9aCUTjYg2fAqlrykSnOCY5CQBv5xl1lSCaPy5ZNlsFNNGU\"}','{\"remember_token\":\"T6G6awe7BYJZcElAh4dmbShj9xG64Gxf3uwpRQCtnwIRdDef5zZC3GHIaM6h\"}','111112222','http://bghfiletracks.com/logout','180.191.61.4','2017-11-13 06:10:45'),('87e7974a-7b17-4c87-b4da-5df664483b19','created',18,'Modules\\Template\\Entities\\UserCredentials','[]','{\"emp_id\":\"2001\",\"group_id\":2,\"is_approved\":1,\"isactive\":1}','2017','http://local.bghmc.com/administrator/register_account','127.0.0.1','2017-09-09 08:51:08'),('87f1a223-f49d-4246-8ed2-272fd1c8b1c1','updated',3000000,'Modules\\Template\\Entities\\UserCredentials','{\"remember_token\":\"3NYET27DSrAg2jROdyR0d2oXINbgNiC1H5WO9TF9oBxU8xcSlqImlbcqPGqA\"}','{\"remember_token\":\"7Fnk1zIyVggVRvjQOu2y0zVjNQQGKVmls3bl9DD5idfVoxflpfj9o94CcKVQ\"}','3000000','http://bghfiletracks.com/logout','175.158.200.86','2017-11-29 18:36:14'),('8871e210-c9c2-4fd4-9cd0-f778f4f03c9f','updated',987654321,'Modules\\Template\\Entities\\UserCredentials','{\"remember_token\":\"FmgrqGNqaY6f7K7bJOhg9LDSC2rR1avD9zTq97sONV3VNAddw62LTi3f4ETi\"}','{\"remember_token\":\"OOoKOvn5F29516S5UHHmMfH9K7wvCp3VtJTeM0gNLwCjjhVFOUTxzGJ5VSoP\"}','987654321','http://bghfiletracks.com/logout','49.151.207.15','2017-11-14 12:02:31'),('895382e6-7a93-4247-92d0-705eccad7f15','updated',20135845,'Modules\\Template\\Entities\\UserCredentials','{\"remember_token\":\"qJIJtPHV3FxoguAgWgxa04qppbDcgSZtMuvTg74Pe7YR53Om9tC4YnWj2Cz9\"}','{\"remember_token\":\"VZQ8srDejNjWVZ4Z3dhe2Uf4OTKHCGQGFX6tLqB8ZmtnWVRAKkn2PwFREJMn\"}','20135845','http://bghfiletracks.com/logout','49.151.207.15','2017-11-14 06:51:27'),('89cdcdf5-cce2-48c3-acbf-4c8bbb86155f','updated',3333,'Modules\\Template\\Entities\\UserCredentials','{\"remember_token\":null}','{\"remember_token\":\"SAjdVQ2t418dL7OpbymWEh07sH6nVpmnWDIKvsjYsVSU9vPDhpQeteaAJtE3\"}','3333','http://local.bghmc.com/logout','127.0.0.1','2017-09-02 23:10:04'),('8a79f091-9c9e-4527-831b-905c8ff6e1cd','updated',123456789,'Modules\\Template\\Entities\\UserCredentials','{\"remember_token\":\"N9QQTgFgxbpFkRQkNdcNg6TZyS66WZgPMnteHF4Vx34zw82PCXLPWhVATDro\"}','{\"remember_token\":\"zCb9EwSVjZppxmPFhgRN1TZ7zLMLPD4AOFkdDigcnrjQD73IQzSws53t5Ifg\"}','123456789','http://local.bghmc.com/logout','127.0.0.1','2017-11-21 09:42:07'),('8a91f966-3dc3-4242-9407-37823538e8fb','updated',123456789,'Modules\\Template\\Entities\\UserCredentials','{\"remember_token\":\"GxUAUUfknJAH1ctf15UN9Np8ekbmOT3O0EyaPtiHeA2a1CWhnx9xpgN9C1EP\"}','{\"remember_token\":\"7RmHISMyKFRLXWZABbU4XEs8kiycM9M0TVenv6EYIhNoMk4Ce91hcB9jHb4U\"}','123456789','http://bghfiletracks.com/logout','66.249.82.185','2017-11-14 15:20:21'),('8ad280d1-6fbb-46bb-81ce-0488185895b9','updated',123456789,'Modules\\Template\\Entities\\UserCredentials','{\"remember_token\":\"sfwMtg7gcqEVUTxZKpFIYcZMRqza4MEOgvWvtSnObPr8VxPNt6PT7VcAmtKy\"}','{\"remember_token\":\"TFLi2YW3YhmU9Tk38zqGNEzjps263XkCku7fBppZORqgl4GU5oWCJhnJ7Vc2\"}','123456789','http://bghfiletracks.com/logout','66.249.82.185','2017-11-27 21:27:30'),('8afed4f0-0168-4254-9f91-cde505da9207','created',11,'Modules\\Template\\Entities\\UserCredentials','[]','{\"emp_id\":\"20135845\",\"group_id\":1,\"is_approved\":1}','1','http://local.bghmc.com/administrator/registeraccount','127.0.0.1','2017-08-24 03:47:48'),('8b6f7955-dc9e-488a-98d2-9e7988f18110','updated',123456789,'Modules\\Template\\Entities\\UserCredentials','{\"remember_token\":\"WrRYBUu5nnmKTPWaMbDGhYE60ter9r81wzM8reenFZvTjfdv41TWSDwHvWaL\"}','{\"remember_token\":\"vJJyw3QgKmCYaVldJWQGQgZLZgXae9ZYFsDaGYNfDkhLc8FDtsL6BEw6wy3D\"}','123456789','http://bghfiletracks.com/logout','119.94.183.129','2017-11-27 14:01:29'),('8bce53aa-51e5-4df8-a083-87757431c89b','updated',3433,'Modules\\Template\\Entities\\UserCredentials','{\"isactive\":1}','{\"isactive\":0}','3013','http://local.bghmc.com/administrator/update_activity','127.0.0.1','2017-09-06 05:00:04'),('8bd22e2a-0ef2-47e8-99a9-c5db94c25a32','updated',20100909,'Modules\\Template\\Entities\\UserCredentials','{\"remember_token\":\"jiCkKpH5oD2OVNTKadrvAg0obheN87IkXGGHoPCqzBo2oijHC7DlIqKNxcXW\"}','{\"remember_token\":\"nkZMQbMBBRnMCYQJUBU2LT7Nxq0bSw9VsKSYDSlj3iocNLYrz36S4FFIbNjy\"}','20100909','http://bghfiletracks.com/logout','175.158.200.82','2017-11-13 17:57:37'),('8caf7c8f-6033-442f-ada4-f1af1d17d13f','updated',4000000,'Modules\\Template\\Entities\\UserCredentials','{\"remember_token\":\"c84g2x4hoRAEPKac5yDJbLRhcX0grI19uAPFZJGDdjKcz0BDjIjFcGQEhjIy\"}','{\"remember_token\":\"2DCUzbPML9sjBKEztM8d6TlQcEpI1qSHojDTwfHDvpM7MEv0Bg2XmtFMhiwA\"}','4000000','http://bghfiletracks.com/logout','175.158.200.91','2017-11-27 16:44:33'),('8d9bc1e4-f0e2-4ec0-840f-8c4e47ff9ccc','updated',2013,'Modules\\Template\\Entities\\UserCredentials','{\"isactive\":1}','{\"isactive\":0}','2017','http://local.bghmc.com/administrator/update_activity','127.0.0.1','2017-09-09 08:27:59'),('8e09fcda-633e-425f-977c-b8d61094a4af','updated',123456789,'Modules\\Template\\Entities\\UserCredentials','{\"remember_token\":\"csU8srpHA473GkbrgaHfou5tFaBglSZxnd5gqEfN7tQV9dbL77DYZTIFfigM\"}','{\"remember_token\":\"N9iUkbDc7PxhcCGYFqCvUSfxVGiikom0L1hmDB7Jr4L8wuDN3pUgKszRfWgy\"}','123456789','http://local.bghmc.com/logout','127.0.0.1','2018-01-31 13:18:14'),('8e189c6c-6406-4cb6-a201-ca7c868f40b0','updated',123456789,'Modules\\Template\\Entities\\UserCredentials','{\"remember_token\":\"7vZL7jBKRQh2XNzVQLesljhpjlmJjoHNvznp33GSA496XN8Xbmcbk2Abh4Ae\"}','{\"remember_token\":\"7jvchfdXy1MPjY9IZUQ4ieo0guhN7albzkhXz2zu7NahsxOJv480MbTfD6CG\"}','123456789','http://bghfiletracks.com/logout','49.151.207.15','2017-11-14 11:07:47'),('8ee27e07-a97c-4d0f-ac86-d7eeafad0797','created',6,'Modules\\Template\\Entities\\UserCredentials','[]','{\"emp_id\":\"1234\",\"group_id\":2,\"is_approved\":1,\"isactive\":1}','2003','http://localhost:8000/administrator/register_account','127.0.0.1','2017-08-27 20:22:12'),('8f8f0d13-e904-4542-a66d-35d1ed7b1357','updated',123456789,'Modules\\Template\\Entities\\UserCredentials','{\"remember_token\":\"6XzJQwtMrZftTBblACcIXwW4lFiMYJxTvPqOd8P1La5cyMQk39DtW43eIejH\"}','{\"remember_token\":\"OMiDC0jzSYxmMDz3iYTuoUJwVuDDj5T8XkuuqOTjz9sF5aGwkQw3431yypJu\"}','123456789','http://bghfiletracks.com/logout','112.210.243.118','2017-11-27 13:49:38'),('8fc06872-9b31-418e-b546-60b76e74660f','updated',1000000,'Modules\\Template\\Entities\\UserCredentials','{\"remember_token\":\"ox4S1LaRdtmS0GX4oUISS3jZECIIoEetLjWSr9F7aT0gXr89YrirIEFuFM1O\"}','{\"remember_token\":\"jymQidrhBEhF5CHnegnmgBo4LBv16oodqZiOUuRgHmhWpJuFdmkQsFE1sfpT\"}','1000000','http://bghfiletracks.com/logout','175.158.200.91','2017-11-27 17:13:10'),('8fcaa072-1380-4679-b32c-8e29451cdd8e','updated',123456789,'Modules\\Template\\Entities\\UserCredentials','{\"remember_token\":\"xY9bjvFQjWaDpazixxuNtUHw5douqwU878HMjI0ApLrq2wBYhC41uxQoFE9L\"}','{\"remember_token\":\"CFTfefHs0ApAxqpsmmnMQB6A8rFG2UgaV7y7CHYLv8h4DDZnB2LLndOuEaiY\"}','123456789','http://bghfiletracks.com/logout','119.94.183.129','2017-11-27 13:47:03'),('8fee4de9-39a0-43c2-afce-b13df702c350','created',22,'Modules\\Template\\Entities\\UserCredentials','[]','{\"emp_id\":\"1000000\",\"group_id\":1,\"is_approved\":1,\"isactive\":1}','123456789','http://bghfiletracks.com/administrator/register_account','175.158.200.91','2017-11-27 15:58:36'),('90154f7e-0a66-47cb-b7b5-17b84176bbe7','updated',2018,'Modules\\Template\\Entities\\UserCredentials','{\"remember_token\":\"HIY7EOrWyZ4kDQzRZlnCtTDZRUqYiQzfSqQf4QbyWS5zAe0A2rib5YThyrut\"}','{\"remember_token\":\"b480fqhI322i8qZ3tsEmN1U6GHbjJYUPf5LFzdbY9StkyDONeGM6rvBIbWBn\"}','2018','http://localhost:8080/template/public/logout','::1','2017-09-19 14:14:08'),('9021177f-ab03-4cad-b1a3-cf5c7225c282','updated',987654,'Modules\\Template\\Entities\\UserCredentials','{\"remember_token\":\"0VxRH4TxMPkrOrbdiWWsVOjuNYveIt1UpNdmY2rO6JdhfSzia0vks5a6HzEs\"}','{\"remember_token\":\"4Is8yCx5gfG1hq4jlt4NGEOLijf3pEhI0Mv0rLGkReLAxN4saMDko1Qznygu\"}','987654','http://bghfiletracks.com/logout','49.151.207.55','2017-11-14 05:29:21'),('9048899a-254e-4a33-bd9d-58433103e125','updated',2013,'Modules\\Template\\Entities\\UserCredentials','{\"remember_token\":\"PoOgUCwuSngOyYfCqgwdgDEyHTyN5mbaNappG1QPs9J2bubQzjgjQEgkUOoh\"}','{\"remember_token\":\"lVNqPjqXPucJPpjnNWjZzvpY1C6ieEfy1MWM7OihCsJX9TjOy7H5Q5SY9AgH\"}','2013','http://local.bghmc.com/logout','127.0.0.1','2017-10-14 12:52:14'),('90765a13-2659-4fc6-bc7f-8281a4334f23','updated',2007,'Modules\\Template\\Entities\\UserCredentials','{\"isactive\":0}','{\"isactive\":1}','2017','http://local.bghmc.com/administrator/update_activity','127.0.0.1','2017-09-09 10:13:43'),('908462bd-951e-4b1f-9b94-f2bf372fc395','updated',123456789,'Modules\\Template\\Entities\\UserCredentials','{\"remember_token\":\"d7fGxVPG0LUYnOcDb4jy1tKYlwEb3fo6lJC8kDsCbDgkcrENoIY0m6ZZzwhW\"}','{\"remember_token\":\"OyIHCHl2O5R1b6ai63DH1UxoH1WQIr7pFtH5vjIMkzKfiz0OL3nkyD0VxpwN\"}','123456789','http://bghfiletracks.com/logout','49.151.207.15','2017-11-14 09:41:57'),('916d1d71-1f04-48a5-b028-501931fd4deb','updated',123456789,'Modules\\Template\\Entities\\UserCredentials','{\"remember_token\":\"b6az8fA6DidPulOGSgfxdrBMAMIfmeOUfs5zcCGPyPXG4ydgSgj4kEL7vLbC\"}','{\"remember_token\":\"xMrksT36HXimJEG3SJfLgYVg2zpRiy7T3tIdTsQ4HAC2sE4ih3ezDBZ5p22j\"}','123456789','http://bghfiletracks.com/logout','66.249.82.185','2017-11-13 03:31:37'),('9261c982-7e11-41ae-afbe-05acc4208e73','updated',3013,'Modules\\Template\\Entities\\UserCredentials','{\"isactive\":1}','{\"isactive\":0}','3013','http://local.bghmc.com/administrator/update_activity','127.0.0.1','2017-09-06 05:03:25'),('92c19711-1300-46e7-bbca-0f9b047aeb3a','updated',20112987,'Modules\\Template\\Entities\\UserCredentials','{\"remember_token\":\"luho3mD0w0C46KrY14qJN88dG82SSAEP1Rvqx2cDPXhcRR6ePteYekPuguPn\"}','{\"remember_token\":\"TIaKjFGGrMy6fSI0JzgFWpCLGHV6ffG2SVh2BxgG5CLjaII1BcyJUQl6Tkcp\"}','20112987','http://bghfiletracks.com/logout','66.249.82.181','2017-11-24 01:04:20'),('93944522-6b73-4311-a1e9-03b6b2778288','updated',2017,'Modules\\Template\\Entities\\UserCredentials','{\"remember_token\":null}','{\"remember_token\":\"VSRxW7TZW0T1qATjsKszqaodMyZpCPXpDGKCCCrU9VWwa3KL9vWZawgjHVB6\"}','2017','http://local.bghmc.com/logout','127.0.0.1','2017-10-13 12:23:22'),('93dfcdeb-166e-4e64-8401-afd4eb6595a2','updated',123456789,'Modules\\Template\\Entities\\UserCredentials','{\"remember_token\":\"vJJyw3QgKmCYaVldJWQGQgZLZgXae9ZYFsDaGYNfDkhLc8FDtsL6BEw6wy3D\"}','{\"remember_token\":\"9kjiIfh4jbvDZemc8YcxZj33WX4vOwXnEFJAepcHtwwKBex1QBvSytJ8gOzo\"}','123456789','http://bghfiletracks.com/logout','112.210.243.118','2017-11-27 14:15:53'),('93e345ad-070e-450b-a9c7-4bb5a20e055c','created',7,'Modules\\Template\\Entities\\UserCredentials','[]','{\"emp_id\":\"2012\",\"group_id\":1,\"is_approved\":1,\"isactive\":1}','2017','http://local.bghmc.com/administrator/register_account','127.0.0.1','2017-10-14 12:52:37'),('94722fa6-145e-457c-929c-03bcc75864f9','updated',20135845,'Modules\\Template\\Entities\\UserCredentials','{\"remember_token\":\"tqygfQSgQAxFeUAMdtWPwOitiCcfZeEUhnQwAHrtDotFhB6oUELItIo0xN6l\"}','{\"remember_token\":\"SGHhYMmhFIbH2Sx6chXrgcDCI5NE0Vjj2lPfO9UedHgwGo2ZCsMy9QY4q0kT\"}','20135845','http://local.bghmc.com/logout','127.0.0.1','2018-01-12 14:12:05'),('94c5e620-3fc7-4957-8aca-e6d0c229f818','updated',123456789,'Modules\\Template\\Entities\\UserCredentials','{\"remember_token\":\"hFhC5eHH9oK5cGrzFNUUyJqS9nbiyVJOYHkZtb2vnP1VZ8dhrvrdmfKHm0Fp\"}','{\"remember_token\":\"6WRW7DUrOcE9x40jdZTODqhv6kHaBPovPT9qQo3UZFnmS885YbHS765vApHM\"}','123456789','http://bghfiletracks.com/logout','66.249.82.185','2017-11-22 13:33:34'),('94c5f1e6-752c-41d5-97be-2d4ec79831ed','updated',4000000,'Modules\\Template\\Entities\\UserCredentials','{\"remember_token\":null}','{\"remember_token\":\"VerhXsM437bBjrAdmaZ51kGs31SqLAQ9MQHmnavTRozufwoVc87qflgsOQ6K\"}','4000000','http://bghfiletracks.com/logout','175.158.200.91','2017-11-27 16:12:39'),('94fab19b-89d7-4a9b-b04f-86e231f62567','created',5,'Modules\\Template\\Entities\\UserCredentials','[]','{\"emp_id\":\"20132987\",\"group_id\":2,\"is_approved\":1,\"isactive\":1}','2017','http://localhost:8080/template/public/administrator/register_account','::1','2017-09-20 00:33:52'),('951d5d06-52a1-41ea-b21d-a5dd9074e939','updated',2017,'Modules\\Template\\Entities\\UserCredentials','{\"remember_token\":\"MbKUq3GAQ1e14SXiOSWEmxEeIPKHkJxjUoam3ezTKktK0BL6gpVBKYx8CKhE\"}','{\"remember_token\":\"u7pNsF6eD3mDS6IpaqMsT7i8jgjd3tS6H1SaOJb5YGh0WfwfsLJOyDMFxeyV\"}','2017','http://localhost:8080/template/public/logout','::1','2017-09-22 03:23:17'),('958f8007-066b-4f99-872f-848a23816aab','updated',2005,'Modules\\Template\\Entities\\UserCredentials','{\"isactive\":0}','{\"isactive\":1}','2017','http://local.bghmc.com/administrator/update_activity','127.0.0.1','2017-09-09 09:30:34'),('976fff8a-71d2-4629-8efe-53feb706cf0b','updated',20135845,'Modules\\Template\\Entities\\UserCredentials','{\"remember_token\":\"N8Y2wJZxZS9EdA5pw8DwVNqTu7qXCPWIzd1YfcY5HDRIoQ1QVYxyG8nfVisw\"}','{\"remember_token\":\"9DP5NZS81AyoqNcAEqD1SZsuWkb87y8Fsbj2RK1emCA1gla1ZcnIQLC0NX45\"}','20135845','http://bghfiletracks.com/logout','175.158.200.91','2017-11-27 15:41:25'),('981f55e2-b838-4a53-996d-686a6ed4b4c6','updated',20112987,'Modules\\Template\\Entities\\UserCredentials','{\"remember_token\":\"pmaogB1wAWOYRWtE6MPYnSv4hBQ6Z3z73k44qSaiSl2Lvlhdlfvf3yStoOln\"}','{\"remember_token\":\"X9tFQi8JkAnR4mA8pdJwfQAIGvsW7Fm2HmHyF9UG4C6vkvkG7T7Nju1QOtZb\"}','20112987','http://bghfiletracks.com/logout','66.249.82.185','2017-11-26 15:08:29'),('9854d36e-2350-449f-b75e-cfd023a2b564','updated',987654321,'Modules\\Template\\Entities\\UserCredentials','{\"remember_token\":\"NS4pc1pT8rAuppTVyluCMNFiA2BXEplOeQ5jaFxGHtWgriwlj3rMcvx1L4V6\"}','{\"remember_token\":\"N626GcZUbaODW180brUbz7AHHDX32HCMEHWpCZ2gpkw1NXKGXhqllnBOpcJI\"}','987654321','http://bghfiletracks.com/logout','49.151.215.148','2017-11-24 08:31:38'),('98a33a96-9319-401b-a84e-9e715367e9ac','updated',123456789,'Modules\\Template\\Entities\\UserCredentials','{\"remember_token\":\"YQxVee2EHevA8RORyIPCM7wz8D5dgv7gJdKvm3GuJKiQ4AL9t5udg0pPrs5I\"}','{\"remember_token\":\"rXTCUHIdbFWl5vY251qogNPyhLCQvgCoAWl393AOqlfQ9J2IcMBYeJ03T1V1\"}','123456789','http://bghfiletracks.com/logout','66.249.82.181','2017-11-22 12:04:07'),('98cb8693-3634-43e4-907a-4ea0a782a6a2','updated',2,'Modules\\Template\\Entities\\UserCredentials','{\"remember_token\":\"ngqvN7BkraDB3wsCvD6uN8IOJYTqB7usYk98ddfhnvLByAioYtAhRQ83Gejc\"}','{\"remember_token\":\"DXjXpLMPL3rE3ZzqSaIdS1Yge9U1VpiNn3kU8k5QZhO3fFazHjVNKfeKG8vD\"}','2','http://local.bghmc.com/logout','127.0.0.1','2017-08-15 04:42:31'),('98faf450-176e-46d9-ac50-d08298eef063','created',4,'Modules\\Template\\Entities\\MainNavigation','[]','{\"group_id\":\"2\",\"title\":\"Client list\",\"route\":\"inventory.clientlist\",\"parent\":\"0\",\"arangement\":\"1\",\"properties\":\"{\\\"i\\\":{\\\"class\\\":\\\"fa fa-id-card\\\"}}\"}','1','http://localhost:8080/template/public/template/add-main-menus','::1','2017-01-31 22:33:27'),('995b38e8-cd79-48bf-9902-fe64f89bb4c0','updated',2016,'Modules\\Template\\Entities\\UserCredentials','{\"remember_token\":null}','{\"remember_token\":\"2PVa6ogDwJ2FOf4INQFnTPIvDmJJk19UKbyJwxiblu9FveTWLLys7pBkoilA\"}','2016','http://local.bghmc.com/logout','127.0.0.1','2017-10-13 14:12:57'),('997febd3-58a7-48fb-a05d-696f9a44f9a9','updated',4444,'Modules\\Template\\Entities\\UserCredentials','{\"remember_token\":null}','{\"remember_token\":\"hIgXNPUsct228rbQnew6I0dcWdkjUGzDXNNb1Q8GF87miJQez47PfhIkZQKe\"}','4444','http://local.bghmc.com/logout','127.0.0.1','2017-09-02 23:38:21'),('99cdafee-8493-41a3-9c2b-58522e61d153','created',10,'Modules\\Template\\Entities\\UserCredentials','[]','{\"emp_id\":\"2222\",\"group_id\":1,\"is_approved\":1,\"isactive\":1}','2003','http://local.bghmc.com/administrator/register_account','127.0.0.1','2017-09-01 01:05:21'),('9a2046ef-aed9-4783-a0d9-9629d27681f0','updated',14861986,'Modules\\Template\\Entities\\UserCredentials','{\"remember_token\":\"2phsP0xhv9MrrtwhphFBSRshmg4YcnuDmFuXZXB0pGcqIIcnJtPv5ioFzloS\"}','{\"remember_token\":\"dwLz02x7EjeLPYWkPco8uwJPicUq2xbCCXdZFGhWZTQLxTKra3zBTXbNKSl4\"}','14861986','http://bghfiletracks.com/logout','49.151.207.55','2017-11-14 05:28:57'),('9ab7014a-d6ea-41ae-8874-71abf2b3385f','updated',123456789,'Modules\\Template\\Entities\\UserCredentials','{\"remember_token\":\"rBK50GI8fFBRY6FdqTM0wjhmtJqIbz6bqBdE1weNeRVoanwtvK2v4VBzvayN\"}','{\"remember_token\":\"afuwthKif7wWnfVfNuto1IG8xjH0xin4UjpeE0VqtSKx88hqGYEoHPPxJ6Mq\"}','123456789','http://bghfiletracks.com/logout','175.158.200.91','2017-11-27 17:16:35'),('9b3b0d00-a94c-427e-a5c2-954d5f4fea75','created',8,'Modules\\Template\\Entities\\UserCredentials','[]','{\"emp_id\":\"20100909\",\"group_id\":2,\"is_approved\":1,\"isactive\":1}','123456789','http://bghfiletracks.com/administrator/register_account','175.158.200.82','2017-11-13 16:34:38'),('9ce85f46-4ef9-41af-9b57-8fe0eb2df33b','updated',2017,'Modules\\Template\\Entities\\UserCredentials','{\"remember_token\":\"8B4VSNRi0EMVZfEIMlNe5L3EChH1offwKNsKAwIBunZ3nwALm37auDu2EDre\"}','{\"remember_token\":\"dAO5e7NoOhJzuCZVhRmup2xbGO0FtM7zc8S1MexxnuD6JauL14A34AzfiYN7\"}','2017','http://local.bghmc.com/logout','127.0.0.1','2017-10-14 10:51:27'),('9d44b418-d4fe-44f9-ad2d-6d752c9c9be8','updated',3013,'Modules\\Template\\Entities\\UserCredentials','{\"remember_token\":\"bkprexXtfhMRC3kENFtVsz5daoTuAtvevxif7bRMqSrgaKStGpSvgvOwsLBn\"}','{\"remember_token\":\"ybL8UjEnW7x9r1lrjRBHOK9dwNRFc4ZR6ahoAAJuoX5PmzLbZYkC8KetQqdL\"}','3013','http://local.bghmc.com/logout','127.0.0.1','2017-09-08 02:13:20'),('9d4ccc48-5742-4499-aa91-e0118fde55f1','updated',123456789,'Modules\\Template\\Entities\\UserCredentials','{\"remember_token\":\"AhtAL6raqzNvOZSyj8h7YzQfJJrrE2oaGn5dyNVVetU2Ivett9Pi2MJ5vzSV\"}','{\"remember_token\":\"OSAEQOB8YiQxvWQvXueAUuJZ5LWoo3ALgZGN6npg71fl2trfv7yUQMosHMcq\"}','123456789','http://bghfiletracks.com/logout','121.96.170.68','2017-11-14 19:47:43'),('9e4eed9a-4778-4c0c-a33c-09fe2fae7254','created',7,'Modules\\Template\\Entities\\UserCredentials','[]','{\"emp_id\":\"2012\",\"group_id\":1,\"is_approved\":1,\"isactive\":1}','2017','http://local.bghmc.com/administrator/register_account','127.0.0.1','2017-09-09 08:58:25'),('9ec437b2-1e47-4032-a64f-237a78f9f83a','updated',20135845,'Modules\\Template\\Entities\\UserCredentials','{\"isactive\":\"1\"}','{\"isactive\":0}','123456789','http://bghfiletracks.com/administrator/update_activity','49.151.207.15','2017-11-14 08:37:46'),('9f1b5d52-a4d9-4ab0-8f25-80b00fe83d06','updated',123456789,'Modules\\Template\\Entities\\UserCredentials','{\"remember_token\":\"QGfwIvM09fHTHSZeEPxPXK1IXRJAKwabGv64NF21LFTH9Z0JNVZiuRxCjKgC\"}','{\"remember_token\":\"WrRYBUu5nnmKTPWaMbDGhYE60ter9r81wzM8reenFZvTjfdv41TWSDwHvWaL\"}','123456789','http://bghfiletracks.com/logout','119.94.183.129','2017-11-27 13:57:45'),('9f7d5572-3750-4642-809f-89671c57c6e8','updated',20112987,'Modules\\Template\\Entities\\UserCredentials','{\"remember_token\":\"VYorImF4EIsmoZcfsK4hIjFPPkSuoClmzGO1RC5dalRrnvi6L9xYh2eJX4ph\"}','{\"remember_token\":\"CwIxvY7t01do1MNgQFlR41iNVN7NZEv9WLSp07ekKOfErL4CSDzlMJDrTwZz\"}','20112987','http://bghfiletracks.com/logout','121.96.170.68','2017-11-14 20:01:19'),('9f7fd696-0cad-4430-ab0e-13f79fb82d1d','updated',123456789,'Modules\\Template\\Entities\\UserCredentials','{\"remember_token\":\"3w3V5jmqB9CLLXk0nOzepoNlO5qIBv3OTiznMx4csojhxnMhS2xOUTRAT4pU\"}','{\"remember_token\":\"IFrLOCJ7xOdy64rGtgu7diDC2oKsXbguDEMfR6wGhQY1abCTfQ08YzBz3D1B\"}','123456789','http://bghfiletracks.com/logout','66.249.82.185','2017-11-13 05:04:38'),('9f98d734-afc0-4182-a09d-fd1f31d54f11','updated',123456789,'Modules\\Template\\Entities\\UserCredentials','{\"remember_token\":\"FKHytw5Bi5lCiEPRRJDRuaqrlpg7s8SNixbNgDL1lCmOuDNsh8D4gTNDgOjA\"}','{\"remember_token\":\"j043Xwu8gN2PVHQcJbxa7nqaZ22ltE3aMHE37orshYEZ8SnB58KsDHgnSZjZ\"}','123456789','http://bghfiletracks.com/logout','66.249.82.183','2017-11-22 11:00:41'),('9fd21429-bb98-4d2e-a508-9614134dbf50','updated',123456789,'Modules\\Template\\Entities\\UserCredentials','{\"remember_token\":\"C0QAbk9ueljKjoIQKxoOiwS71bvI78tIsfhBRJiv4Nti6cjQnw6Sco3xLfko\"}','{\"remember_token\":\"kwDlaAoTJcPnWRRuwQ4VNELViZEzJuQX68GCpVASqfcgfo14gtEX83rZQweW\"}','123456789','http://bghfiletracks.com/logout','175.158.200.86','2017-11-29 18:30:45'),('a04da3ca-35b4-4dee-92b0-48c84972b061','updated',123456789,'Modules\\Template\\Entities\\UserCredentials','{\"remember_token\":\"6WRW7DUrOcE9x40jdZTODqhv6kHaBPovPT9qQo3UZFnmS885YbHS765vApHM\"}','{\"remember_token\":\"WizZUVroxQ6o8LLMcrnlXTVWzEt26YIOwx4nI1aTFZoTmZPd6rcDf75XPYVw\"}','123456789','http://bghfiletracks.com/logout','112.210.243.118','2017-11-22 14:56:00'),('a04edd5c-946e-4a52-8f4f-b8365fe3aa90','updated',987654321,'Modules\\Template\\Entities\\UserCredentials','{\"remember_token\":\"m1M1rwWNvh0Hep4aCdicwkgPx0OgqpewHxUvxPP9JIpXZIlOKZe4e4Szz02E\"}','{\"remember_token\":\"6m35ZHkZgFaP91GFThVnGilCtiMv8ujIQBSQ5M2IHHn5jXOcUWtslwr29yZ6\"}','987654321','http://bghfiletracks.com/logout','49.151.207.15','2017-11-14 10:30:33'),('a087c262-48db-4ae5-b49b-852e0b582b47','updated',2017,'Modules\\Template\\Entities\\UserCredentials','{\"remember_token\":\"UNtyfaeE1RMoMHSPukRT7xwQDQZijqOq9lSpk9X1vvtHzLL0GqloN3s96OAv\"}','{\"remember_token\":\"JazNBaTBBavhU1VVYiXF0x8uZ0nlYYBpIlrYvcTV0c1I21sNJgQQl9q2gftp\"}','2017','http://localhost:8080/template/public/logout','::1','2017-09-20 00:34:58'),('a09ecdb1-6ae8-46dd-af69-6425f752cbf8','created',13,'Modules\\Template\\Entities\\UserCredentials','[]','{\"emp_id\":\"20135845\",\"group_id\":2,\"is_approved\":1,\"isactive\":1}','123456789','http://local.bghmc.com/administrator/register_account','127.0.0.1','2017-11-21 09:42:04'),('a0b9fe85-b8fa-43da-bb10-f48487109b1c','updated',123456789,'Modules\\Template\\Entities\\UserCredentials','{\"remember_token\":\"rXTCUHIdbFWl5vY251qogNPyhLCQvgCoAWl393AOqlfQ9J2IcMBYeJ03T1V1\"}','{\"remember_token\":\"hFhC5eHH9oK5cGrzFNUUyJqS9nbiyVJOYHkZtb2vnP1VZ8dhrvrdmfKHm0Fp\"}','123456789','http://bghfiletracks.com/logout','66.249.82.185','2017-11-22 12:58:16'),('a1bb76d9-18e6-4a14-ae67-f1e1e7cfd2d2','created',6,'Modules\\Template\\Entities\\UserCredentials','[]','{\"emp_id\":\"2016\",\"group_id\":1,\"is_approved\":1,\"isactive\":1}','2017','http://local.bghmc.com/administrator/register_account','127.0.0.1','2017-10-13 12:28:56'),('a1f46a0f-b1f7-4933-9fe6-a6e4ef1744a8','created',3,'Modules\\Template\\Entities\\UserCredentials','[]','{\"emp_id\":\"2016\",\"group_id\":2,\"is_approved\":1,\"isactive\":1}','2017','http://local.bghmc.com/administrator/register_account','127.0.0.1','2017-10-14 11:11:10'),('a215d6f9-e89c-4c44-a7b3-06d4d7b55796','updated',1,'Modules\\Template\\Entities\\UserCredentials','{\"remember_token\":\"QJO4kk1wGPqR0P0AChaCaLx5SIxlj0c4sVEtOvUIG3rIiGTVBipjUQOPWBhi\"}','{\"remember_token\":\"MKxTmf5u09SVpNKw5fcEzdG7IRigaPNTekMhtuJchek76lKT6Dm8jvYO7x7o\"}','1','http://local.bghmc.com/logout','127.0.0.1','2017-08-26 06:32:44'),('a22f1dce-b4c3-4262-a9dd-587e5accbcbc','created',4,'Modules\\Template\\Entities\\UserCredentials','[]','{\"emp_id\":\"2015\",\"group_id\":1,\"is_approved\":1,\"isactive\":1}','2017','http://local.bghmc.com/administrator/register_account','127.0.0.1','2017-09-08 14:18:10'),('a2a80d9a-5cc3-4af8-955c-7f35704b0ad3','updated',987654321,'Modules\\Template\\Entities\\UserCredentials','{\"remember_token\":\"QjEsHiwsjOLdlFXYs76qlSFDV8fULhC8qtGpZVwn0S6ub2Zvbse0NgbJOS8A\"}','{\"remember_token\":\"unSN7TyXrd66wWILaeEaRRV6T3ELvn3nkWgBtLBT0EIxVpZizrwRZs7X4vSo\"}','987654321','http://bghfiletracks.com/logout','180.190.102.222','2017-11-13 05:06:50'),('a341360d-d505-4ddb-9c98-7f4c9daba359','updated',58453321,'Modules\\Template\\Entities\\UserCredentials','{\"remember_token\":\"U1NKTZVYyVqEY7WK0dgOAYreapTEqgmzat8wJSfvxpjFxzc2nvJ1gVQnNhfP\"}','{\"remember_token\":\"RxFkDL3iFtLEcyJv2ZgoWXeTucoGtuZelzeVRFp1baXtVHkhtOyMW9gfVapW\"}','58453321','http://local.bghmc.com/logout','127.0.0.1','2018-01-31 16:48:28'),('a382391e-ccd7-4b64-a3b0-5d4c2c7e5bc9','updated',123456789,'Modules\\Template\\Entities\\UserCredentials','{\"remember_token\":\"FuYRmlFv595Su5dfbcgzggB3qip5Y5Jy8eX5JArqk1jjuw8EzGWVD2PMWKHc\"}','{\"remember_token\":\"jse2ConcE6wO1v3lbXtQswsiJcgidJZYGBoUKVPpQVrqOYYPf0NZjw86k9PM\"}','123456789','http://local.bghmc.com/logout','127.0.0.1','2018-01-12 14:08:05'),('a3ba6e6f-69f4-4dd6-b8b8-a9e8c75275ac','updated',14861986,'Modules\\Template\\Entities\\UserCredentials','{\"remember_token\":\"ztZa3H43kPwQZVKp4Op0qcApCbs4wA9BaCTvY86h37pd8PfAHfun6fnTtqjL\"}','{\"remember_token\":\"2phsP0xhv9MrrtwhphFBSRshmg4YcnuDmFuXZXB0pGcqIIcnJtPv5ioFzloS\"}','14861986','http://bghfiletracks.com/logout','49.151.207.55','2017-11-13 23:53:15'),('a408315b-6cb2-4b69-94d4-dc40c1271f4e','updated',987654321,'Modules\\Template\\Entities\\UserCredentials','{\"remember_token\":\"K3tCRMBqP8cdbwHMzL0j0UT8FU174aVIDm4X1OWTe68LG8MpTo1ItRMtEHed\"}','{\"remember_token\":\"dsBi2NRtzTZNN9KxZnS28rSJqm6qcgteLdpSWPX3m1Qd48MEo37ZWPMiMPeu\"}','987654321','http://bghfiletracks.com/logout','49.151.207.15','2017-11-14 06:26:51'),('a476b2ff-7475-4b26-921a-10469add4ca3','created',14,'Modules\\Template\\Entities\\UserCredentials','[]','{\"emp_id\":\"20135845\",\"group_id\":2,\"is_approved\":1}','1','http://local.bghmc.com/administrator/register_account','127.0.0.1','2017-08-26 06:37:16'),('a4ce8dd4-1218-4d65-b5a4-bfc1a8560a2c','updated',123456789,'Modules\\Template\\Entities\\UserCredentials','{\"remember_token\":\"IzJqEEk8pnkkq3dDIIjKlC2RnbPq8xYvrB2nE6CAzmElXsgumFASpDz3pkIm\"}','{\"remember_token\":\"C0QAbk9ueljKjoIQKxoOiwS71bvI78tIsfhBRJiv4Nti6cjQnw6Sco3xLfko\"}','123456789','http://bghfiletracks.com/logout','66.249.82.86','2017-11-28 17:20:16'),('a51500dd-b952-4147-ac09-45399b92a7db','updated',123456789,'Modules\\Template\\Entities\\UserCredentials','{\"remember_token\":\"SrnKSuDqgBV3XgH4cmtPnZK1KNzGg57FoCIZ38WiINKcrDT0i3QALwrolM7p\"}','{\"remember_token\":\"X1C7nurn9MxTdFcFQS1D2AXkOn0MWzLNSZeSJ1P1JRnUv5p4SDMeB7hHRRSP\"}','123456789','http://local.bghmc.com/logout','127.0.0.1','2018-01-31 16:57:33'),('a5a9515a-b3c1-43cc-b986-4b8e402513b2','updated',2005,'Modules\\Template\\Entities\\UserCredentials','{\"isactive\":1}','{\"isactive\":0}','2017','http://local.bghmc.com/administrator/update_activity','127.0.0.1','2017-09-09 09:34:15'),('a5daceae-50ad-44dd-8eac-1fe964732fa0','updated',20100909,'Modules\\Template\\Entities\\UserCredentials','{\"remember_token\":\"UKIEX4SsUpi8MrLqRiSnUNfu4HICPPYwEPuLH3MAmpVhVxwyup3eHEMI5uVM\"}','{\"remember_token\":\"VLL5eknlxErCtegJdqzG8ppi1jgdDjHEy43qaUKGcy8pRhKcmhIM9ppBrERe\"}','20100909','http://bghfiletracks.com/logout','112.202.50.88','2017-11-14 18:42:14'),('a6888f12-5ae6-4dda-8b3e-cc06e80a5b38','updated',2014,'Modules\\Template\\Entities\\UserCredentials','{\"remember_token\":null}','{\"remember_token\":\"A1CCUDrgZmqeHeW6gNHymKtGBS5n3eAmuV0OMoPUlEqJSiywNrPrxNhE7S6B\"}','2014','http://local.bghmc.com/logout','127.0.0.1','2017-10-13 12:26:36'),('a6b5710c-76ca-4669-945c-999af88c0412','updated',20135776,'Modules\\Template\\Entities\\UserCredentials','{\"remember_token\":null}','{\"remember_token\":\"QVlTXaPbpd6qd5AXTrsIXNBiGXei4XyGHOpudcSWhjg3XIVW04n1yWJrWUea\"}','20135776','http://localhost:8000/logout','127.0.0.1','2017-08-27 22:22:45'),('a6cc64f9-c2e6-4293-b957-066b6873ab4b','created',3,'Modules\\Template\\Entities\\UserCredentials','[]','{\"emp_id\":\"2016\",\"group_id\":1,\"is_approved\":1,\"isactive\":1}','2017','http://local.bghmc.com/administrator/register_account','127.0.0.1','2017-09-08 14:04:11'),('a776ebbf-bcd2-48a6-a33e-d819730ddcba','created',11,'Modules\\Template\\Entities\\UserCredentials','[]','{\"emp_id\":\"2008\",\"group_id\":1,\"is_approved\":1,\"isactive\":1}','2017','http://local.bghmc.com/administrator/register_account','127.0.0.1','2017-09-09 08:38:26'),('a7b881ec-b891-4798-94d4-13360ef1f523','updated',987654,'Modules\\Template\\Entities\\UserCredentials','{\"remember_token\":\"uRZN56suVR7DaEJIvxo9j2tdeicwJgvHLwMV19Su62WyZMjttgY56oJ1cxBB\"}','{\"remember_token\":\"lz5oXiFR3BoKddSJJDTwleaqq6MtBr6XJ9XUDiMnX4KOhoLa9pa5MiviNo81\"}','987654','http://bghfiletracks.com/logout','49.151.207.55','2017-11-14 05:49:56'),('a7edb5f6-c124-419f-abab-073600858014','updated',2015,'Modules\\Template\\Entities\\UserCredentials','{\"isactive\":0}','{\"isactive\":1}','2016','http://local.bghmc.com/administrator/update_activity','127.0.0.1','2017-09-08 13:53:18'),('a92f377e-05e0-4c70-a417-d2f2bf8caf5b','updated',123456789,'Modules\\Template\\Entities\\UserCredentials','{\"remember_token\":\"qZ6wtWdkFYfbAXtD6XADkRFq4ymxABP6lOnCd3UpH75TJq9lTXZEQOlL2Q9e\"}','{\"remember_token\":\"4spJ4LWHVQnTQkLoHF2QBJD0KQ4AKkECSUJIjjatByoov6BrFgla0yH2r9JY\"}','123456789','http://localhost:8000/logout','127.0.0.1','2017-11-10 18:18:42'),('a9617f36-2cc2-4abe-84ff-955e5022ed99','updated',14861986,'Modules\\Template\\Entities\\UserCredentials','{\"remember_token\":\"q9pmHp757PNqvVKaTzK80Ypy7I6qJjUHKZKEQ75vGHf6K8Gm3JxznxekWDxI\"}','{\"remember_token\":\"iIqLQYjHECWzSrNvEHQwbhlC4sEeVIX5oVi67UJbLAlZ5bs9SV3VWOQFINJZ\"}','14861986','http://bghfiletracks.com/logout','175.158.200.91','2017-11-27 15:53:28'),('a99ae115-773f-4ca5-ae43-aaa630208aee','updated',5370,'Modules\\Template\\Entities\\UserCredentials','{\"isactive\":1}','{\"isactive\":0}','2003','http://local.bghmc.com/administrator/update_activity','127.0.0.1','2017-08-26 07:21:40'),('a99c23bb-4b3f-4fd7-ba70-9d2e2b1586b0','created',6,'Modules\\Template\\Entities\\UserCredentials','[]','{\"emp_id\":\"2013\",\"group_id\":2,\"is_approved\":1,\"isactive\":1}','2017','http://local.bghmc.com/administrator/register_account','127.0.0.1','2017-10-14 12:49:21'),('aa28ade0-3682-417c-a54f-3676cbe32f80','updated',2000,'Modules\\Template\\Entities\\UserCredentials','{\"isactive\":0}','{\"isactive\":1}','3013','http://local.bghmc.com/administrator/update_activity','127.0.0.1','2017-09-06 05:10:55'),('aa71d330-c4af-4819-bb99-1e34032cee99','updated',123456789,'Modules\\Template\\Entities\\UserCredentials','{\"remember_token\":\"jcNdtp7CIy2WBufpTxvrNr4mkcSa67yZRDtTB0cSEY9ecbjiLzDIsy2Xs1Ce\"}','{\"remember_token\":\"UD5e1GY0CLj1PvCZF4Lgty3t1DTVG9LiVWus8f5VdAOPtNn1f73lhKOhy3AG\"}','123456789','http://bghfiletracks.com/logout','66.249.82.183','2017-11-13 04:54:39'),('aa82f495-c3a2-4bc0-938b-cb94c0c32bde','updated',2,'Modules\\Template\\Entities\\UserCredentials','{\"remember_token\":\"DXjXpLMPL3rE3ZzqSaIdS1Yge9U1VpiNn3kU8k5QZhO3fFazHjVNKfeKG8vD\"}','{\"remember_token\":\"tkAhPeslSmbprj2NHYTlOJgZLSCH8mshoDtsAGQOuNPCx9H9I3tDdInLO6l7\"}','2','http://local.bghmc.com/logout','127.0.0.1','2017-08-16 03:13:02'),('aadbd432-daf3-4f3e-8979-019163b74ee0','created',12,'Modules\\Template\\Entities\\UserCredentials','[]','{\"emp_id\":\"2007\",\"group_id\":2,\"is_approved\":1,\"isactive\":1}','2017','http://local.bghmc.com/administrator/register_account','127.0.0.1','2017-09-09 09:15:26'),('ab12ecd4-327f-446a-ab80-509a88229109','created',8,'Modules\\Template\\Entities\\UserCredentials','[]','{\"emp_id\":\"2012\",\"group_id\":1,\"is_approved\":1,\"isactive\":1}','2016','http://local.bghmc.com/administrator/register_account','127.0.0.1','2017-09-08 13:56:02'),('ab864b6f-284d-4d4c-820c-720dbf2b13aa','created',4,'Modules\\Template\\Entities\\UserCredentials','[]','{\"emp_id\":\"2015\",\"group_id\":2,\"is_approved\":1,\"isactive\":1}','2017','http://local.bghmc.com/administrator/register_account','127.0.0.1','2017-10-14 10:20:28'),('ab8b6a1c-cb7c-4f89-89cf-18325ccbd450','created',10,'Modules\\Template\\Entities\\UserCredentials','[]','{\"emp_id\":\"2009\",\"group_id\":1,\"is_approved\":1,\"isactive\":1}','2017','http://local.bghmc.com/administrator/register_account','127.0.0.1','2017-09-09 09:13:40'),('abc1f1ba-1bb8-4a05-a9d6-5dc00ba7121e','updated',14861986,'Modules\\Template\\Entities\\UserCredentials','{\"remember_token\":\"UJbB2uN5pOYWRFVlZJ1T0BHmhvEY4EHId6QjT0udrWBTHHvJJquLnRPHbsim\"}','{\"remember_token\":\"wGiLB4M7w3XO70PVFQKKzqNavIEkIQkm3FwXp2VLTd5xV6nbaraV8EypjcIZ\"}','14861986','http://bghfiletracks.com/logout','175.158.200.210','2017-11-13 17:48:05'),('ace3fa05-0586-4d49-9b96-db1e935fea2a','updated',2018,'Modules\\Template\\Entities\\UserCredentials','{\"remember_token\":\"hn88iNQJ2mCzmKSa9rCLSxK3QRXajHKnYW76MazSAxZd64aoqR4GKZmWgjEA\"}','{\"remember_token\":\"AKkGbYr4k8J5EAAHoIe07ZZR77sPo21NYXSl2qAB5LYJb1IcFQapyx1f0Lml\"}','2018','http://localhost:8080/template/public/logout','::1','2017-09-22 03:34:22'),('ad7c5325-3d81-4503-852c-3ca6ce581e7c','updated',123456789,'Modules\\Template\\Entities\\UserCredentials','{\"remember_token\":\"8vm7h0h4yHezd9jJE0UUlRI4f8XSeAaQZ0tjCCulozULKm3RwRf1zAgKP2Zo\"}','{\"remember_token\":\"cJlfcS7VihrSASHlIizC2v3kZN94890z738mRgvYYjZakesJst4W3bTMC5pB\"}','123456789','http://bghfiletracks.com/logout','112.202.50.88','2017-11-14 18:54:02'),('adc9a2c5-70d5-441a-acd5-a2533afaadf1','updated',20135776,'Modules\\Template\\Entities\\UserCredentials','{\"isactive\":0}','{\"isactive\":1}','2003','http://localhost:8000/administrator/update_activity','127.0.0.1','2017-08-27 07:05:55'),('ae59c39f-0b6f-4dd4-9496-5c54bd896e8a','updated',123456789,'Modules\\Template\\Entities\\UserCredentials','{\"remember_token\":\"1su2Oy0TuUTHCLCJ8Le9bs3dwTCVYohMPaYg1aqIxFS5egEhUs2dZQlN3lTz\"}','{\"remember_token\":\"aSGnEYVF3ADVqtMJRiYI4BAnkDNUEGhzeD6TIqphxEgD46xRJB6oTvaU60ul\"}','123456789','http://bghfiletracks.com/logout','66.249.82.181','2017-11-22 15:40:04'),('ae7d2c37-8eb6-4605-85fe-b357f4806fbd','updated',2,'Modules\\Template\\Entities\\UserCredentials','{\"remember_token\":null}','{\"remember_token\":\"8L2PDE3kXBf9AwrQKL6IQ6R2Hkuszo2LLBnH14vqqLkNWyK1cASuInyWDzXe\"}','2','http://local.bghmc.com/logout','127.0.0.1','2017-08-18 22:18:52'),('b0cd9850-04fd-4c93-81f6-6842cea7c236','updated',2018,'Modules\\Template\\Entities\\UserCredentials','{\"remember_token\":\"oS9ZrmJO6hLAPCvTAihIHGRLzeMHl5Rtimv3nB9xJEO82im51U1bPDHJl4y2\"}','{\"remember_token\":\"7th3CIbRfM6CL2Gdw9ZjVSLK2v4tPUPCVCky0qTrBx4p4NMAI1N3pxgZrCsK\"}','2018','http://localhost:8000/logout','127.0.0.1','2017-10-08 14:21:42'),('b0dd53de-79da-4c59-b850-85729bfb7665','updated',123456789,'Modules\\Template\\Entities\\UserCredentials','{\"remember_token\":\"vzTtnAPqZOlBAZmLv1gzptWNQTRMYpYTdUBlSTD7QQw3Rxf10NGKqkZKhK4o\"}','{\"remember_token\":\"V8COTrNgV4deb5RZDtUYb4scIsadBuwqsJyb9hl5gzculAAVdikB4xGoZ6ID\"}','123456789','http://bghfiletracks.com/logout','66.249.82.185','2017-11-22 03:56:59'),('b10dfa3c-bfe4-4ce4-ac44-fe346bde95a3','updated',2017,'Modules\\Template\\Entities\\UserCredentials','{\"remember_token\":\"fkHAYc3gIqmSHpF7au9QZrW7IaDFdJHfgHiVgL6NLYiPuOHnDh0mHbopvKMX\"}','{\"remember_token\":\"HTnoBwfOW8CgdMinL3GDM2Z5yKo4bCwuaMUqUuIXu73tVTHvuls60xzhfOAu\"}','2017','http://local.bghmc.com/logout','127.0.0.1','2017-10-14 12:26:12'),('b2047b0f-099c-44f6-ad74-79a229620ad3','updated',7777,'Modules\\Template\\Entities\\UserCredentials','{\"remember_token\":null}','{\"remember_token\":\"x6EsskEOc2daeSx6aaTMAocTkbRNvTmTLM0ZGtcmEkX8oMkt3VRqw2RY0YwC\"}','7777','http://local.bghmc.com/logout','127.0.0.1','2017-09-03 04:23:14'),('b26236fb-960d-403d-9692-b810af96218e','created',11,'Modules\\Template\\Entities\\UserCredentials','[]','{\"emp_id\":\"2008\",\"group_id\":1,\"is_approved\":1,\"isactive\":1}','2017','http://local.bghmc.com/administrator/register_account','127.0.0.1','2017-09-09 09:14:14'),('b2d745fc-2dd8-4878-a655-c4cc56348e48','updated',2005,'Modules\\Template\\Entities\\UserCredentials','{\"isactive\":0}','{\"isactive\":1}','2017','http://local.bghmc.com/administrator/update_activity','127.0.0.1','2017-09-09 09:35:55'),('b33a06b8-cdf8-4d6e-9c32-df644f940fd8','updated',2007,'Modules\\Template\\Entities\\UserCredentials','{\"isactive\":1}','{\"isactive\":0}','2017','http://local.bghmc.com/administrator/update_activity','127.0.0.1','2017-09-09 10:15:51'),('b33e0635-1ef3-41f1-9671-acf0ce079886','updated',2012,'Modules\\Template\\Entities\\UserCredentials','{\"remember_token\":\"fChKYqCDNsGrF3nWQSzTQzxYIelVcRIGtD8TcgGcSusnrMYRN3xcDt6laXMC\"}','{\"remember_token\":\"JK4211DSwLiKVHvqhbKJqiRFuHsfWI8MwVgVSs1qebc0TGsEPgvBpjy8rvCL\"}','2012','http://local.bghmc.com/logout','127.0.0.1','2017-10-14 12:53:40'),('b402b24c-40d6-4b0f-b8db-995e65e0e107','updated',123456789,'Modules\\Template\\Entities\\UserCredentials','{\"remember_token\":\"N9qUuIVPeWE54SkHcDmRYOyp733XTTpxe7N5gjwSANK1Tzb4ApyO9I9rB20e\"}','{\"remember_token\":\"ip3HBpzwRgYneNBnrMfdrVuAA9x3uWP4G6XapSuDQl6itXUj8ldbzKkUIrr8\"}','123456789','http://bghfiletracks.com/logout','104.131.176.234','2017-11-27 05:29:29'),('b472a8ba-4e37-4fb9-aa0e-a2a9a25d45a6','updated',111112222,'Modules\\Template\\Entities\\UserCredentials','{\"remember_token\":\"dBte46LjMCdCl6PnzDeZPfMUcHb9bhMnfqFyDbphLsQk4zxJsfxBZ8yc2O6P\"}','{\"remember_token\":\"EUaZee8smxz3U7kiniCF8UNYkIut4sySJuca86hd3nWRyvebcs9wYtQBp0q2\"}','111112222','http://bghfiletracks.com/logout','119.94.89.181','2017-11-14 21:14:45'),('b4f9324d-8dfa-4137-84d9-d7f93195c19a','updated',20135776,'Modules\\Template\\Entities\\UserCredentials','{\"remember_token\":\"eFvbKHBs1hBygGfI2LsJkwfu9STsLAjxJVmDWlRKOjdLrrPFVrUCyTXIHvKk\"}','{\"remember_token\":\"wYq5HrGoc9ALMxUml7lFKspnmpzZfc6n6lnKM1HLzNAkciH3ppsJYORkYJz9\"}','20135776','http://local.bghmc.com/logout','127.0.0.1','2018-01-31 16:50:25'),('b545c99f-ac26-468c-9d4c-222e0d1f2a68','created',17,'Modules\\Template\\Entities\\UserCredentials','[]','{\"emp_id\":\"20135776\",\"group_id\":1,\"is_approved\":1,\"isactive\":1}','123456789','http://bghfiletracks.com/administrator/register_account','49.151.196.141','2017-11-24 11:33:39'),('b551cb59-312e-4bb8-9e14-8a101bee9df3','updated',2018,'Modules\\Template\\Entities\\UserCredentials','{\"remember_token\":\"Ivs8Pbcxi49wHJrdqC2SBiELywBgiuB2U3NNVUVhHzqmtNpRAl0v3Wm5J1Cx\"}','{\"remember_token\":\"RFZVD6lbtW1Ma0vQyoDzVDiWOdrcZ6jJ7fzJTpcfEd6iizMdhbUhP2isSUNE\"}','2018','http://localhost:8000/logout','127.0.0.1','2017-10-10 14:08:38'),('b595bfea-f0d0-44ac-82b1-c91a5e22939d','updated',2007,'Modules\\Template\\Entities\\UserCredentials','{\"isactive\":0}','{\"isactive\":1}','2017','http://local.bghmc.com/administrator/update_activity','127.0.0.1','2017-09-09 10:06:27'),('b5baf31f-8e81-4184-9e9f-56b7ecb5ab8c','updated',2013,'Modules\\Template\\Entities\\UserCredentials','{\"remember_token\":null}','{\"remember_token\":\"gXeQjp9vcxen1wLR1MXl69Ik7W85G8KiFCd8LmTXKxfBxiIs4t0isJzvD6AL\"}','2013','http://local.bghmc.com/logout','127.0.0.1','2017-10-14 10:53:15'),('b5dc03ba-0feb-4980-87b4-904374c61058','updated',987654,'Modules\\Template\\Entities\\UserCredentials','{\"isactive\":\"1\"}','{\"isactive\":0}','123456789','http://bghfiletracks.com/administrator/update_activity','49.151.207.15','2017-11-14 08:37:19'),('b628888d-6ee8-4695-a98c-c385b8790bcf','updated',123456789,'Modules\\Template\\Entities\\UserCredentials','{\"remember_token\":\"sfwMtg7gcqEVUTxZKpFIYcZMRqza4MEOgvWvtSnObPr8VxPNt6PT7VcAmtKy\"}','{\"remember_token\":\"IzJqEEk8pnkkq3dDIIjKlC2RnbPq8xYvrB2nE6CAzmElXsgumFASpDz3pkIm\"}','123456789','http://bghfiletracks.com/logout','66.249.82.181','2017-11-27 21:27:30'),('b691bd62-6f7e-414f-a088-60ccbe7c98d7','updated',20135845,'Modules\\Template\\Entities\\UserCredentials','{\"isactive\":1}','{\"isactive\":0}','2017','http://local.bghmc.com/administrator/update_activity','127.0.0.1','2017-10-11 12:55:24'),('b71474ae-d6b5-4c38-b07b-ef386b5a47e8','updated',2003,'Modules\\Template\\Entities\\UserCredentials','{\"remember_token\":\"aBjNOUehx7JYCDrIGwvxa7OikQHjBcVYX89cCBdsmJxXZwOg6dp6REAUDLjL\"}','{\"remember_token\":\"LYp1A23A8HvNZMKgfPndwWzvjAsMqVt8r2rm6BrVc55d7HHjV6Wz5dJi8T33\"}','2003','http://local.bghmc.com/logout','127.0.0.1','2017-09-03 04:22:56'),('b7647810-27a1-4377-98d5-acbff6bf6e91','updated',2003,'Modules\\Template\\Entities\\UserCredentials','{\"remember_token\":\"LYp1A23A8HvNZMKgfPndwWzvjAsMqVt8r2rm6BrVc55d7HHjV6Wz5dJi8T33\"}','{\"remember_token\":\"e9aa5CgyMpwWFGS9UF1cKqEmZVp2JiNRLmQi8WpsNa3M8GVThJy9UHuJfJSZ\"}','2003','http://local.bghmc.com/logout','127.0.0.1','2017-09-03 04:27:22'),('b7c07ae4-e458-40d8-9cd4-5a22105be1fd','updated',3333,'Modules\\Template\\Entities\\UserCredentials','{\"remember_token\":\"SAjdVQ2t418dL7OpbymWEh07sH6nVpmnWDIKvsjYsVSU9vPDhpQeteaAJtE3\"}','{\"remember_token\":\"nAVJ9oZzOuA929UDOiwZLYdCrJKxBxmp6ObZxJfLFlcRXHFktny347oKIXc3\"}','3333','http://local.bghmc.com/logout','127.0.0.1','2017-09-02 23:34:08'),('b8363a8a-6c4b-461f-9de5-5491b02e2ee1','updated',2018,'Modules\\Template\\Entities\\UserCredentials','{\"remember_token\":\"LxvuaTWRRJ70hmOiExhVmfBzM6q72Dr6f0iCD9FUG2kZEVkwYfJgSPJ3KjPQ\"}','{\"remember_token\":\"w2sKlw5kqJ1JHbeH8LxyyB2RCPPrknrsSfiReQ1dVGismIBWnMVpYSR2IlXC\"}','2018','http://localhost:8080/template/public/logout','::1','2017-09-22 03:25:34'),('b85af36a-0964-4e35-b210-3e4ca72de9e7','updated',123456789,'Modules\\Template\\Entities\\UserCredentials','{\"remember_token\":\"VDBAmVwAybOyfpcDFqcFDxZ64OqVqFTwW6mpS2WDpwD02gFfgjhwKpCvVydr\"}','{\"remember_token\":\"lKpZETRsnU6UFk7k8mqdlHxHQ4snIG687H9mBESLwmQ5enEa8w1PZHGECQJl\"}','123456789','http://localhost:8000/logout','127.0.0.1','2017-10-24 14:03:27'),('b98ba2ca-7b04-45f2-a60d-6db28ab86714','created',32,'Modules\\Template\\Entities\\UserCredentials','[]','{\"emp_id\":\"58451123\",\"group_id\":2,\"is_approved\":1,\"isactive\":1}','123456789','http://local.bghmc.com/administrator/register_account','127.0.0.1','2018-01-31 13:14:52'),('b9d5b6cd-144f-4547-ada9-afc74b6528c1','updated',3013,'Modules\\Template\\Entities\\UserCredentials','{\"remember_token\":null}','{\"remember_token\":\"0qjdkXBCI9EOGhFSjbmlhkydSTErZ6VjH1M2WG938Ljd0adUQ9LcmmMW1MLo\"}','3013','http://local.bghmc.com/logout','127.0.0.1','2017-09-08 02:09:14'),('ba129a2d-0947-4201-a4f3-ac3e6d7f55c5','updated',1,'Modules\\Template\\Entities\\UserCredentials','{\"remember_token\":\"FyIgNefF20pybE0oZKw7WvnXftyf7pfBTD2zn8XReCeA0vK46VcF7q3wHrt2\"}','{\"remember_token\":\"DIQxIXi6UvUazehJvLsIh4K4hPSmc3T2fObpOt5I9ZwQDuMKDeQJQOi4h8px\"}','1','http://local.bghmc.com/logout','127.0.0.1','2017-08-18 22:20:23'),('ba3cbd5e-b403-451f-971f-6f2ef95e5413','updated',14861986,'Modules\\Template\\Entities\\UserCredentials','{\"remember_token\":\"GN3Qcw9Dx7989KuwKCsYoFUFePJ6ok7Pf7pVzOoP8Nmx3Hby7gS0HFxsmx0u\"}','{\"remember_token\":\"y4jxdLvjQjE4rSpfM5hbmoq1yU6TdlXrScQGsPWW90gssDPHGeAstRfW83iF\"}','14861986','http://bghfiletracks.com/logout','119.94.183.129','2017-11-27 14:03:49'),('ba87f188-1e69-42e6-853c-39185a73caa2','updated',2017,'Modules\\Template\\Entities\\UserCredentials','{\"remember_token\":\"i7VDqzNoTo2I7UTQfsoeu3c2sTNTo7PSFQ3bQXXAiqlW6iBsockvLjDTTC9y\"}','{\"remember_token\":\"bywKnGfbgH4qPydtFm1n4EoFFYTlR0cKKypv1WefD5EM2t2quNe6IGIAvj7A\"}','2017','http://local.bghmc.com/logout','127.0.0.1','2017-10-11 12:44:40'),('baeb43d6-fa4a-4931-921b-8e8ae480be1b','updated',2017,'Modules\\Template\\Entities\\UserCredentials','{\"remember_token\":null}','{\"remember_token\":\"iAbwtTGJHkR7TA3TUaosITej2wLKOccet8JJweNIS5GKH24qlXjQxgNZ928P\"}','2017','http://local.bghmc.com/logout','127.0.0.1','2017-10-12 12:27:31'),('bb4deb92-0660-449f-940e-ced024dea6f2','updated',14861986,'Modules\\Template\\Entities\\UserCredentials','{\"remember_token\":\"pD18iizapuUGwK3tb9s8sCetwqoitEn8l27VIgZwmBGmvjqcqKpu5WkvdWlN\"}','{\"remember_token\":\"JGMLSx1zqxg589CvLxqj0Hy0pKE27FpwxKa43pOCJUAVfLl49GLpz1PcqSle\"}','14861986','http://bghfiletracks.com/logout','104.131.176.234','2017-11-27 07:55:27'),('bb5077c4-a8f7-4133-9bde-5c06f99bacf7','created',5,'Modules\\Template\\Entities\\UserCredentials','[]','{\"emp_id\":\"2014\",\"group_id\":2,\"is_approved\":1,\"isactive\":1}','2017','http://local.bghmc.com/administrator/register_account','127.0.0.1','2017-10-14 10:38:05'),('bb6696b2-21e9-4b84-8285-127bffa1025a','updated',20100909,'Modules\\Template\\Entities\\UserCredentials','{\"remember_token\":\"RKE4jRXxtlAgznURAFuxuZYIGBbG9qjhGi5M0mePxK6RknSqByKExJs3GqXn\"}','{\"remember_token\":\"EFhEdwl7Z9AEBBCQLuB4nfviVUHm8IJ8btlKONraif1D0ScRKmm2fqDqdNty\"}','20100909','http://bghfiletracks.com/logout','112.202.50.88','2017-11-14 20:20:08'),('bc3bd14c-4676-419c-a5f8-9c0cf5564324','updated',123456789,'Modules\\Template\\Entities\\UserCredentials','{\"remember_token\":\"r901g943TyQxeecMxxzFoh18UmR32yQMNcd8iB2dgYPvcJ8r72Cj0mc7VDk6\"}','{\"remember_token\":\"rBK50GI8fFBRY6FdqTM0wjhmtJqIbz6bqBdE1weNeRVoanwtvK2v4VBzvayN\"}','123456789','http://bghfiletracks.com/logout','175.158.200.91','2017-11-27 17:12:15'),('bc546af0-298f-4b40-ae32-e80ef11da4b8','created',4,'Modules\\Template\\Entities\\UserCredentials','[]','{\"emp_id\":\"2019\",\"group_id\":1,\"is_approved\":1,\"isactive\":1}','2017','http://localhost:8080/template/public/administrator/register_account','::1','2017-09-19 07:28:12'),('bc7422d7-9487-4509-8a1f-f399d792c3e6','created',23,'Modules\\Template\\Entities\\UserCredentials','[]','{\"emp_id\":\"2000000\",\"group_id\":2,\"is_approved\":1,\"isactive\":1}','123456789','http://bghfiletracks.com/administrator/register_account','175.158.200.91','2017-11-27 15:58:55'),('bca58ac3-b242-4408-8dce-93590709b3a3','updated',987654321,'Modules\\Template\\Entities\\UserCredentials','{\"remember_token\":\"3ObShgpEkFpxWtC6xYow92WARFPYulwp3ewQJYt7hYJv1LcxwFz2M3dAYjqE\"}','{\"remember_token\":\"K3tCRMBqP8cdbwHMzL0j0UT8FU174aVIDm4X1OWTe68LG8MpTo1ItRMtEHed\"}','987654321','http://bghfiletracks.com/logout','49.151.207.15','2017-11-14 06:25:51'),('bcba5394-ea79-455e-9ffe-4a4650511d88','updated',2017,'Modules\\Template\\Entities\\UserCredentials','{\"remember_token\":\"dAO5e7NoOhJzuCZVhRmup2xbGO0FtM7zc8S1MexxnuD6JauL14A34AzfiYN7\"}','{\"remember_token\":\"qaZk75vZLBuEWofjmGxNqbJQGgmomUmYcS4prLjyD0pQZThWgIySpwgJWKBt\"}','2017','http://local.bghmc.com/logout','127.0.0.1','2017-10-14 10:56:24'),('bda8b6dc-61cd-43e2-ac9b-3286a27751e0','updated',20112987,'Modules\\Template\\Entities\\UserCredentials','{\"remember_token\":\"z98gIKal2ePoab3P8lnoqycb8X6JopGfZZ1AV7hRYrFrRMtvv7nAm3USGoia\"}','{\"remember_token\":\"Aq0Zdjan6W1IbsWSxAOBOZnzOXsHBZhEpMtKmUzsaMoBMevidASYvhPjhpgd\"}','20112987','http://bghfiletracks.com/logout','119.94.89.181','2017-11-14 21:25:17'),('bdcec460-ea42-43c3-9310-27a6ea29244a','updated',123456789,'Modules\\Template\\Entities\\UserCredentials','{\"remember_token\":\"oWn0uEVZZS0IcbiJeeUgm9Bp7mgCqLuvAKPWtlWtVKb6QjbRIxZT16qGJMBu\"}','{\"remember_token\":\"S22Tl2YelC7sFIWkm3roLKIWGDLY0QS4UVgLliorObSl5BWPvZ67e1ESD8Vi\"}','123456789','http://bghfiletracks.com/logout','66.249.82.183','2017-11-13 04:44:05'),('be0c55e8-e043-4657-8f11-be26289f8e54','updated',1000000,'Modules\\Template\\Entities\\UserCredentials','{\"remember_token\":\"s5e8kkretIwsk7MuhA2yA9Nb94qB3Lb5KUa19rBRzehpQhU1FynVeJIgwgLT\"}','{\"remember_token\":\"tkW1EtkalPnVhZ2UtdLDJKsYtKzSJ8ZSFfTL99978nijQbBzXDAL5GUgp1H2\"}','1000000','http://bghfiletracks.com/logout','175.158.200.91','2017-11-27 16:29:37'),('be19156b-be7e-4303-ae94-420239679501','updated',1000000,'Modules\\Template\\Entities\\UserCredentials','{\"remember_token\":\"HIqA71VFt3BOTKtiuNEjCid8Uifm1le25ZrWWHNkocedzLl1eyCjXnpIbC2h\"}','{\"remember_token\":\"s5e8kkretIwsk7MuhA2yA9Nb94qB3Lb5KUa19rBRzehpQhU1FynVeJIgwgLT\"}','1000000','http://bghfiletracks.com/logout','104.131.19.173','2017-11-27 16:27:25'),('be354079-98b4-4646-b3f7-f46fae69b63d','updated',987654,'Modules\\Template\\Entities\\UserCredentials','{\"isactive\":\"0\"}','{\"isactive\":1}','14861986','http://bghfiletracks.com/administrator/update_activity','49.151.207.55','2017-11-14 06:40:47'),('be51dce7-f12d-4d50-b8d1-af929dcf4dd9','created',7,'Modules\\Template\\Entities\\UserCredentials','[]','{\"emp_id\":\"2017\",\"group_id\":2,\"is_approved\":1,\"isactive\":1}','2003','http://local.bghmc.com/administrator/register_account','127.0.0.1','2017-09-01 00:50:23'),('be6b7650-9aca-420b-b50f-e1fbd2797968','updated',123456789,'Modules\\Template\\Entities\\UserCredentials','{\"remember_token\":\"xK3Z20YQFcxkJjWKByBfnDLIVfaofIe0QNrHuw1FAsjyYnC240isS6VZpAM8\"}','{\"remember_token\":\"3zr6Wb0RsEPwuk590ddE5Eto54L9FJklF7JcSrGea7DksIaNVpYD2f3A8eo8\"}','123456789','http://local.bghmc.com/logout','127.0.0.1','2018-01-31 16:49:20'),('be7b2c96-f073-43bc-a8da-645477be0ea3','updated',2005,'Modules\\Template\\Entities\\UserCredentials','{\"isactive\":0}','{\"isactive\":1}','2017','http://local.bghmc.com/administrator/update_activity','127.0.0.1','2017-09-09 09:50:20'),('beb314d7-6791-4750-a1e5-c2746e9d181c','created',3,'Modules\\Template\\Entities\\UserCredentials','[]','{\"emp_id\":\"2016\",\"group_id\":1,\"is_approved\":1,\"isactive\":1}','2017','http://local.bghmc.com/administrator/register_account','127.0.0.1','2017-09-08 14:16:41'),('bffb2bf1-a8c9-4060-801f-1624369f5a6c','updated',123456789,'Modules\\Template\\Entities\\UserCredentials','{\"remember_token\":\"ULbsl68xD0mqTJf1sTAE0GN7VqzDPPVftqdxSx3Mt3HDxUMQ3yBHZ89DpBxd\"}','{\"remember_token\":\"MumhKu0WFDtN0UOUwdWKWbnctio8lzN8d4aLAC1WcfKmJCBR5SZ23r1Bzf89\"}','123456789','http://bghfiletracks.com/logout','104.131.19.173','2017-11-27 17:55:57'),('bffdeb92-6367-40b5-b04e-54e6d16f4e18','updated',123456789,'Modules\\Template\\Entities\\UserCredentials','{\"remember_token\":\"8a8KquXswZiJFhnaXRx7eeUOFBY7u8KesgfgVefxFgQMpobcgKl4Ce4gcfYK\"}','{\"remember_token\":\"bpeKaP9YGuzZYDwlsL8LNih2pclI3xNv0B6U58yTwajhtpbYUXdwq2JRAEbH\"}','123456789','http://bghfiletracks.com/logout','66.249.82.181','2017-11-13 14:50:03'),('c06073e2-32f8-4bd8-884a-6776ec601d25','updated',3433,'Modules\\Template\\Entities\\UserCredentials','{\"isactive\":0}','{\"isactive\":1}','3013','http://local.bghmc.com/administrator/update_activity','127.0.0.1','2017-09-06 05:01:41'),('c08c0138-2eed-4dc3-b9dc-af4f8d53fd16','updated',123456789,'Modules\\Template\\Entities\\UserCredentials','{\"isactive\":\"0\"}','{\"isactive\":1}','1000000','http://bghfiletracks.com/administrator/update_activity','175.158.200.91','2017-11-27 16:04:26'),('c0aee717-d8a5-4f63-83a8-f28a44f4d29a','updated',123456789,'Modules\\Template\\Entities\\UserCredentials','{\"remember_token\":\"cJlfcS7VihrSASHlIizC2v3kZN94890z738mRgvYYjZakesJst4W3bTMC5pB\"}','{\"remember_token\":\"raoaXBmkithihr4xzM9qgdbfkGQSXSuLXClD1tPSwgFQziSdwXxMMqmVTvHm\"}','123456789','http://bghfiletracks.com/logout','112.202.50.88','2017-11-14 19:18:58'),('c19a90b6-31ca-4ff8-98a4-e871c223fd5d','updated',14861986,'Modules\\Template\\Entities\\UserCredentials','{\"remember_token\":\"T8hmuVZFHmpdaMVgWqWJnK5P3cQFL9Wwp9nqUQVBLhTkghmu6Q94a2gRZwOW\"}','{\"remember_token\":\"q9pmHp757PNqvVKaTzK80Ypy7I6qJjUHKZKEQ75vGHf6K8Gm3JxznxekWDxI\"}','14861986','http://bghfiletracks.com/logout','175.158.200.91','2017-11-27 15:49:19'),('c1aba0f4-3596-46f3-877d-84cdde8d9808','updated',20135845,'Modules\\Template\\Entities\\UserCredentials','{\"remember_token\":\"qFXMaLXItstXeZ0a4ymikoXHOxQeuVoXxSKzpeZ1X0wP9cOWvibMalWZah1u\"}','{\"remember_token\":\"b9gabQ3YfVtnEri8tLwXMPXWdMVTwH5PjBe9pDCGYwyu4kNUggvaSi1ADcG3\"}','20135845','http://bghfiletracks.com/logout','49.151.207.15','2017-11-14 06:03:14'),('c1d945c8-3053-4d70-ac54-25bc16a68932','updated',2007,'Modules\\Template\\Entities\\UserCredentials','{\"isactive\":1}','{\"isactive\":0}','2005','http://local.bghmc.com/administrator/update_activity','127.0.0.1','2017-09-09 09:50:49'),('c20e4f9a-029e-4067-a310-57f3606b2607','updated',111112222,'Modules\\Template\\Entities\\UserCredentials','{\"remember_token\":null}','{\"remember_token\":\"31KB8xRPORTPsH9aCUTjYg2fAqlrykSnOCY5CQBv5xl1lSCaPy5ZNlsFNNGU\"}','111112222','http://bghfiletracks.com/logout','180.191.61.9','2017-11-13 04:36:39'),('c28133cf-6810-4e17-9ece-5b6456b369c3','updated',123456789,'Modules\\Template\\Entities\\UserCredentials','{\"remember_token\":\"VvLiStxaKbe6GKM4knBRqjx8PjhV1sYhr5zh2NmrRiPyCb117iwGZxLGErzD\"}','{\"remember_token\":\"Gr7Ae2vLj9UJldXeg9IYuUycoMwaRMgw4F8LAmDO7ZK4nEVDqVFthtPPSGh0\"}','123456789','http://bghfiletracks.com/logout','180.190.102.44','2017-11-27 03:55:33'),('c2bfbb30-3e77-4bd0-9db8-2adab6b279b8','updated',2018,'Modules\\Template\\Entities\\UserCredentials','{\"remember_token\":null}','{\"remember_token\":\"noaS1hE23qT6LXMm8YLod7EofJJl9nsgrUy0VnbpMgbLH9MO4FDx4HdPZ7nJ\"}','2018','http://localhost:8000/logout','127.0.0.1','2017-09-15 03:04:02'),('c2ce86aa-31c6-49ae-bb40-1ad9ebf2bd13','updated',2017,'Modules\\Template\\Entities\\UserCredentials','{\"remember_token\":\"sckAPDfv37kgKEceQd9kBcDyRNhgRV2if3DuILhKmqYpMid5RM5ii3E5Nmk9\"}','{\"remember_token\":\"i7VDqzNoTo2I7UTQfsoeu3c2sTNTo7PSFQ3bQXXAiqlW6iBsockvLjDTTC9y\"}','2017','http://localhost:8000/logout','127.0.0.1','2017-10-10 14:06:07'),('c2d1470a-6309-4e6b-b0b0-7b4e1df3577f','updated',20138426,'Modules\\Template\\Entities\\UserCredentials','{\"remember_token\":null}','{\"remember_token\":\"r9WpWsSfxOYxUQ6GSTL0lxMTY5pewhj9kCTJfRVymhyhugMLUvrxKU4oRdFl\"}','20138426','http://bghfiletracks.com/logout','66.249.82.183','2017-11-24 00:50:36'),('c2f76d05-6735-4ab8-ae4e-e918f1e7e2eb','updated',111112222,'Modules\\Template\\Entities\\UserCredentials','{\"remember_token\":\"T6G6awe7BYJZcElAh4dmbShj9xG64Gxf3uwpRQCtnwIRdDef5zZC3GHIaM6h\"}','{\"remember_token\":\"dBte46LjMCdCl6PnzDeZPfMUcHb9bhMnfqFyDbphLsQk4zxJsfxBZ8yc2O6P\"}','111112222','http://bghfiletracks.com/logout','121.96.170.68','2017-11-14 18:55:41'),('c426fa16-d686-48b3-b978-6fa1f704cea0','updated',2017,'Modules\\Template\\Entities\\UserCredentials','{\"remember_token\":\"e8x9dcu130w6b2bPWelmKYMmtNnIdq16Vq1pYv7THClbV0JUZTdH7n18IK06\"}','{\"remember_token\":\"Tw4BtIdRVfukAvG9OV3OJKPiqfp97oF2DPeJvfjhXvdhLT1rWrFWjAFzLHgj\"}','2017','http://local.bghmc.com/logout','127.0.0.1','2017-09-09 09:50:23'),('c437e2bc-0c85-485e-acbf-19c231f4d142','updated',20112987,'Modules\\Template\\Entities\\UserCredentials','{\"remember_token\":\"AeJSHJuL2FiPRi5XsWHKtcW6nQWrbmaeE6Om9XhkzgXalZ1tgaVlCIF6ryLL\"}','{\"remember_token\":\"t2EkU5jeyR6dXDijuZTmOVTO8TT9lfP3hQWaQxdEnh75OEp0L65Dc3HvkMI1\"}','20112987','http://bghfiletracks.com/logout','121.96.170.68','2017-11-14 19:31:47'),('c443fb27-0e61-47bf-9f2a-2b2ffa7f28a6','updated',123456789,'Modules\\Template\\Entities\\UserCredentials','{\"remember_token\":\"czMHu5amWts330rZkp5Ap7Ggy4g0Trhqr4Sdf6gJDmnoX0p0wcvSTckscIxK\"}','{\"remember_token\":\"mCC0Vc3SZN2iTymI763RKhCkZeCtqoIqWAkcVkiABdDpwZwkRZ4jxs3kqdNZ\"}','123456789','http://bghfiletracks.com/logout','119.94.183.129','2017-11-27 00:38:39'),('c4713409-9ee3-4f12-8c6c-0febc9b7342a','updated',2012,'Modules\\Template\\Entities\\UserCredentials','{\"remember_token\":\"DcOC4tOAvR8bkd95k7o0kc5ljjTOmXYUNK8IEOD1JiVdHYSAmMAuVSexoYbo\"}','{\"remember_token\":\"fChKYqCDNsGrF3nWQSzTQzxYIelVcRIGtD8TcgGcSusnrMYRN3xcDt6laXMC\"}','2012','http://local.bghmc.com/logout','127.0.0.1','2017-10-14 12:53:02'),('c48e5616-5a5a-488e-b44e-feb2bbde4bc0','updated',2018,'Modules\\Template\\Entities\\UserCredentials','{\"remember_token\":\"7pNoqow0QAlalK1bqMG3TBkYNtBKMyg2xNag8ITwq1ZUcvXkmoZtJkC32uKQ\"}','{\"remember_token\":\"Ivs8Pbcxi49wHJrdqC2SBiELywBgiuB2U3NNVUVhHzqmtNpRAl0v3Wm5J1Cx\"}','2018','http://localhost:8000/logout','127.0.0.1','2017-10-10 14:07:22'),('c4ac5ecc-8696-43e9-8370-40963043e3f4','created',6,'Modules\\Template\\Entities\\UserCredentials','[]','{\"emp_id\":\"2013\",\"group_id\":1,\"is_approved\":1,\"isactive\":1}','2017','http://local.bghmc.com/administrator/register_account','127.0.0.1','2017-09-09 08:57:38'),('c5736ed5-7e30-4dba-9b57-225f146cabff','updated',2017,'Modules\\Template\\Entities\\UserCredentials','{\"remember_token\":\"uoYyi8AbtN1dMcPxnycjjV1scLp7BY2mUCgZlfmzubzdPGSsykDDbpaWXPQz\"}','{\"remember_token\":\"IDpTfv2Oeccwccuglk2nXsMH4t2yCuxoQtTUGEDvYMCpWryX8Te4BntePBxv\"}','2017','http://local.bghmc.com/logout','127.0.0.1','2017-10-14 12:52:39'),('c5beabdb-25de-49a5-9b8b-be26abc6c710','updated',2,'Modules\\Template\\Entities\\UserCredentials','{\"remember_token\":\"oW2w89w2tTYk2686A0m6P6sfbUeYVV52Xvoso8lqaoUyhlmqCs8G4ZNMr7BP\"}','{\"remember_token\":\"SFqSU0aXyKFdZGA3hN9RatcKgdbpJUBLJKdt96qoXnF7PBbUyGY9V0pDnwv1\"}','2','http://template.dev:8080/logout','127.0.0.1','2017-02-08 22:40:58'),('c5eacf6b-b6df-44e9-958f-6ed17a39f396','created',14,'Modules\\Template\\Entities\\UserCredentials','[]','{\"emp_id\":\"6666\",\"group_id\":1,\"is_approved\":1,\"isactive\":1}','2003','http://local.bghmc.com/administrator/register_account','127.0.0.1','2017-09-03 04:06:55'),('c618da4c-ab9a-4e90-b44a-5c676e75664e','updated',123456789,'Modules\\Template\\Entities\\UserCredentials','{\"remember_token\":\"jKkepoXkn1RiFBOiBiYWHUJwHlaNtsGABfgpNTsEnUng5VRPMD2tpZFwMSw0\"}','{\"remember_token\":\"v8bUPJpiKKj8S3UoQVnvBL3Iej2I8vsQ9Fz5ZMMUz6QuefZ37O5ikTosaOk1\"}','123456789','http://bghfiletracks.com/logout','49.151.207.15','2017-11-14 05:51:28'),('c6ddac91-e83b-4b94-81c7-aeda104e49ec','updated',20112987,'Modules\\Template\\Entities\\UserCredentials','{\"remember_token\":\"3Q2YovLZSsGpl3InJ9vJec80ImCNPc7NBKmgroYmsNJ0ZsK8ALx7XkmLmMq6\"}','{\"remember_token\":\"9ctycLfZTlyWOH4Dni9JK4dIrc7GaLHHI5xwWIUlvAH6tCImjXOExTkqBWTW\"}','20112987','http://bghfiletracks.com/logout','66.249.82.183','2017-11-13 15:20:13'),('c75c0ef6-3d75-46a1-942a-c738b524885c','updated',3000000,'Modules\\Template\\Entities\\UserCredentials','{\"remember_token\":\"7Fnk1zIyVggVRvjQOu2y0zVjNQQGKVmls3bl9DD5idfVoxflpfj9o94CcKVQ\"}','{\"remember_token\":\"DTL68IE2zs8qwOXwY5qdT7F9jXEus7M6KRY8rkZlSkngtZuLVspIu8mnfC3Y\"}','3000000','http://bghfiletracks.com/logout','175.158.200.86','2017-11-29 18:43:06'),('c75c41ab-81a9-4db1-9c45-a78675c44c56','updated',20112987,'Modules\\Template\\Entities\\UserCredentials','{\"remember_token\":\"Bvp3UKvA9Iig13KS8uYyl7TAbgS8n78wqBdHj0bM23lAU15es4YolU7TTdsI\"}','{\"remember_token\":\"sbGYuWpz0lqr4kFDhEXcvRXdF0daaE7rh5aZFWVKzdEeEeqogBbCFjPbLB8R\"}','20112987','http://bghfiletracks.com/logout','66.249.82.183','2017-11-13 04:53:19'),('c8798e86-7952-4135-a817-958c4f500b00','created',10,'Modules\\Template\\Entities\\UserCredentials','[]','{\"emp_id\":\"12345678\",\"group_id\":2,\"is_approved\":1,\"isactive\":1}','14861986','http://bghfiletracks.com/administrator/register_account','175.158.200.83','2017-11-13 18:41:06'),('c902c2c5-8d9d-4695-a97b-b021af1390a2','created',16,'Modules\\Template\\Entities\\UserCredentials','[]','{\"emp_id\":\"8888\",\"group_id\":2,\"is_approved\":1,\"isactive\":1}','2003','http://local.bghmc.com/administrator/register_account','127.0.0.1','2017-09-03 04:27:19'),('c9904618-c903-4cae-b33e-4c8266c96014','created',16,'Modules\\Template\\Entities\\UserCredentials','[]','{\"emp_id\":\"14861986\",\"group_id\":1,\"is_approved\":1,\"isactive\":1}','123456789','http://bghfiletracks.com/administrator/register_account','49.151.215.148','2017-11-24 08:27:43'),('c9d810a9-9ce4-4923-a91a-762c6ce73bb9','updated',2000,'Modules\\Template\\Entities\\UserCredentials','{\"isactive\":1}','{\"isactive\":0}','3013','http://local.bghmc.com/administrator/update_activity','127.0.0.1','2017-09-08 12:45:26'),('c9ef106a-a1a1-4d3d-aadf-9922200f88d5','updated',14861986,'Modules\\Template\\Entities\\UserCredentials','{\"remember_token\":\"wGiLB4M7w3XO70PVFQKKzqNavIEkIQkm3FwXp2VLTd5xV6nbaraV8EypjcIZ\"}','{\"remember_token\":\"89wYeN22b0eNzBtKT0lERqtusy4AXKDE8ES9kGcqNTjWpV2oJwNUI4VwbuW6\"}','14861986','http://bghfiletracks.com/logout','175.158.200.92','2017-11-13 18:41:11'),('cab80e91-85af-4dfa-a422-3b6ba214cead','updated',123456789,'Modules\\Template\\Entities\\UserCredentials','{\"remember_token\":\"XjWeebiaeRTVCNIDa5KqFX6CRuC92SJC4ZrrDqv8JccIscgW8cgEnpYRm0pM\"}','{\"remember_token\":\"9Psyqr8K9aV6j5ANj8oK5CyHC7B3PKKG7Zk3aqW3jJ40NL3q2oDgp1F7Tkri\"}','123456789','http://bghfiletracks.com/logout','175.158.201.44','2017-11-14 20:44:58'),('caeeba50-a7c7-4488-b60d-857a743f2869','updated',2013,'Modules\\Template\\Entities\\UserCredentials','{\"remember_token\":null}','{\"remember_token\":\"ws7s7XljtJZ6Q2RPcA5AvTRjJ4y7Ljkjxze6cXrPVeVuPLU9UbgmDCeIF96s\"}','2013','http://local.bghmc.com/logout','127.0.0.1','2017-10-13 12:24:59'),('cb2b3c0c-6469-4ca4-a6da-1b11f8e98ed0','updated',58451123,'Modules\\Template\\Entities\\UserCredentials','{\"remember_token\":null}','{\"remember_token\":\"FRkJbXjCstEQK8HZQo96WWS5scFpmXYPAcEE7znFm1p4J0zun4Ww2j7wDNbJ\"}','58451123','http://local.bghmc.com/logout','127.0.0.1','2018-01-31 13:16:32'),('cb710922-e03f-43e2-9239-1481e3081a37','updated',58453321,'Modules\\Template\\Entities\\UserCredentials','{\"remember_token\":\"izI4OgYlrGhafCnx4mJyZFXo4UzOBMClhd8i5huYEiJDntM1Ei6XEJEuDqwh\"}','{\"remember_token\":\"U0jQkI3yqgOnV00oKZlR3hIdgWf5NoPrYO9sIlKvH5HO1jFZuRrUXzToxp12\"}','58453321','http://local.bghmc.com/logout','127.0.0.1','2018-01-31 13:36:05'),('cb8f677a-338f-4822-92a2-b92968dbaa0a','updated',987654321,'Modules\\Template\\Entities\\UserCredentials','{\"remember_token\":\"1XZD185xumGkzsi1I27rHPqyBCZS8yzZhOPtfkUrYkGsemHLcb8lWIOeh5sS\"}','{\"remember_token\":\"MvxsTMTGnZKiZOPxAHcxD1Z5aaYcUjjKdnSdfwZg6kHIjXRae5nwY9rgvuhr\"}','987654321','http://bghfiletracks.com/logout','49.151.207.15','2017-11-14 09:41:44'),('cc13f687-cf57-4080-9b01-aedf8fbd9711','updated',4000000,'Modules\\Template\\Entities\\UserCredentials','{\"remember_token\":\"VerhXsM437bBjrAdmaZ51kGs31SqLAQ9MQHmnavTRozufwoVc87qflgsOQ6K\"}','{\"remember_token\":\"f3yOsVoMl3A0U0LBU5z02wteBItaiPD7CB0fH2XTBApHtKnEOJpQBd5lpYut\"}','4000000','http://bghfiletracks.com/logout','175.158.200.91','2017-11-27 16:30:08'),('cca6485f-eb7d-489d-b89d-93134ca7424d','updated',14861986,'Modules\\Template\\Entities\\UserCredentials','{\"remember_token\":\"XNqEQ5YFOCGnEjfwFmRm6qhMcQf9OulxzMm6nfymOINRX3TnVsRBYnwG0d3c\"}','{\"remember_token\":\"VbClUC7DE3r2sgmqEqwFZr8sTIwlMn2k34qLBuYtgIUucocJYeZ7HtTClbVn\"}','14861986','http://bghfiletracks.com/logout','119.94.183.129','2017-11-27 08:17:26'),('ccc5d2b1-52a1-4a1b-a4cb-61103388922b','updated',1000000,'Modules\\Template\\Entities\\UserCredentials','{\"remember_token\":\"BUlgDWS9EwxGYuSM4lK9pKQpVmkHa8OfOGrSJUDlUfMeNwETh9hcEdZFyI7U\"}','{\"remember_token\":\"WSwWhNjiBTrXPKGyari8Kx8kgPLOX2MCTkep2pimaWuefXEJInEyKNYChqUS\"}','1000000','http://bghfiletracks.com/logout','175.158.200.86','2017-11-29 19:55:42'),('cd817b8f-52f3-4a3e-bea9-880e5a7fbaaf','updated',4000000,'Modules\\Template\\Entities\\UserCredentials','{\"remember_token\":\"OAQpcTXu3RFXJx9Uj24jfeYKSuEaivgcrOR4gLllY2wY59Ozo3fkFXIDN3dV\"}','{\"remember_token\":\"5tj6aD3lC25rpHMyi3qvyBJaDPYWlLDWRyiw8yTsOLd6D6mVIlnPg68OlKnY\"}','4000000','http://bghfiletracks.com/logout','175.158.200.91','2017-11-27 19:32:33'),('cda0e7a5-8062-4ef6-bd29-9c7976a23ce2','updated',987654321,'Modules\\Template\\Entities\\UserCredentials','{\"remember_token\":\"bQruHut666ncNL5f3XpCepAP2rZ6YwkE2q8E5epp4XdnidOrshkCUawtEseD\"}','{\"remember_token\":\"1XZD185xumGkzsi1I27rHPqyBCZS8yzZhOPtfkUrYkGsemHLcb8lWIOeh5sS\"}','987654321','http://bghfiletracks.com/logout','49.151.207.15','2017-11-14 09:04:36'),('cdff8c84-5d43-4ed8-914b-001e1c425aa6','updated',987654321,'Modules\\Template\\Entities\\UserCredentials','{\"remember_token\":\"BDlf51DvTxhXVnwiIdkIEFmHiIC42gc00llSf9lZM4HJ5xUm0fFVndsF8WAV\"}','{\"remember_token\":\"FERR2aXOLoNWLkaGOk9omg1fmHfCEE2puQ077KLrsBeks06gf8RfppTprK77\"}','987654321','http://bghfiletracks.com/logout','119.94.183.129','2017-11-27 08:27:12'),('ce402f90-fcf1-4af7-8ffc-08075447e03d','updated',987654321,'Modules\\Template\\Entities\\UserCredentials','{\"remember_token\":\"FERR2aXOLoNWLkaGOk9omg1fmHfCEE2puQ077KLrsBeks06gf8RfppTprK77\"}','{\"remember_token\":\"RXbVVYhYdSYqETG66cTfhWSmBpwmaz8r6cX67gcdj5oXQj4SqxKB0bpvKOYK\"}','987654321','http://bghfiletracks.com/logout','112.202.249.221','2017-11-27 15:33:18'),('ce5f0c4b-9e0b-418e-b132-bcfac651dfa6','updated',20112987,'Modules\\Template\\Entities\\UserCredentials','{\"remember_token\":\"gSjGcMHuZScZXaAA844qvdiIVFznF4xvUq03eviPTvJSA07I8qFpEb5Um6A4\"}','{\"remember_token\":\"R3dn4TbgW3vz8u47A2yUnKhDxAaxBwogbESahgP8jrhObYnijjnSxgWd4Fzc\"}','20112987','http://bghfiletracks.com/logout','66.249.82.183','2017-11-22 05:06:22'),('ce9745d6-91c5-448b-b54a-477e99d15766','created',3,'Modules\\Template\\Entities\\UserCredentials','[]','{\"emp_id\":\"2016\",\"group_id\":2,\"is_approved\":1,\"isactive\":1}','2017','http://local.bghmc.com/administrator/register_account','127.0.0.1','2017-10-13 14:12:35'),('cec37d62-6a2f-4543-9e4e-f48acee8485f','updated',20135845,'Modules\\Template\\Entities\\UserCredentials','{\"isactive\":1}','{\"isactive\":0}','123456789','http://local.bghmc.com/administrator/update_activity','127.0.0.1','2017-11-21 09:43:19'),('cf08a123-a0ad-4a02-9674-6ee4792302a9','updated',123456789,'Modules\\Template\\Entities\\UserCredentials','{\"remember_token\":\"N9iUkbDc7PxhcCGYFqCvUSfxVGiikom0L1hmDB7Jr4L8wuDN3pUgKszRfWgy\"}','{\"remember_token\":\"0gCkHiL4if6fR0ugvfIJDtrzbxCmpidz3eLWXOrVKcSjJh9gNhwgWCkOlrJN\"}','123456789','http://local.bghmc.com/logout','127.0.0.1','2018-01-31 13:21:05'),('cf0d610c-47da-4c0d-a787-f9079ae03407','updated',20112987,'Modules\\Template\\Entities\\UserCredentials','{\"remember_token\":null}','{\"remember_token\":\"gSjGcMHuZScZXaAA844qvdiIVFznF4xvUq03eviPTvJSA07I8qFpEb5Um6A4\"}','20112987','http://bghfiletracks.com/logout','66.249.82.185','2017-11-22 01:02:52'),('cf2a2257-bdd0-4b86-9036-8ccfd44c623d','updated',2018,'Modules\\Template\\Entities\\UserCredentials','{\"remember_token\":\"Z8v9uyGMLaNRuj5UpO5y24juioqPW6nyGber4Bo215mg69fT12JBanUy9ocK\"}','{\"remember_token\":\"7pNoqow0QAlalK1bqMG3TBkYNtBKMyg2xNag8ITwq1ZUcvXkmoZtJkC32uKQ\"}','2018','http://localhost:8000/logout','127.0.0.1','2017-10-10 11:40:43'),('cf457852-6aab-4af0-9565-f3829436bc4c','created',5,'Modules\\Template\\Entities\\UserCredentials','[]','{\"emp_id\":\"2014\",\"group_id\":1,\"is_approved\":1,\"isactive\":1}','2017','http://local.bghmc.com/administrator/register_account','127.0.0.1','2017-09-08 14:20:07'),('cfbbf506-d2af-451e-942b-727452656de6','updated',123456789,'Modules\\Template\\Entities\\UserCredentials','{\"remember_token\":\"MumhKu0WFDtN0UOUwdWKWbnctio8lzN8d4aLAC1WcfKmJCBR5SZ23r1Bzf89\"}','{\"remember_token\":\"xRV7OUqzNIyCm0iXSc3WlWppl3DlqC5alK5wqaKbN7acxVIRzp5xAlHsHrxj\"}','123456789','http://bghfiletracks.com/logout','175.158.200.91','2017-11-27 17:58:03'),('cfd6ab87-7de6-4335-b852-07bbab32267c','updated',987654321,'Modules\\Template\\Entities\\UserCredentials','{\"remember_token\":\"MvxsTMTGnZKiZOPxAHcxD1Z5aaYcUjjKdnSdfwZg6kHIjXRae5nwY9rgvuhr\"}','{\"remember_token\":\"m1M1rwWNvh0Hep4aCdicwkgPx0OgqpewHxUvxPP9JIpXZIlOKZe4e4Szz02E\"}','987654321','http://bghfiletracks.com/logout','49.151.207.15','2017-11-14 09:50:22'),('cff09e85-1fbb-4335-95b7-37761f0bf4c4','updated',123456789,'Modules\\Template\\Entities\\UserCredentials','{\"remember_token\":\"xgE9XVMC23JZRg9It1n2mIBSbwqMoiuIidt7zrfYqBNNMxgkYcSwZChC1Imu\"}','{\"remember_token\":\"3Wf5nqTLafzbXEUXIeTlBSjF1Pnwk9YX2nnLPnqIpAkB39GNYF3DcWoDDJBk\"}','123456789','http://bghfiletracks.com/logout','112.202.50.88','2017-11-14 18:41:06'),('d03fad06-09db-4465-b6d6-c01d53aae80c','updated',20115751,'Modules\\Template\\Entities\\UserCredentials','{\"isactive\":\"1\"}','{\"isactive\":0}','123456789','http://bghfiletracks.com/administrator/update_activity','121.96.170.68','2017-11-14 19:46:50'),('d07a9c51-d3e0-4869-87b4-e0487b9412fe','updated',123456789,'Modules\\Template\\Entities\\UserCredentials','{\"remember_token\":\"9kjiIfh4jbvDZemc8YcxZj33WX4vOwXnEFJAepcHtwwKBex1QBvSytJ8gOzo\"}','{\"remember_token\":\"pAfgFhuIE5ALJZa5BUOwtVW5cPzmaWezJKgKXTYdVH1kYFPbedyU00ftjthf\"}','123456789','http://bghfiletracks.com/logout','112.202.249.221','2017-11-27 15:42:12'),('d0f55464-153f-47b7-912c-fc3c702f5c68','updated',20135776,'Modules\\Template\\Entities\\UserCredentials','{\"remember_token\":null}','{\"remember_token\":\"eFvbKHBs1hBygGfI2LsJkwfu9STsLAjxJVmDWlRKOjdLrrPFVrUCyTXIHvKk\"}','20135776','http://local.bghmc.com/logout','127.0.0.1','2018-01-31 16:49:59'),('d16a8936-6860-406d-879c-63c028af70b3','updated',2017,'Modules\\Template\\Entities\\UserCredentials','{\"remember_token\":\"SluQG1ybtCMjUIbQDuVeoUfbHezhn2D1tlOW3f1SF1tJgBKVamLROrItWV02\"}','{\"remember_token\":\"j9ijRnMO21J8AnlELLh8H5Mm0jS1ykja56NawcjztDjFjKTraFeW5SFyxsSf\"}','2017','http://local.bghmc.com/logout','127.0.0.1','2017-10-13 12:28:58'),('d17c8580-62d4-43ee-891b-37d044cb7153','updated',987654321,'Modules\\Template\\Entities\\UserCredentials','{\"remember_token\":\"40jAWBp1jowT6XNcCoVTKGHQ5I4TN6e0jtnDWhnYz6ads22FxPPcUVq2ynA0\"}','{\"remember_token\":\"UaryFIwaOjDw8jUlReuYufGTwzzw6UnkO1O6qEg6UvLnQdGDzFgL9U3dRfdV\"}','987654321','http://bghfiletracks.com/logout','180.190.102.222','2017-11-13 04:50:31'),('d1892f10-36be-433c-a2d7-e82745f11b7d','updated',1213,'Modules\\Template\\Entities\\UserCredentials','{\"isactive\":1}','{\"isactive\":0}','3013','http://local.bghmc.com/administrator/update_activity','127.0.0.1','2017-09-08 02:30:24'),('d18d2504-397a-46ee-9b0f-10699d4b8e04','created',14,'Modules\\Template\\Entities\\UserCredentials','[]','{\"emp_id\":\"20112987\",\"group_id\":2,\"is_approved\":1,\"isactive\":1}','123456789','http://bghfiletracks.com/administrator/register_account','112.200.197.167','2017-11-22 00:57:17'),('d1ad77d1-1d73-41b0-8881-4cf06ec046b0','updated',987654321,'Modules\\Template\\Entities\\UserCredentials','{\"remember_token\":\"FOjMKYTHFMJIAJjVvvg1pZUUOL42apSG0J1M0IQJqevI4KPoMD6kfCfBYbQp\"}','{\"remember_token\":\"Pki9InACPhkfEKIafhzv5tvAWjy9eeSZCr9Gy04kuSdMZ48h2pIPxYptAZWv\"}','987654321','http://bghfiletracks.com/logout','49.151.215.148','2017-11-24 08:35:09'),('d2121ad0-5ee5-4a71-966e-2d1b3aa14557','updated',2012,'Modules\\Template\\Entities\\UserCredentials','{\"remember_token\":null}','{\"remember_token\":\"DcOC4tOAvR8bkd95k7o0kc5ljjTOmXYUNK8IEOD1JiVdHYSAmMAuVSexoYbo\"}','2012','http://local.bghmc.com/logout','127.0.0.1','2017-10-14 12:52:54'),('d2306afb-2455-46a3-86a1-18b1ad3980b2','created',4,'Modules\\Template\\Entities\\UserCredentials','[]','{\"emp_id\":\"1213\",\"group_id\":1,\"is_approved\":1,\"isactive\":1}','3013','http://local.bghmc.com/administrator/register_account','127.0.0.1','2017-09-08 02:09:10'),('d243c897-1c6c-4fe2-b4b9-5157cfbd1d53','updated',123456789,'Modules\\Template\\Entities\\UserCredentials','{\"remember_token\":\"7jvchfdXy1MPjY9IZUQ4ieo0guhN7albzkhXz2zu7NahsxOJv480MbTfD6CG\"}','{\"remember_token\":\"54Ry1JsUgJbovoqXbSs7Lp7zuRfD5ZZIPATOPr0l3hx8e8i8PCU4vuKQE912\"}','123456789','http://bghfiletracks.com/logout','49.151.207.15','2017-11-14 12:01:16'),('d26c431b-69c5-4f35-9d00-76c89a45802f','updated',123456789,'Modules\\Template\\Entities\\UserCredentials','{\"remember_token\":\"ikeZCB9TqM1hzhJiaX7G14cRFI8PiGiR7BDX6ndhVD6B5LISdvBZ8tiuY0I7\"}','{\"remember_token\":\"V1Hp7lxTSTZVqhYxnCO1zln9rYpftBIphy87YtgvU5amFRS0aUen3LTJgjlT\"}','123456789','http://bghfiletracks.com/logout','180.191.61.3','2017-11-13 05:18:32'),('d26f540d-23e7-44dd-9e9e-f8818eee1786','updated',123456789,'Modules\\Template\\Entities\\UserCredentials','{\"remember_token\":\"ZW1tAt5h7tYLvgnxDU0xD6xND0HBZt2SFQJmJ9FvnnVtk7fXRzr7r3xUottS\"}','{\"remember_token\":\"oLc5dluQKaG0dNn7KjRNAi6bIhuacJVXtbOYKOLiKIBBsYTRPzALlqswl1VS\"}','123456789','http://bghfiletracks.com/logout','175.158.200.91','2017-11-27 16:02:09'),('d3320dd8-8c78-476f-98b4-68e2f47cd0c9','updated',14861986,'Modules\\Template\\Entities\\UserCredentials','{\"isactive\":\"0\"}','{\"isactive\":1}','14861986','http://bghfiletracks.com/administrator/update_activity','175.158.200.93','2017-11-24 20:43:58'),('d33fa5fb-1eac-49d6-b696-6106215ced63','created',5,'Modules\\Template\\Entities\\UserCredentials','[]','{\"emp_id\":\"111112222\",\"group_id\":2,\"is_approved\":1,\"isactive\":1}','123456789','http://bghfiletracks.com/administrator/register_account','180.191.61.1','2017-11-13 04:20:17'),('d3826496-3c68-4c6f-a4d0-2d93e1d90102','updated',123456789,'Modules\\Template\\Entities\\UserCredentials','{\"remember_token\":\"ip3HBpzwRgYneNBnrMfdrVuAA9x3uWP4G6XapSuDQl6itXUj8ldbzKkUIrr8\"}','{\"remember_token\":\"D5xj6hTLhLjLuoDF9fWO3Yu08z4lfCz4TqVQNaAgzvZTXbuvdXPlJQpEmuT0\"}','123456789','http://bghfiletracks.com/logout','104.131.176.234','2017-11-27 07:53:57'),('d3fd7a2a-8d04-4e39-80d6-1a2f5f6b16e9','updated',123456789,'Modules\\Template\\Entities\\UserCredentials','{\"remember_token\":\"2g7FvVmKeCjOGVLBpdOY80cfkvkrRSqamdiCU3MkkhAgOALJOLhDX8Q6wsv6\"}','{\"remember_token\":\"Pwsw9o3Qv51EdsNMntCuIuEcyr3iwEtzMe9Yfl4YiDBsL6cPtZFPUBKBk5sm\"}','123456789','http://bghfiletracks.com/logout','66.249.82.185','2017-11-13 03:57:50'),('d40bb32f-606d-42d2-8903-fcbc4cbd8222','updated',20135845,'Modules\\Template\\Entities\\UserCredentials','{\"isactive\":1}','{\"isactive\":0}','123456789','http://local.bghmc.com/administrator/update_activity','127.0.0.1','2018-01-31 17:34:14'),('d4477241-116d-4ecf-b665-8c0fdf3a38a1','updated',2018,'Modules\\Template\\Entities\\UserCredentials','{\"remember_token\":\"AKkGbYr4k8J5EAAHoIe07ZZR77sPo21NYXSl2qAB5LYJb1IcFQapyx1f0Lml\"}','{\"remember_token\":\"gFQVL9XUay5OxLRKOKRUCVK52LlgrbFs8349aAkXMejhkjHVRhiCrcUArGSu\"}','2018','http://localhost:8000/logout','127.0.0.1','2017-09-30 13:47:46'),('d4839cc9-3ae9-49a9-903c-69fc9252ece8','updated',123456789,'Modules\\Template\\Entities\\UserCredentials','{\"remember_token\":\"vqSNDO9UBHRPXpKX3BtJw4pFKumxgg1dsoFVMRmr93rJ4PPVcOSA2z1CrT4u\"}','{\"remember_token\":\"8a8KquXswZiJFhnaXRx7eeUOFBY7u8KesgfgVefxFgQMpobcgKl4Ce4gcfYK\"}','123456789','http://bghfiletracks.com/logout','66.249.82.181','2017-11-13 09:13:44'),('d4fe3ffd-a8fe-47dc-8c53-eca2baf5655a','updated',2003,'Modules\\Template\\Entities\\UserCredentials','{\"remember_token\":\"EIoNbALgZZeI8CwNVB4AQA4J10HIOArc8sYP6t56vjHn2OcBqtj3GH2ZXdma\"}','{\"remember_token\":\"9bXUerak1iVJLvS0O5hyKH0BtqHpPjFJKeXMGT8XPzfsSAMKONfjP709gajg\"}','2003','http://local.bghmc.com/logout','127.0.0.1','2017-09-01 01:00:16'),('d5020c34-3362-47ff-918e-772b970862b4','updated',14861986,'Modules\\Template\\Entities\\UserCredentials','{\"remember_token\":\"TlXOLbuFnbrCAAxaznby1gmT98tjd34xrOJ6Lm9HRIu7JIT6BjHvx7PKlfyg\"}','{\"remember_token\":\"T8hmuVZFHmpdaMVgWqWJnK5P3cQFL9Wwp9nqUQVBLhTkghmu6Q94a2gRZwOW\"}','14861986','http://bghfiletracks.com/logout','175.158.200.91','2017-11-27 15:47:01'),('d5477a4c-61d8-46bd-b714-737d9f926ef9','updated',20138426,'Modules\\Template\\Entities\\UserCredentials','{\"isactive\":1}','{\"isactive\":0}','2017','http://localhost:8080/template/public/administrator/update_activity','::1','2017-09-22 03:28:49'),('d5603cf1-62a6-4f9b-bc1d-eb638d1bba30','created',4,'Modules\\Template\\Entities\\UserCredentials','[]','{\"emp_id\":\"369852147\",\"group_id\":1,\"is_approved\":1,\"isactive\":1}','123456789','http://local.bghmc.com/administrator/register_account','127.0.0.1','2017-11-12 06:35:58'),('d66652e3-a108-41c8-81ef-33369e6025dd','updated',2017,'Modules\\Template\\Entities\\UserCredentials','{\"isactive\":1}','{\"isactive\":0}','2017','http://local.bghmc.com/administrator/update_activity','127.0.0.1','2017-09-09 11:01:26'),('d675613f-1491-4140-b0e2-c3525709b120','updated',1000000,'Modules\\Template\\Entities\\UserCredentials','{\"remember_token\":\"tkW1EtkalPnVhZ2UtdLDJKsYtKzSJ8ZSFfTL99978nijQbBzXDAL5GUgp1H2\"}','{\"remember_token\":\"L7tpoo076MuG3S9Odsol040R5PsCdmVbkpO8p1JA4AFRhJQqBxjnhFwmbbEs\"}','1000000','http://bghfiletracks.com/logout','175.158.200.91','2017-11-27 16:35:18'),('d6a0ea70-68fa-4cc4-bc75-3dcfdf93fa4e','updated',123456789,'Modules\\Template\\Entities\\UserCredentials','{\"remember_token\":\"UD5e1GY0CLj1PvCZF4Lgty3t1DTVG9LiVWus8f5VdAOPtNn1f73lhKOhy3AG\"}','{\"remember_token\":\"uVmLWMHrZHWInXJyBttr40R1QNG58G06lwKwIiCEDwKAJTVKuoJ4FgLsV4jM\"}','123456789','http://bghfiletracks.com/logout','180.190.102.222','2017-11-13 04:56:14'),('d6f60d17-f1da-474b-a9c2-c725fc3f13cd','updated',20112987,'Modules\\Template\\Entities\\UserCredentials','{\"remember_token\":\"bbLcXVxsjODv7wB62LBw5V0g5FO0aNrYrHhG7fFICLJppw9KZBZiexEcW5pQ\"}','{\"remember_token\":\"N8CIz8Bd2W7ygQy2ggGAbKZm9oymTDvVELKnhmo5Qgej4r3pTgXT9M5Rl0SZ\"}','20112987','http://bghfiletracks.com/logout','66.249.82.181','2017-11-22 12:04:56'),('d78b79d8-d5ca-441f-9963-1e6e52dd1b25','updated',2017,'Modules\\Template\\Entities\\UserCredentials','{\"remember_token\":\"oiRIDLodb71MJ4BwUZy1wQYIew6xSbrtphsHLblTyT5FRFIDaAMgTLer64dK\"}','{\"remember_token\":\"UNtyfaeE1RMoMHSPukRT7xwQDQZijqOq9lSpk9X1vvtHzLL0GqloN3s96OAv\"}','2017','http://localhost:8080/template/public/logout','::1','2017-09-19 14:20:43'),('d7a6d192-5d69-4fcd-8328-b7fe710a515b','updated',1010102,'Modules\\Template\\Entities\\UserCredentials','{\"remember_token\":\"iNT7KjLueexckMV3TziGVrYDcuSpG4rBQ5hB62eeeWGU5rjXM8It1ENQDSs7\"}','{\"remember_token\":\"TsPWuJ48lFJrQ5ETS9itwG2a2QthRkMJAYfNiR4BAXNQLgT7u0R79hfNzm4d\"}','1010102','http://bghfiletracks.com/logout','119.94.183.129','2017-11-27 14:02:33'),('d7fcb1aa-b359-499d-aa81-e4f91094f86c','updated',1000000,'Modules\\Template\\Entities\\UserCredentials','{\"remember_token\":\"Cc3GKUzmxDq1fKtcjTOY9shJIjdJ6FpENB4nqEET8WQ7WDH3Tk3HmHGsT6Y0\"}','{\"remember_token\":\"4kLYYlJeSBKXDJuUPazDxCTeLaHlntuDnTkWblNY4XqejIRInZib6J92UDag\"}','1000000','http://bghfiletracks.com/logout','175.158.200.91','2017-11-27 17:44:44'),('d8168a78-74c7-430a-b407-5665fd464642','updated',20112987,'Modules\\Template\\Entities\\UserCredentials','{\"remember_token\":\"9ctycLfZTlyWOH4Dni9JK4dIrc7GaLHHI5xwWIUlvAH6tCImjXOExTkqBWTW\"}','{\"remember_token\":\"B15eGKtap727FUsdQjXLMemQg7dVymw7cnyrNPJqEIumQPMMdx6pKBMB1dUG\"}','20112987','http://bghfiletracks.com/logout','66.249.82.181','2017-11-14 04:29:08'),('d888db71-b8cb-4912-b279-ed48d3162053','updated',2017,'Modules\\Template\\Entities\\UserCredentials','{\"remember_token\":\"4jbYdR0UFGIvuydEnwu1xa1jvefxLJwQk05QhncI9BMFo2hVgB142aVTGjE4\"}','{\"remember_token\":\"bcT2tvALYtMMLRN1PNWbNP34mSMPIvVsDXvHQbQLMbcUCS2rvtB0CpQeLDDp\"}','2017','http://localhost:8000/logout','127.0.0.1','2017-09-30 13:48:45'),('d9aa1868-0061-4955-a9d0-b8064f0d9a3d','updated',14861986,'Modules\\Template\\Entities\\UserCredentials','{\"remember_token\":\"jZSqbrudfaAgRbINNWDrzqYdu5bnid5Az0TF0HSI8dcFeLUYZMkZzvdHUe4N\"}','{\"remember_token\":\"KEqPBiKp4d4luavAMWrdmKV4BGtxtQfS9nVzL8MJpbh4cPYxUwzDaGA43bBC\"}','14861986','http://bghfiletracks.com/logout','119.94.89.181','2017-11-14 21:12:12'),('da56ed3a-f7ad-4961-90cc-14f1bd12b764','created',9,'Modules\\Template\\Entities\\UserCredentials','[]','{\"emp_id\":\"2011\",\"group_id\":2,\"is_approved\":1,\"isactive\":1}','2017','http://local.bghmc.com/administrator/register_account','127.0.0.1','2017-10-13 13:45:56'),('dad22586-fdca-4a17-8e78-388c060f3570','created',3,'Modules\\Template\\Entities\\UserCredentials','[]','{\"emp_id\":\"2000\",\"group_id\":1,\"is_approved\":1,\"isactive\":1}','3013','http://local.bghmc.com/administrator/register_account','127.0.0.1','2017-09-06 05:10:36'),('dad93421-34e1-4db3-9b8e-bfd382e6821a','updated',123456789,'Modules\\Template\\Entities\\UserCredentials','{\"remember_token\":\"S22Tl2YelC7sFIWkm3roLKIWGDLY0QS4UVgLliorObSl5BWPvZ67e1ESD8Vi\"}','{\"remember_token\":\"jcNdtp7CIy2WBufpTxvrNr4mkcSa67yZRDtTB0cSEY9ecbjiLzDIsy2Xs1Ce\"}','123456789','http://bghfiletracks.com/logout','66.249.82.181','2017-11-13 04:51:06'),('db2a78dd-d891-46bb-949e-e61fb1a36b4e','updated',2017,'Modules\\Template\\Entities\\UserCredentials','{\"remember_token\":\"iAbwtTGJHkR7TA3TUaosITej2wLKOccet8JJweNIS5GKH24qlXjQxgNZ928P\"}','{\"remember_token\":\"QDyl0dYYQFXMFHCJZVdaeOQPLNT0OU1FK1JhaGGlozCnkSXmTKykoo4Odsbq\"}','2017','http://local.bghmc.com/logout','127.0.0.1','2017-10-13 12:12:12'),('db59df1a-9ff5-4012-bdb9-565c5039508d','updated',123456789,'Modules\\Template\\Entities\\UserCredentials','{\"remember_token\":\"QefIhRLtWfzWyS9KOWusg0OugK4xkUBXyYKzrwKqgvGXdgkinMzSA0qQ2Ipv\"}','{\"remember_token\":\"ZQXTGaD63tDPCi6y743p77D4LMUjTovlsrDhNuc4srYY3mhuheDulc4sPNzS\"}','123456789','http://local.bghmc.com/logout','127.0.0.1','2017-11-12 09:32:01'),('db7794d5-415a-4b38-9a6d-90c26d85a84c','updated',1000000,'Modules\\Template\\Entities\\UserCredentials','{\"remember_token\":\"Gjusv1nskwxu3wAB1YkX29rEL3svV3xZhtxCg53l5yMWZANgB3NRV7MUG24R\"}','{\"remember_token\":\"Cc3GKUzmxDq1fKtcjTOY9shJIjdJ6FpENB4nqEET8WQ7WDH3Tk3HmHGsT6Y0\"}','1000000','http://bghfiletracks.com/logout','175.158.200.91','2017-11-27 17:44:24'),('db9e8882-a5b3-4363-8b1c-70aa6e07a786','updated',1213,'Modules\\Template\\Entities\\UserCredentials','{\"isactive\":0}','{\"isactive\":1}','3013','http://local.bghmc.com/administrator/update_activity','127.0.0.1','2017-09-08 02:33:23'),('dc559452-0e23-4b8c-8217-299018146f70','updated',2,'Modules\\Template\\Entities\\UserCredentials','{\"remember_token\":\"dlA36Vo1fErl550Qw1QicEznih5F3Gi3qz9posXTfeaIBUvxTSwT8l6VMZYI\"}','{\"remember_token\":\"ngqvN7BkraDB3wsCvD6uN8IOJYTqB7usYk98ddfhnvLByAioYtAhRQ83Gejc\"}','2','http://local.bghmc.com/logout','127.0.0.1','2017-08-15 04:03:45'),('dca7aeed-5006-41ea-9609-e2e6e2be10cb','created',5,'Modules\\Template\\Entities\\UserCredentials','[]','{\"emp_id\":\"2015\",\"group_id\":1,\"is_approved\":1,\"isactive\":1}','2016','http://local.bghmc.com/administrator/register_account','127.0.0.1','2017-09-08 13:52:50'),('dcf69e59-7f82-4890-9042-26d0358d6223','updated',2018,'Modules\\Template\\Entities\\UserCredentials','{\"remember_token\":\"xqhoqBb3s64axrVH8vw2oTQR8FWyRHAVBS2Ztrb8sGboLdml1mStqsDesBf1\"}','{\"remember_token\":\"hn88iNQJ2mCzmKSa9rCLSxK3QRXajHKnYW76MazSAxZd64aoqR4GKZmWgjEA\"}','2018','http://localhost:8080/template/public/logout','::1','2017-09-22 03:26:26'),('dd6d044d-9190-4415-bd51-4e81b7372079','updated',123456789,'Modules\\Template\\Entities\\UserCredentials','{\"remember_token\":\"kwDlaAoTJcPnWRRuwQ4VNELViZEzJuQX68GCpVASqfcgfo14gtEX83rZQweW\"}','{\"remember_token\":\"xtETRWaX6AQY7icDZQzswPSPobMM6uQkcl7k6HDkBmhzYj8ZYrG7mAaffT2E\"}','123456789','http://bghfiletracks.com/logout','175.158.200.86','2017-11-29 18:34:13'),('dd8677c7-8ba6-45c5-b3e6-f13964e29ff5','updated',20135845,'Modules\\Template\\Entities\\UserCredentials','{\"isactive\":\"0\"}','{\"isactive\":1}','123456789','http://bghfiletracks.com/administrator/update_activity','112.200.197.167','2017-11-22 02:53:47'),('de81fdcf-17ae-473a-95d4-8ff77f2e57c6','updated',987654321,'Modules\\Template\\Entities\\UserCredentials','{\"remember_token\":\"QcUnYG5fnHbNOspizkBYlqjAjwhWX64oeSeu8OLOTHyCBorUcuWR6guBSgIl\"}','{\"remember_token\":\"5dL4kJCwM53HtNRvYAkvYXv3maELGc01lnHEZsVKYyvvZ9BUDUyCobMncHH2\"}','987654321','http://bghfiletracks.com/logout','175.158.200.91','2017-11-27 19:29:59'),('df104180-3564-4eff-9544-cf7f0941e18b','updated',2017,'Modules\\Template\\Entities\\UserCredentials','{\"remember_token\":\"OI2HcvxA6OMeKCgFXn2sl3EOgmla0BBf4eVnPCtSLYRMFzT3EajBiaOLfNC8\"}','{\"remember_token\":\"8B4VSNRi0EMVZfEIMlNe5L3EChH1offwKNsKAwIBunZ3nwALm37auDu2EDre\"}','2017','http://local.bghmc.com/logout','127.0.0.1','2017-10-14 10:38:09'),('df35dd51-db25-4f08-802d-ff2afc133d4d','updated',1213,'Modules\\Template\\Entities\\UserCredentials','{\"remember_token\":null}','{\"remember_token\":\"jE64q4xHHEuG5ci98Pi5P1TW46iyvYSOQ42Hgeaudkbx1bAVd6PCdw6MU4KN\"}','1213','http://local.bghmc.com/logout','127.0.0.1','2017-09-08 02:13:44'),('dff60313-66fb-4b35-9822-fcc015375076','updated',2019,'Modules\\Template\\Entities\\UserCredentials','{\"isactive\":0}','{\"isactive\":1}','2017','http://localhost:8080/template/public/administrator/update_activity','::1','2017-09-20 00:33:09'),('e055ca86-084e-459a-9fe8-7a65f87e0f26','created',13,'Modules\\Template\\Entities\\UserCredentials','[]','{\"emp_id\":\"2006\",\"group_id\":1,\"is_approved\":1,\"isactive\":1}','2017','http://local.bghmc.com/administrator/register_account','127.0.0.1','2017-09-09 09:16:26'),('e14cb92c-bad7-460d-87ce-6d9b65729218','created',9,'Modules\\Template\\Entities\\UserCredentials','[]','{\"emp_id\":\"0987654\",\"group_id\":2,\"is_approved\":1,\"isactive\":1}','14861986','http://bghfiletracks.com/administrator/register_account','175.158.200.210','2017-11-13 17:48:02'),('e16b5615-d4f3-48f9-8f56-8037f1857c7b','updated',123456789,'Modules\\Template\\Entities\\UserCredentials','{\"remember_token\":\"l5ofTKJXF92i7xureU1mPFF6TYACMUbnc2ksCTXeQDBgBPuML0FJTx0fxSko\"}','{\"remember_token\":\"b6az8fA6DidPulOGSgfxdrBMAMIfmeOUfs5zcCGPyPXG4ydgSgj4kEL7vLbC\"}','123456789','http://bghfiletracks.com/logout','180.191.61.10','2017-11-13 03:29:12'),('e1ba23e8-dc31-4532-b8a6-ce5c4ba1bf15','updated',2003,'Modules\\Template\\Entities\\UserCredentials','{\"remember_token\":\"9bXUerak1iVJLvS0O5hyKH0BtqHpPjFJKeXMGT8XPzfsSAMKONfjP709gajg\"}','{\"remember_token\":\"Y6n7DqFKWgwZi57jYDckN0yvCuAC9Z3cpdsjC12GKr7uZPDR1gm5xEVs0wU3\"}','2003','http://local.bghmc.com/logout','127.0.0.1','2017-09-01 01:05:27'),('e24c896b-c73c-45ee-a595-b5884f413488','created',26,'Modules\\Template\\Entities\\UserCredentials','[]','{\"emp_id\":\"5000000\",\"group_id\":2,\"is_approved\":1,\"isactive\":1}','123456789','http://bghfiletracks.com/administrator/register_account','175.158.200.91','2017-11-27 16:00:02'),('e258a23f-5c0a-46d9-bbd1-5d0d0eec5fa1','updated',123456789,'Modules\\Template\\Entities\\UserCredentials','{\"remember_token\":\"0REy4GEVHtHDMDEmIzTgYaNUW8yqCMLax84FUGr4XQYjbfroT05kBJ08klY6\"}','{\"remember_token\":\"vpH17ZNACkO1V7ByJYe8P0GjMn1VC4mxUbE4LHhuXPD8mBgaZaGErMdQhSSt\"}','123456789','http://bghfiletracks.com/logout','180.191.61.2','2017-11-13 04:24:35'),('e317f974-0f70-4d25-8f16-9f871fdc08f9','updated',14861986,'Modules\\Template\\Entities\\UserCredentials','{\"remember_token\":\"AZyd4fAqmsYVVT5SnpwU4KPoo0QFjAn7jwBQz3B37yvxY51aZmQb6UPIUi9a\"}','{\"remember_token\":\"tworM4w9Xlgy95m7ix3Esj5PSC4TI1tR5fOW2H58RWC1YsxeqlfldiQy3IPj\"}','14861986','http://bghfiletracks.com/logout','66.249.82.181','2017-11-27 09:59:44'),('e34ce4ec-4922-4793-ba17-4c21b45d826f','updated',123456789,'Modules\\Template\\Entities\\UserCredentials','{\"remember_token\":\"1Mf0Ofrc4dIwUl0tjCXyDrXQfpnlWOiqb0fO2PqmgT7fZZuQPxmmnLNmbHcy\"}','{\"remember_token\":\"xY9bjvFQjWaDpazixxuNtUHw5douqwU878HMjI0ApLrq2wBYhC41uxQoFE9L\"}','123456789','http://bghfiletracks.com/logout','119.94.183.129','2017-11-27 13:44:49'),('e3b014b4-6822-4e53-946c-f27d87c3af54','updated',123456789,'Modules\\Template\\Entities\\UserCredentials','{\"remember_token\":\"xMrksT36HXimJEG3SJfLgYVg2zpRiy7T3tIdTsQ4HAC2sE4ih3ezDBZ5p22j\"}','{\"remember_token\":\"2g7FvVmKeCjOGVLBpdOY80cfkvkrRSqamdiCU3MkkhAgOALJOLhDX8Q6wsv6\"}','123456789','http://bghfiletracks.com/logout','66.249.82.181','2017-11-13 03:49:48'),('e3fd139e-1763-4656-8c57-2ff721692f41','updated',1000000,'Modules\\Template\\Entities\\UserCredentials','{\"remember_token\":\"JQPWtmLnr62wA4NnXsIghnSFAGKkclZZ1Mo5OgBNwnyNfOg2XzVMeG0b6uAx\"}','{\"remember_token\":\"vbE3lJNoHKyK8ZVwPKHsK0UhOnAlyZus0Q317uJ51AlGQ9jiPhcZi7h7jAVx\"}','1000000','http://bghfiletracks.com/logout','175.158.200.91','2017-11-27 19:20:44'),('e4226ef4-13af-4776-abab-d5c08519c1ad','updated',1,'Modules\\Template\\Entities\\UserCredentials','{\"remember_token\":\"0JFZRNyOPSDmiq9k7bnGd9dSJem62EmYg8oPkO9ep0QWNJKaZo5fn4tvTs48\"}','{\"remember_token\":\"6ZhtXIFn9MWlD7zzEW90pacpYcDw2n4nhOEM6EF2OTaRSSmi4WL5K8mGTU0t\"}','1','http://local.bghmc.com/logout','127.0.0.1','2017-08-18 22:19:06'),('e424a21d-d37f-45f5-906a-dfe329c4d891','updated',2003,'Modules\\Template\\Entities\\UserCredentials','{\"remember_token\":\"P9COyrYogzVWmzribyMFE0PayN4ceZuMyqvwdYKjRRwYM5tQ6qUhvTaU2tzK\"}','{\"remember_token\":\"VmY7Lp5jt00ntCXqs6ICcM2dr8cPuN33H6GugBEGu7Zo26nRm4RMlVghew6m\"}','2003','http://local.bghmc.com/logout','127.0.0.1','2017-09-03 01:25:19'),('e4494ca3-a32d-4bd2-9899-727edfc2d22c','updated',2003,'Modules\\Template\\Entities\\UserCredentials','{\"remember_token\":null}','{\"remember_token\":\"iIfHhGT7YuEAtS72RtEbyztEUw8pGRWbiYEmSPMEbYgjcz6t21mhTT5L1Qra\"}','2003','http://local.bghmc.com/logout','127.0.0.1','2017-08-26 07:21:55'),('e44cb946-2d77-4db3-affd-c6bbc7183c7c','created',7,'Modules\\Template\\Entities\\UserCredentials','[]','{\"emp_id\":\"2012\",\"group_id\":2,\"is_approved\":1,\"isactive\":1}','2017','http://local.bghmc.com/administrator/register_account','127.0.0.1','2017-10-13 12:42:01'),('e4af5fce-faae-462f-8f06-5e0150a5e5d4','created',4,'Modules\\Template\\Entities\\UserCredentials','[]','{\"emp_id\":\"2014\",\"group_id\":2,\"is_approved\":1,\"isactive\":1}','2017','http://local.bghmc.com/administrator/register_account','127.0.0.1','2017-10-13 12:12:10'),('e4d376a6-2f6f-46b1-bf7d-d03e48805745','updated',20135845,'Modules\\Template\\Entities\\UserCredentials','{\"remember_token\":null}','{\"remember_token\":\"smzsVCZkPeZCHLAZ30HSaDaL4LD48LxA5u188ZtUUR4I1FFbgGnknRuwK2N9\"}','20135845','http://local.bghmc.com/logout','127.0.0.1','2018-01-12 14:08:24'),('e6715f76-100c-455a-8d41-53cec96597cd','updated',14861986,'Modules\\Template\\Entities\\UserCredentials','{\"remember_token\":\"LxwNvMFR5C4mBPtEcDbQpMPPK4wAmKEqMnQQgW0GuwnbFeQTNWFQfeqZRIbM\"}','{\"remember_token\":\"bXZHXXthBmiWqAFEOvRAZGIS8A3OKeyxhS2hZVIWgM6BXWyZNtwqHNNFLlvk\"}','14861986','http://bghfiletracks.com/logout','49.151.207.55','2017-11-14 06:51:14'),('e719ee43-8393-4879-9c92-c76f55bec935','created',8,'Modules\\Template\\Entities\\UserCredentials','[]','{\"emp_id\":\"1234\",\"group_id\":1,\"is_approved\":1}','1','http://local.bghmc.com/administrator/registerpersonnel','127.0.0.1','2017-08-23 01:59:44'),('e73be95f-cd73-4f9a-82c1-b8eb4efe49d1','updated',2018,'Modules\\Template\\Entities\\UserCredentials','{\"remember_token\":\"b480fqhI322i8qZ3tsEmN1U6GHbjJYUPf5LFzdbY9StkyDONeGM6rvBIbWBn\"}','{\"remember_token\":\"LxvuaTWRRJ70hmOiExhVmfBzM6q72Dr6f0iCD9FUG2kZEVkwYfJgSPJ3KjPQ\"}','2018','http://localhost:8080/template/public/logout','::1','2017-09-21 01:47:32'),('e791b6bb-6a05-42e1-949f-6da7c7e18968','updated',123456789,'Modules\\Template\\Entities\\UserCredentials','{\"remember_token\":\"I70poJcPslLntbnB2q8ip6ltE9gzOhMEN7OodlxoWTsKq93e1XLJxjuV1G0k\"}','{\"remember_token\":\"HP0RJIoJ3EOH31v1PV1y7Zx1Z1hM618a8M9KsUZdoe6qH66U1NvC7o7J45NZ\"}','123456789','http://bghfiletracks.com/logout','66.249.82.185','2017-11-24 01:12:27'),('e7fef2fe-70c3-4def-aa26-4624eb7795ae','updated',1010102,'Modules\\Template\\Entities\\UserCredentials','{\"remember_token\":\"gKDm3FXR3Cx890y3hemAzNRfoQ38i9rSYPL9aWyJkyIapcHoYQTTXX0jZtYz\"}','{\"remember_token\":\"5aqM6NrIzQc3ht0tLX5muFt6RyuvMBUeH5sY1kODz3ywoAe3X3iiikwUvMcr\"}','1010102','http://bghfiletracks.com/logout','175.158.200.91','2017-11-27 15:47:58'),('e7ff8d3c-cb9a-45c3-81dd-fbcdae8828d7','created',8,'Modules\\Template\\Entities\\UserCredentials','[]','{\"emp_id\":\"2011\",\"group_id\":1,\"is_approved\":1,\"isactive\":1}','2017','http://local.bghmc.com/administrator/register_account','127.0.0.1','2017-09-09 08:58:59'),('e81cadd6-6a24-4285-8127-3d7a35e6d26a','updated',987654,'Modules\\Template\\Entities\\UserCredentials','{\"remember_token\":\"PgES5tU3OJ9r3ACdmktFOJCD2SM9GYoalY6HRJnPFzR9Em4yO4cYj52WFt5v\"}','{\"remember_token\":\"RtnbV3boBceoLblDMSCoFau29DWCs1zjRpd9BqQJtpkpx6pHGER0kh0N5pL1\"}','987654','http://bghfiletracks.com/logout','49.151.207.55','2017-11-14 05:58:08'),('e88054ef-d7ba-4a51-a549-e67b94787942','updated',123456789,'Modules\\Template\\Entities\\UserCredentials','{\"remember_token\":\"ZQXTGaD63tDPCi6y743p77D4LMUjTovlsrDhNuc4srYY3mhuheDulc4sPNzS\"}','{\"remember_token\":\"l5ofTKJXF92i7xureU1mPFF6TYACMUbnc2ksCTXeQDBgBPuML0FJTx0fxSko\"}','123456789','http://local.bghmc.com/logout','127.0.0.1','2017-11-12 11:03:52'),('e8ba05ea-d1f8-415f-9a14-0933990b4409','updated',123456789,'Modules\\Template\\Entities\\UserCredentials','{\"remember_token\":\"OGBfThqWFCzdyfvpS5gns76TiCdPWazPrAzvfaZtCFDx0U2EywFwCHEm2sjz\"}','{\"remember_token\":\"N9QQTgFgxbpFkRQkNdcNg6TZyS66WZgPMnteHF4Vx34zw82PCXLPWhVATDro\"}','123456789','http://bghfiletracks.com/logout','175.158.201.44','2017-11-14 22:30:17'),('e8d1e7e7-eaec-4062-99a6-34ec67e20682','updated',20135845,'Modules\\Template\\Entities\\UserCredentials','{\"remember_token\":null}','{\"remember_token\":\"l69QL27Ec3YjXZRiKARaYcgcHMjXmbQvEArmP3kP0JayR8O6aEV82UUGoHtd\"}','20135845','http://local.bghmc.com/logout','127.0.0.1','2017-10-11 12:45:55'),('e9360060-745d-4a3f-836d-bea89b4522a4','created',6,'Modules\\Template\\Entities\\UserCredentials','[]','{\"emp_id\":\"2014\",\"group_id\":2,\"is_approved\":1,\"isactive\":1}','2016','http://local.bghmc.com/administrator/register_account','127.0.0.1','2017-09-08 13:54:58'),('e953b883-68d4-4719-92f4-e53576c26be6','updated',3013,'Modules\\Template\\Entities\\UserCredentials','{\"isactive\":1}','{\"isactive\":0}','3013','http://local.bghmc.com/administrator/update_activity','127.0.0.1','2017-09-06 04:59:14'),('e95a2a21-045e-489f-abd5-873ac13863a3','updated',20132987,'Modules\\Template\\Entities\\UserCredentials','{\"remember_token\":null}','{\"remember_token\":\"iYj505uh5oLQjfRwUFcYkkr75ZK4shVYs97osXYQnofEbFB1edWPOVIpiCGY\"}','20132987','http://localhost:8080/template/public/logout','::1','2017-09-20 00:35:55'),('e98e2cb9-0d02-4a64-8f6b-9c3494ec8ca1','updated',58453321,'Modules\\Template\\Entities\\UserCredentials','{\"remember_token\":null}','{\"remember_token\":\"izI4OgYlrGhafCnx4mJyZFXo4UzOBMClhd8i5huYEiJDntM1Ei6XEJEuDqwh\"}','58453321','http://local.bghmc.com/logout','127.0.0.1','2018-01-31 13:19:33'),('e9e8db78-627a-4137-9735-b2ddc7bd5004','updated',2016,'Modules\\Template\\Entities\\UserCredentials','{\"remember_token\":null}','{\"remember_token\":\"36R0JrNTt6T0ZH7wUIQEf0mCXuqG0dgT4kbZu0FCWKFMCUogBLpsalCpF0dp\"}','2016','http://local.bghmc.com/logout','127.0.0.1','2017-10-13 12:29:25'),('e9e8f69d-ea30-4a6d-956c-071d31b15a82','updated',123456789,'Modules\\Template\\Entities\\UserCredentials','{\"remember_token\":\"GOes6nOwvp0DyOwxCnVUi20ct2Gt7y2GInSmCQm9TttTAvQ3nX32ruQkieMH\"}','{\"remember_token\":\"NvY0L1lvJaoEIrarPAKxU9WD23jKuS9VKbYTQTCjBS8o5OFhe5ZUtbIyPdFY\"}','123456789','http://local.bghmc.com/logout','127.0.0.1','2018-01-31 13:14:55'),('ea1ed226-b48c-416f-a0ea-26f46b5f7906','updated',14861986,'Modules\\Template\\Entities\\UserCredentials','{\"remember_token\":\"8aCPB7mMJuWKKnkKCeiElsnFhDnZM9gmaNW8jgax3g9HuDt3ZoMFY1YFUMs4\"}','{\"remember_token\":\"ncZwAElC0Z21BrkHdk0lBSVH6Gm211HT6AiVI52HRAnTY9Q7vtVwU3XGbIAk\"}','14861986','http://bghfiletracks.com/logout','49.151.207.55','2017-11-14 05:55:08'),('ea286c84-e365-4614-8450-391eed2b2348','updated',123456789,'Modules\\Template\\Entities\\UserCredentials','{\"remember_token\":\"4spJ4LWHVQnTQkLoHF2QBJD0KQ4AKkECSUJIjjatByoov6BrFgla0yH2r9JY\"}','{\"remember_token\":\"D7KivNjICbCsdTb1AwKCn8TBpQQXpNSKqRNnPPxOaOSQ82mav6DIFR5oSD0R\"}','123456789','http://localhost:8000/logout','127.0.0.1','2017-11-11 18:10:19'),('ea608250-a52e-4171-b58e-f5544145f113','created',11,'Modules\\Template\\Entities\\UserCredentials','[]','{\"emp_id\":\"20135845\",\"group_id\":1,\"is_approved\":1,\"isactive\":1}','123456789','http://bghfiletracks.com/administrator/register_account','49.151.207.15','2017-11-14 04:19:46'),('eafcf463-45f5-4fc3-b91d-4d8044af6a37','updated',123456789,'Modules\\Template\\Entities\\UserCredentials','{\"remember_token\":\"uVmLWMHrZHWInXJyBttr40R1QNG58G06lwKwIiCEDwKAJTVKuoJ4FgLsV4jM\"}','{\"remember_token\":\"3w3V5jmqB9CLLXk0nOzepoNlO5qIBv3OTiznMx4csojhxnMhS2xOUTRAT4pU\"}','123456789','http://bghfiletracks.com/logout','66.249.82.185','2017-11-13 05:02:55'),('eb137caf-1da5-474d-96c5-99a8b6c02b66','created',7,'Modules\\Template\\Entities\\UserCredentials','[]','{\"emp_id\":\"20135776\",\"group_id\":1,\"is_approved\":1}','1','http://local.bghmc.com/administrator/registerpersonnel','127.0.0.1','2017-08-22 20:48:58'),('ebd4dc42-a3f1-4c79-96f5-e4a633f8bfc5','updated',123456789,'Modules\\Template\\Entities\\UserCredentials','{\"remember_token\":\"afuwthKif7wWnfVfNuto1IG8xjH0xin4UjpeE0VqtSKx88hqGYEoHPPxJ6Mq\"}','{\"remember_token\":\"ULbsl68xD0mqTJf1sTAE0GN7VqzDPPVftqdxSx3Mt3HDxUMQ3yBHZ89DpBxd\"}','123456789','http://bghfiletracks.com/logout','175.158.200.91','2017-11-27 17:26:11'),('ec2703d9-9b42-4c45-8d1a-eafad89a1140','updated',2015,'Modules\\Template\\Entities\\UserCredentials','{\"remember_token\":null}','{\"remember_token\":\"DMXVjalhjXAoQpVY6dLcHPCfwuhAltAqzJTX0wVXhRYVtDlFDwzyfzUowQrF\"}','2015','http://local.bghmc.com/logout','127.0.0.1','2017-10-13 12:28:42'),('ec3bba4f-07d1-493e-9cb9-580945a65421','updated',123456789,'Modules\\Template\\Entities\\UserCredentials','{\"remember_token\":\"OaddSiHaLWkxAoKuAzOGzY0VGeMhhMN6Y01QbR5i3o4aVbuDpXxbfKLg6VKb\"}','{\"remember_token\":\"8N0e835DJ4RGaeR50ixbRVwuIXYqUwB5ntW3ysCdol07AYNyDQ7nVZug8Kds\"}','123456789','http://local.bghmc.com/logout','127.0.0.1','2018-01-12 14:12:31'),('ecaf9a6d-260d-41f1-adaa-56e1b340a244','created',4,'Modules\\Template\\Entities\\UserCredentials','[]','{\"emp_id\":\"2015\",\"group_id\":2,\"is_approved\":1,\"isactive\":1}','2017','http://local.bghmc.com/administrator/register_account','127.0.0.1','2017-10-14 12:18:58'),('edd951c0-b0a6-4705-8302-ac543121e669','created',7,'Modules\\Template\\Entities\\UserCredentials','[]','{\"emp_id\":\"2012\",\"group_id\":2,\"is_approved\":1,\"isactive\":1}','2017','http://local.bghmc.com/administrator/register_account','127.0.0.1','2017-10-14 10:56:22'),('ef2a8e81-ce4a-4385-811f-a79105214c0d','updated',123456789,'Modules\\Template\\Entities\\UserCredentials','{\"remember_token\":\"zCb9EwSVjZppxmPFhgRN1TZ7zLMLPD4AOFkdDigcnrjQD73IQzSws53t5Ifg\"}','{\"remember_token\":\"OM45gIRQ1u5LSMh5woOKbBf1z0vxOQwRhKjlrsshI8aRxPudwerJK2qSqsc5\"}','123456789','http://bghfiletracks.com/logout','66.249.82.181','2017-11-22 00:55:12'),('efcf6c55-a21e-4cde-8a6b-aa80c2fdb66d','updated',2,'Modules\\Template\\Entities\\UserCredentials','{\"remember_token\":\"7435FmozIcj37DBEu1KCX1CyAE8s5oAvL7wsI9gXKwlQG7L4OySjthgRflgl\"}','{\"remember_token\":\"jm3nu1sEjYeGwmYs2OjmyA3KJEmgzwR7jFgjViW9wYLdmH0717Oq0BwgvQ67\"}','2','http://local.bghmc.com/logout','127.0.0.1','2017-08-15 04:01:22'),('f013df62-f186-4b75-acf8-498b8dbc886a','created',25,'Modules\\Template\\Entities\\UserCredentials','[]','{\"emp_id\":\"4000000\",\"group_id\":1,\"is_approved\":1,\"isactive\":1}','123456789','http://bghfiletracks.com/administrator/register_account','175.158.200.91','2017-11-27 15:59:40'),('f0443ed1-3e29-4bb8-ab3d-7739827a1c55','updated',20112987,'Modules\\Template\\Entities\\UserCredentials','{\"remember_token\":\"CwIxvY7t01do1MNgQFlR41iNVN7NZEv9WLSp07ekKOfErL4CSDzlMJDrTwZz\"}','{\"remember_token\":\"z98gIKal2ePoab3P8lnoqycb8X6JopGfZZ1AV7hRYrFrRMtvv7nAm3USGoia\"}','20112987','http://bghfiletracks.com/logout','119.94.89.181','2017-11-14 21:14:19'),('f077d577-fa5d-4bdf-91e4-9cedde2dea97','created',14,'Modules\\Template\\Entities\\UserCredentials','[]','{\"emp_id\":\"2005\",\"group_id\":1,\"is_approved\":1,\"isactive\":1}','2017','http://local.bghmc.com/administrator/register_account','127.0.0.1','2017-09-09 08:45:41'),('f087e1b1-bba7-43bc-81bd-f7f3376f452c','updated',987654321,'Modules\\Template\\Entities\\UserCredentials','{\"remember_token\":\"RXbVVYhYdSYqETG66cTfhWSmBpwmaz8r6cX67gcdj5oXQj4SqxKB0bpvKOYK\"}','{\"remember_token\":\"QcUnYG5fnHbNOspizkBYlqjAjwhWX64oeSeu8OLOTHyCBorUcuWR6guBSgIl\"}','987654321','http://bghfiletracks.com/logout','175.158.200.91','2017-11-27 15:42:48'),('f1658a8f-633a-4bca-a99e-34b830536251','updated',1,'Modules\\Template\\Entities\\UserCredentials','{\"remember_token\":\"gUFaSWi7Tt2hTmJ9Yf6fl77r12lKCRoWg0MncPwYFbVVY5Rao7Mc2aLMNnWV\"}','{\"remember_token\":\"ULhSe9dAcN62dByBa9mhd2Pqe0O2TG9M1S63mcWthX5KwZgZeDs93XCOZS5I\"}','1','http://local.bghmc.com/logout','127.0.0.1','2017-08-21 22:45:03'),('f1b0f1fe-2f0b-4838-a215-23771760419a','updated',2017,'Modules\\Template\\Entities\\UserCredentials','{\"remember_token\":\"VSRxW7TZW0T1qATjsKszqaodMyZpCPXpDGKCCCrU9VWwa3KL9vWZawgjHVB6\"}','{\"remember_token\":\"1tvuJFCPbxHCOpGvcYNRmV8N1gFgm4uirLRBRSG6w6ci4heonFpKERc2M3xC\"}','2017','http://local.bghmc.com/logout','127.0.0.1','2017-10-13 12:25:23'),('f2213f4f-ad35-4881-a7f3-125b5e1d7d07','updated',2017,'Modules\\Template\\Entities\\UserCredentials','{\"remember_token\":\"Ka7KYHHybygzDgK58Z1x63SHXHC9pR5dY0txPMRUFwOYP2TvTXhUboy5fh2C\"}','{\"remember_token\":\"O63xxX0nD6yUjC5u4VzrwQUds8GuKyvI5iYMnurreRZ446cpR203U9AY9hf0\"}','2017','http://localhost:8080/template/public/logout','::1','2017-09-19 00:54:31'),('f3c12bbe-2d23-4c04-a412-6417c1b2520e','created',15,'Modules\\Template\\Entities\\UserCredentials','[]','{\"emp_id\":\"20138426\",\"group_id\":2,\"is_approved\":1,\"isactive\":1}','123456789','http://bghfiletracks.com/administrator/register_account','112.200.197.167','2017-11-24 00:47:05'),('f3d72622-d99d-4f3b-b17b-ff2588db0bb2','created',31,'Modules\\Template\\Entities\\UserCredentials','[]','{\"emp_id\":\"20135845\",\"group_id\":1,\"is_approved\":1,\"isactive\":1}','123456789','http://local.bghmc.com/administrator/register_account','127.0.0.1','2018-01-12 14:08:01'),('f3f5291d-a575-4ff2-8c86-102827c445d0','updated',2007,'Modules\\Template\\Entities\\UserCredentials','{\"isactive\":1}','{\"isactive\":0}','2017','http://local.bghmc.com/administrator/update_activity','127.0.0.1','2017-09-09 10:06:41'),('f4586465-8e74-4f02-999a-fb8dcf9394f4','updated',14861986,'Modules\\Template\\Entities\\UserCredentials','{\"remember_token\":\"y5OUhUxLwL7Ss74bXqCZVJyQTgZM4SD1r5F6DtCHdJqFR30LOPiSRbLpdJQV\"}','{\"remember_token\":\"HPAWM57kOzoPnEmLxacFLL9lb5GMGNpGOD3BxUGUZEBDDFBVU2YGEBBvWKpR\"}','14861986','http://bghfiletracks.com/logout','49.151.215.148','2017-11-24 08:43:23'),('f4d8b0fc-8c7d-435a-ae1a-912366dc71da','updated',14861986,'Modules\\Template\\Entities\\UserCredentials','{\"remember_token\":\"89wYeN22b0eNzBtKT0lERqtusy4AXKDE8ES9kGcqNTjWpV2oJwNUI4VwbuW6\"}','{\"remember_token\":\"PS20h1QdeCkh2us9ElaAJDQKFitztUrLSprjeUYYPElOYShlKOARJOs0yCPr\"}','14861986','http://bghfiletracks.com/logout','175.158.200.82','2017-11-13 18:54:59'),('f4db68ee-5904-4fc1-9167-ec6f1060cd40','updated',123456789,'Modules\\Template\\Entities\\UserCredentials','{\"remember_token\":\"raoaXBmkithihr4xzM9qgdbfkGQSXSuLXClD1tPSwgFQziSdwXxMMqmVTvHm\"}','{\"remember_token\":\"LX3TvBKQtZZKnCotxG5AFSPu73rN4QrQwbNDl9NMFHCFg9NvXfET3wc4mvxD\"}','123456789','http://bghfiletracks.com/logout','121.96.170.68','2017-11-14 19:23:45'),('f5101d68-a7af-4cf6-b93d-d2a5e8c8f071','updated',14861986,'Modules\\Template\\Entities\\UserCredentials','{\"remember_token\":\"9q8QXkTxJdVoo5sJVzmqvbcJTw7XRHmtU76K1XfrIpyCwSKKhqxFTYZvz3oO\"}','{\"remember_token\":\"GN3Qcw9Dx7989KuwKCsYoFUFePJ6ok7Pf7pVzOoP8Nmx3Hby7gS0HFxsmx0u\"}','14861986','http://bghfiletracks.com/logout','119.94.183.129','2017-11-27 14:00:12'),('f55d5ec3-459b-49f7-90ad-148410f58bc7','updated',14861986,'Modules\\Template\\Entities\\UserCredentials','{\"remember_token\":\"FfvZYVCTi2pgK7yPGPRcH4JptLlPCf30B6Tu9kyZiLrEOenTAjahAIAfTxGb\"}','{\"remember_token\":\"jZSqbrudfaAgRbINNWDrzqYdu5bnid5Az0TF0HSI8dcFeLUYZMkZzvdHUe4N\"}','14861986','http://bghfiletracks.com/logout','121.96.170.68','2017-11-14 19:38:19'),('f594ba8d-8ab1-4456-b6a1-6d67779b8c6c','updated',20112987,'Modules\\Template\\Entities\\UserCredentials','{\"remember_token\":\"sbGYuWpz0lqr4kFDhEXcvRXdF0daaE7rh5aZFWVKzdEeEeqogBbCFjPbLB8R\"}','{\"remember_token\":\"3Q2YovLZSsGpl3InJ9vJec80ImCNPc7NBKmgroYmsNJ0ZsK8ALx7XkmLmMq6\"}','20112987','http://bghfiletracks.com/logout','66.249.82.185','2017-11-13 05:04:28'),('f5c71d7d-665f-4972-9b60-310571bd81e5','updated',20112987,'Modules\\Template\\Entities\\UserCredentials','{\"remember_token\":\"VZk09ibuA4YKFgCbIrcX5cYCleJj7fL2H4vkrXLaAmEK4TMkrtQ53DW9ZAH2\"}','{\"remember_token\":\"AeJSHJuL2FiPRi5XsWHKtcW6nQWrbmaeE6Om9XhkzgXalZ1tgaVlCIF6ryLL\"}','20112987','http://bghfiletracks.com/logout','121.96.170.68','2017-11-14 19:27:00'),('f653f068-fc4f-427b-8fb6-76c916784dc4','created',18,'Modules\\Template\\Entities\\UserCredentials','[]','{\"emp_id\":\"20131560\",\"group_id\":2,\"is_approved\":1,\"isactive\":1}','123456789','http://bghfiletracks.com/administrator/register_account','49.151.196.141','2017-11-24 11:35:28'),('f700f797-6e9f-4dd3-a233-57fd46215803','created',14,'Modules\\Template\\Entities\\UserCredentials','[]','{\"emp_id\":\"2005\",\"group_id\":1,\"is_approved\":1,\"isactive\":1}','2017','http://local.bghmc.com/administrator/register_account','127.0.0.1','2017-09-09 09:24:52'),('f8dc4f4f-52b7-4515-b68f-dd501a0e2196','updated',20135845,'Modules\\Template\\Entities\\UserCredentials','{\"remember_token\":\"3FQtjTiYkLiB4ODHiWkCWplW0iw69nq6spdylINDcKSRNbezlr8UniRdq0n4\"}','{\"remember_token\":\"g18rzAKcJeQcSLu3uRZg7VbieWzlBN8xxSyKFciiz3ghVMPGjMMAqP8GQb18\"}','20135845','http://local.bghmc.com/logout','127.0.0.1','2018-01-31 16:57:53'),('f914477b-4255-4efe-8ba9-95ec04ec2f75','updated',5370,'Modules\\Template\\Entities\\UserCredentials','{\"isactive\":0}','{\"isactive\":1}','2003','http://local.bghmc.com/administrator/update_activity','127.0.0.1','2017-08-26 07:21:46'),('f986aa55-7bf4-4ae1-bf1d-17462cf7c2c3','created',4,'Modules\\Template\\Entities\\UserCredentials','[]','{\"emp_id\":\"2015\",\"group_id\":2,\"is_approved\":1,\"isactive\":1}','2017','http://local.bghmc.com/administrator/register_account','127.0.0.1','2017-09-08 14:07:46'),('fa89335a-1875-48f6-88e4-9b31480422f4','updated',123456789,'Modules\\Template\\Entities\\UserCredentials','{\"remember_token\":\"mCC0Vc3SZN2iTymI763RKhCkZeCtqoIqWAkcVkiABdDpwZwkRZ4jxs3kqdNZ\"}','{\"remember_token\":\"VvLiStxaKbe6GKM4knBRqjx8PjhV1sYhr5zh2NmrRiPyCb117iwGZxLGErzD\"}','123456789','http://bghfiletracks.com/logout','66.249.82.181','2017-11-27 02:27:20'),('fab76381-8af2-4986-92f1-844327c74e61','updated',2011,'Modules\\Template\\Entities\\UserCredentials','{\"remember_token\":null}','{\"remember_token\":\"mzSd24uiw7D3yxHsKibo8b5yoJUS2hyJaxUocZ3ucJzJ0t3eSEcwGdnYY3TJ\"}','2011','http://local.bghmc.com/logout','127.0.0.1','2017-10-13 13:46:52'),('fb0d3af9-8bdb-4bfd-b7e4-71b77cfaceb4','updated',1,'Modules\\Template\\Entities\\UserCredentials','{\"remember_token\":\"kB6tLDw2sXtFwiqPObVtdd0KsPU913gVich525cE7lnuc5j99S6MHM98dMY8\"}','{\"remember_token\":\"nzGjAdAwQBaTMlMHvQ0rqtt8bz8UMoSc40haBZ8Ai8XiDnoktRCPUYHejdF0\"}','1','http://local.bghmc.com/logout','127.0.0.1','2017-08-15 04:01:38'),('fb3ccad9-1afa-4ea8-90a2-277fd0fd1842','updated',2017,'Modules\\Template\\Entities\\UserCredentials','{\"remember_token\":\"5c96yMjjoJrBxcdCOwxsdBzz8B1hlsnlVxFH3dcAMW88H4mn05rpz23KI3ln\"}','{\"remember_token\":\"V6I8ovdPLPlYNZjphs1qC05kuLD1BPCPFcOiuVxn2Xyz7Wh2UTauwgjCCQkE\"}','2017','http://local.bghmc.com/logout','127.0.0.1','2017-10-13 14:12:38'),('fb4901be-1cb5-482a-925d-933269dca875','updated',2017,'Modules\\Template\\Entities\\UserCredentials','{\"remember_token\":\"kGCxxR8R2v0Rg2PHJTPTDyeh9uxrqmGSNRxknM2mbXa6lsWuLM7jAda9QldU\"}','{\"remember_token\":\"SCTS8Q6Nai5d2mXktbmGRKJMQK4lOfMhPlDqPd21uYF7g3PhzAd3eNFVNKh4\"}','2017','http://local.bghmc.com/logout','127.0.0.1','2017-10-13 13:45:59'),('fc2a569e-c7b8-4144-9f3b-a28484d6788f','updated',20135845,'Modules\\Template\\Entities\\UserCredentials','{\"isactive\":0}','{\"isactive\":1}','123456789','http://local.bghmc.com/administrator/update_activity','127.0.0.1','2018-01-31 17:34:59'),('fc6bff4b-e3b3-46de-a334-618b374c66fc','created',13,'Modules\\Template\\Entities\\UserCredentials','[]','{\"emp_id\":\"2006\",\"group_id\":1,\"is_approved\":1,\"isactive\":1}','2017','http://local.bghmc.com/administrator/register_account','127.0.0.1','2017-09-09 08:40:20'),('fc772588-cd32-49c1-a2be-6e3dbe3ab99e','updated',2018,'Modules\\Template\\Entities\\UserCredentials','{\"remember_token\":\"UR5u5nDL6Zjm3Yw7hbc8xjtCglvS3LqEOsHxWpeGoNsS4PyC874ynJ4XqC54\"}','{\"remember_token\":\"HIY7EOrWyZ4kDQzRZlnCtTDZRUqYiQzfSqQf4QbyWS5zAe0A2rib5YThyrut\"}','2018','http://localhost:8080/template/public/logout','::1','2017-09-19 07:27:28'),('fc7e6aa3-9cd0-454a-b314-e6f7b4075932','updated',2017,'Modules\\Template\\Entities\\UserCredentials','{\"remember_token\":\"u7pNsF6eD3mDS6IpaqMsT7i8jgjd3tS6H1SaOJb5YGh0WfwfsLJOyDMFxeyV\"}','{\"remember_token\":\"DClcfwCkw5PrVDlear3aaegLgf5zFicpRbWbgIuwIKQQ4pfbSBn4Lpjmg5XT\"}','2017','http://localhost:8080/template/public/logout','::1','2017-09-22 03:27:56'),('fc816924-5a74-4cad-9fa6-af9c5adced2c','updated',123456789,'Modules\\Template\\Entities\\UserCredentials','{\"remember_token\":\"r1mTVReFiw9scm75tapdnX95pEXgBTKJV0m4WQvZ6etRaTHOImCT2uQS7sFx\"}','{\"remember_token\":\"vICX41l7BAhYxHY3iwOL8IoldwyG3Pmu1p11VczKx7mv7kUxIpNCex61CYIG\"}','123456789','http://bghfiletracks.com/logout','104.131.176.234','2017-11-27 08:19:05'),('fc867e1c-2900-412f-ad08-d6da32c3a1df','updated',2018,'Modules\\Template\\Entities\\UserCredentials','{\"remember_token\":\"xwqPbJU4nNLruzUwPk9rcFMRwzP0EMYP9NzlAO0iCK44CZ6hYPtpTFDphS1w\"}','{\"remember_token\":\"pLC9TLiHGx8owJNAg0QBUAjIMf25mlnYEU97dFO2dqaM2uWzj0mqzJgvzWfk\"}','2018','http://localhost:8080/template/public/logout','::1','2017-09-19 00:56:02'),('fd817b66-4db6-4eee-91fa-b272f4950f13','updated',123456789,'Modules\\Template\\Entities\\UserCredentials','{\"remember_token\":\"pXzNy3GdpnhNIhd6HhQZnDCJ1PnJNxCpT1YYR5XBhmos3tfLSNddrrktdHky\"}','{\"remember_token\":\"zaj3FX6wncRIVV1QiDeHRIjIDrjNYCDfpPFoNEsENC9GSmnq39mbvCWfFvB3\"}','123456789','http://bghfiletracks.com/logout','104.236.195.147','2017-11-26 16:39:52'),('fdc69306-6d92-49fa-91d0-22cfcfd3d0ba','created',5,'Modules\\Template\\Entities\\UserCredentials','[]','{\"emp_id\":\"2014\",\"group_id\":1,\"is_approved\":1,\"isactive\":1}','2017','http://local.bghmc.com/administrator/register_account','127.0.0.1','2017-09-09 08:55:27'),('fe1576a7-09e2-4091-a7ae-f2e3e6b4bee2','created',17,'Modules\\Template\\Entities\\UserCredentials','[]','{\"emp_id\":\"1213\",\"group_id\":1,\"is_approved\":1,\"isactive\":1}','2003','http://local.bghmc.com/administrator/register_account','127.0.0.1','2017-09-03 05:12:27'),('fe1c6dea-7f28-44db-81ef-f8fa0a48351f','updated',2018,'Modules\\Template\\Entities\\UserCredentials','{\"remember_token\":\"Q6PL8SisCF15Bem19KUnIJponuvtXK2p3ONyGP8kfqvgTCV8dKMnsaDuEi7g\"}','{\"remember_token\":\"oS9ZrmJO6hLAPCvTAihIHGRLzeMHl5Rtimv3nB9xJEO82im51U1bPDHJl4y2\"}','2018','http://localhost:8000/logout','127.0.0.1','2017-10-08 00:28:56'),('fe4eafe5-1596-47ef-9773-5a1241c942b1','updated',123456789,'Modules\\Template\\Entities\\UserCredentials','{\"remember_token\":\"7RmHISMyKFRLXWZABbU4XEs8kiycM9M0TVenv6EYIhNoMk4Ce91hcB9jHb4U\"}','{\"remember_token\":\"bdGBrmVX9M7c0ZsmEaXN1KeX6R6lxj8Duw8xKZlTwkA8vtVwoVbUXYJ7b7A4\"}','123456789','http://bghfiletracks.com/logout','66.249.82.185','2017-11-14 17:11:11'),('fe5047b0-ad70-41a3-8145-afa803dd42b4','updated',123456789,'Modules\\Template\\Entities\\UserCredentials','{\"remember_token\":\"TF6wzCjJL9VWviidHynbozOmE7NjVSMLcjdqGJoXGG49f9GeRA8gGbfwSjN9\"}','{\"remember_token\":\"IT2etJ1LkFa7EcHmCrw400ZDA9g96xKbPKgyAAaCATmF5Z5qH3mjlGI23MlY\"}','123456789','http://bghfiletracks.com/logout','49.151.207.15','2017-11-14 08:37:50'),('fe84e984-a715-4fb5-9004-fbd371facd18','updated',2003,'Modules\\Template\\Entities\\UserCredentials','{\"remember_token\":\"iIfHhGT7YuEAtS72RtEbyztEUw8pGRWbiYEmSPMEbYgjcz6t21mhTT5L1Qra\"}','{\"remember_token\":\"Uz9KI9uh9A1cJBwXE8dhXbIVs18RpLRuVdHg3KrQPMZyXul4jpLhzOzVR4q3\"}','2003','http://localhost:8000/logout','127.0.0.1','2017-08-27 22:22:12'),('ff0d5990-4cbe-4c91-ba0d-5f4c2461749a','updated',1000000,'Modules\\Template\\Entities\\UserCredentials','{\"remember_token\":\"4kLYYlJeSBKXDJuUPazDxCTeLaHlntuDnTkWblNY4XqejIRInZib6J92UDag\"}','{\"remember_token\":\"JQPWtmLnr62wA4NnXsIghnSFAGKkclZZ1Mo5OgBNwnyNfOg2XzVMeG0b6uAx\"}','1000000','http://bghfiletracks.com/logout','175.158.200.91','2017-11-27 18:06:48'),('ff16fdc7-b9d2-432d-9edd-8eebd2fbc4c6','created',4,'Modules\\Template\\Entities\\UserCredentials','[]','{\"emp_id\":\"2016\",\"group_id\":1,\"is_approved\":1,\"isactive\":1}','2017','http://local.bghmc.com/administrator/register_account','127.0.0.1','2017-09-08 13:45:49'),('ffd5f007-20d6-4404-940e-10a3b141234d','updated',3013,'Modules\\Template\\Entities\\UserCredentials','{\"isactive\":1}','{\"isactive\":0}','3013','http://local.bghmc.com/administrator/update_activity','127.0.0.1','2017-09-04 01:55:12'),('ffff4422-6157-47dd-934a-7a6ef273a3da','updated',14861986,'Modules\\Template\\Entities\\UserCredentials','{\"remember_token\":\"PS20h1QdeCkh2us9ElaAJDQKFitztUrLSprjeUYYPElOYShlKOARJOs0yCPr\"}','{\"remember_token\":\"ztZa3H43kPwQZVKp4Op0qcApCbs4wA9BaCTvY86h37pd8PfAHfun6fnTtqjL\"}','14861986','http://bghfiletracks.com/logout','49.151.207.55','2017-11-13 23:46:05');
/*!40000 ALTER TABLE `audits` ENABLE KEYS */;
UNLOCK TABLES;

--
-- Table structure for table `bghmc_account_activity`
--

DROP TABLE IF EXISTS `bghmc_account_activity`;
/*!40101 SET @saved_cs_client     = @@character_set_client */;
/*!40101 SET character_set_client = utf8 */;
CREATE TABLE `bghmc_account_activity` (
  `act_id` int(10) unsigned NOT NULL AUTO_INCREMENT,
  `emp_id` int(11) NOT NULL,
  `deact_reason` varchar(500) COLLATE utf8mb4_unicode_ci DEFAULT NULL,
  `isactive` tinyint(1) NOT NULL,
  `auth_by` varchar(255) COLLATE utf8mb4_unicode_ci NOT NULL,
  `created_at` timestamp NULL DEFAULT NULL,
  `updated_at` timestamp NULL DEFAULT NULL,
  `deleted_at` timestamp NULL DEFAULT NULL,
  PRIMARY KEY (`act_id`),
  KEY `bghmc_account_activity` (`emp_id`,`isactive`)
) ENGINE=InnoDB AUTO_INCREMENT=19 DEFAULT CHARSET=utf8mb4 COLLATE=utf8mb4_unicode_ci ROW_FORMAT=DYNAMIC;
/*!40101 SET character_set_client = @saved_cs_client */;

--
-- Dumping data for table `bghmc_account_activity`
--

LOCK TABLES `bghmc_account_activity` WRITE;
/*!40000 ALTER TABLE `bghmc_account_activity` DISABLE KEYS */;
INSERT INTO `bghmc_account_activity` VALUES (8,123456789,'Lazy',0,'MIS head','2017-11-27 16:04:14','2017-11-27 16:04:14',NULL),(9,123456789,'Not lazy',1,'MIS head','2017-11-27 16:04:26','2017-11-27 16:04:26',NULL),(10,987654321,'fired',0,'Mr. gera;d','2017-11-27 17:09:35','2017-11-27 17:09:35',NULL),(11,987654321,'hired',1,'ms. admin','2017-11-27 17:10:11','2017-11-27 17:10:11',NULL),(12,1000000,'sss',0,'sss','2017-11-29 18:50:57','2017-11-29 18:50:57',NULL),(13,1000000,'ss',1,'ss','2017-11-29 18:51:06','2017-11-29 18:51:06',NULL),(14,6000000,'hehehe',0,'ehehe','2018-01-12 14:01:53','2018-01-12 14:01:53',NULL),(15,20135845,'fired',0,'IT admin','2018-01-31 17:34:08','2018-01-31 17:34:08',NULL),(16,20135845,'fired',0,'IT admin','2018-01-31 17:34:08','2018-01-31 17:34:08',NULL),(17,20135845,'fired',0,'IT admin','2018-01-31 17:34:15','2018-01-31 17:34:15',NULL),(18,20135845,'Hired.',1,'IT admin','2018-01-31 17:34:59','2018-01-31 17:34:59',NULL);
/*!40000 ALTER TABLE `bghmc_account_activity` ENABLE KEYS */;
UNLOCK TABLES;

--
-- Table structure for table `bghmc_departments`
--

DROP TABLE IF EXISTS `bghmc_departments`;
/*!40101 SET @saved_cs_client     = @@character_set_client */;
/*!40101 SET character_set_client = utf8 */;
CREATE TABLE `bghmc_departments` (
  `dept_id` int(11) NOT NULL,
  `dept_name` varchar(250) COLLATE utf8mb4_unicode_ci NOT NULL,
  `created_at` timestamp NULL DEFAULT NULL,
  `updated_at` timestamp NULL DEFAULT NULL,
  `deleted_at` timestamp NULL DEFAULT NULL,
  PRIMARY KEY (`dept_id`)
) ENGINE=InnoDB DEFAULT CHARSET=utf8mb4 COLLATE=utf8mb4_unicode_ci ROW_FORMAT=DYNAMIC;
/*!40101 SET character_set_client = @saved_cs_client */;

--
-- Dumping data for table `bghmc_departments`
--

LOCK TABLES `bghmc_departments` WRITE;
/*!40000 ALTER TABLE `bghmc_departments` DISABLE KEYS */;
INSERT INTO `bghmc_departments` VALUES (68001,'Medical Center Chief','2017-11-21 09:40:09',NULL,NULL),(68002,'Quality Management Office','2017-11-21 09:40:09',NULL,NULL),(68003,'Professional Education and Training Office','2017-11-21 09:40:09',NULL,NULL),(68004,'Integrated Hospital Operation Management Office','2017-11-21 09:40:09',NULL,NULL),(68005,'Legal Services','2017-11-21 09:40:09',NULL,NULL),(68006,'Hems','2017-11-21 09:40:09',NULL,NULL),(68007,'Anesthesiology','2017-11-21 09:40:09',NULL,NULL),(68008,'Family Medicine','2017-11-21 09:40:09',NULL,NULL),(68009,'Internal Medicine','2017-11-21 09:40:09',NULL,NULL),(680010,'Dental','2017-11-21 09:40:09',NULL,NULL),(680011,'Obstetrics & Gynecology','2017-11-21 09:40:09',NULL,NULL),(680012,'Ophthalmology','2017-11-21 09:40:09',NULL,NULL),(680013,'ORL -HNS','2017-11-21 09:40:09',NULL,NULL),(680014,'Orthopedics & Rehabilitation Medicine','2017-11-21 09:40:09',NULL,NULL),(680015,'Pediatrics','2017-11-21 09:40:09',NULL,NULL),(680016,'Psychiatry','2017-11-21 09:40:09',NULL,NULL),(680017,'Surgery','2017-11-21 09:40:09',NULL,NULL),(680018,'Out Patient Department','2017-11-21 09:40:09',NULL,NULL),(680019,'Emergency Room','2017-11-21 09:40:09',NULL,NULL),(680020,'Reproductive Health Care Unit','2017-11-21 09:40:09',NULL,NULL),(680021,'Operating Room','2017-11-21 09:40:09',NULL,NULL),(680022,'Pay Services','2017-11-21 09:40:09',NULL,NULL),(680023,'WCPU','2017-11-21 09:40:09',NULL,NULL),(680024,'Cancer Center','2017-11-21 09:40:09',NULL,NULL),(680025,'Pathology','2017-11-21 09:40:09',NULL,NULL),(680026,'Imaging','2017-11-21 09:40:09',NULL,NULL),(680027,'Pharmacy','2017-11-21 09:40:09',NULL,NULL),(680028,'Health Information Management Office','2017-11-21 09:40:09',NULL,NULL),(680029,'Nutrition and Deitetics Office','2017-11-21 09:40:09',NULL,NULL),(680030,'Medical social Works Services Office','2017-11-21 09:40:09',NULL,NULL),(680031,'Nursing Quality Standards and Policy Unit','2017-11-21 09:40:09',NULL,NULL),(680032,'Center Supply Room (CSR)','2017-11-21 09:40:09',NULL,NULL),(680033,'Medical','2017-11-21 09:40:09',NULL,NULL),(680034,'Orthopedics','2017-11-21 09:40:09',NULL,NULL),(680035,'Hemodialysis','2017-11-21 09:40:09',NULL,NULL),(680036,'Delivery Room Complex','2017-11-21 09:40:09',NULL,NULL),(680037,'Contagious Disease Unit','2017-11-21 09:40:09',NULL,NULL),(680038,'Pay/PR/SPR Suite','2017-11-21 09:40:09',NULL,NULL),(680039,'Procurement Management Office','2017-11-21 09:40:09',NULL,NULL),(680040,'Materials Management Office','2017-11-21 09:40:09',NULL,NULL),(680041,'Security Services Office','2017-11-21 09:40:09',NULL,NULL),(680042,'Human Resource Management Office','2017-11-21 09:40:09',NULL,NULL),(680043,'Engineering & Facilities Management Office','2017-11-21 09:40:09',NULL,NULL),(680044,'General Services Unit','2017-11-21 09:40:09',NULL,NULL),(680045,'Cash Operations Office','2017-11-21 09:40:09',NULL,NULL),(680046,'Accounting Offices','2017-11-21 09:40:09','2017-11-29 18:51:21',NULL),(680047,'Billing and Claims Office','2017-11-21 09:40:09',NULL,NULL),(680048,'Budget Office','2017-11-21 09:40:09',NULL,NULL);
/*!40000 ALTER TABLE `bghmc_departments` ENABLE KEYS */;
UNLOCK TABLES;

--
-- Table structure for table `bghmc_emp_credentials`
--

DROP TABLE IF EXISTS `bghmc_emp_credentials`;
/*!40101 SET @saved_cs_client     = @@character_set_client */;
/*!40101 SET character_set_client = utf8 */;
CREATE TABLE `bghmc_emp_credentials` (
  `id` int(10) unsigned NOT NULL AUTO_INCREMENT,
  `emp_id` int(11) NOT NULL,
  `password` varchar(255) COLLATE utf8mb4_unicode_ci NOT NULL,
  `group_id` int(10) unsigned NOT NULL COMMENT 'refer to bghmc_user_groups',
  `remember_token` varchar(255) COLLATE utf8mb4_unicode_ci DEFAULT NULL,
  `isactive` tinyint(1) NOT NULL,
  `created_at` timestamp NULL DEFAULT NULL,
  `updated_at` timestamp NULL DEFAULT NULL,
  `deleted_at` timestamp NULL DEFAULT NULL,
  `is_approved` tinyint(1) NOT NULL,
  PRIMARY KEY (`id`),
  KEY `bghmc_emp_credentials` (`id`,`group_id`,`emp_id`)
) ENGINE=InnoDB AUTO_INCREMENT=35 DEFAULT CHARSET=utf8mb4 COLLATE=utf8mb4_unicode_ci;
/*!40101 SET character_set_client = @saved_cs_client */;

--
-- Dumping data for table `bghmc_emp_credentials`
--

LOCK TABLES `bghmc_emp_credentials` WRITE;
/*!40000 ALTER TABLE `bghmc_emp_credentials` DISABLE KEYS */;
INSERT INTO `bghmc_emp_credentials` VALUES (1,123456789,'$2y$10$oyqauLvd34lHcseLRz/6yusVnMba./Y48jIA1giIJhFwW3qGKDjkq',1,'X1C7nurn9MxTdFcFQS1D2AXkOn0MWzLNSZeSJ1P1JRnUv5p4SDMeB7hHRRSP',1,'2017-10-14 13:04:06','2017-11-27 16:04:26',NULL,1),(2,987654321,'$2y$10$oyqauLvd34lHcseLRz/6yusVnMba./Y48jIA1giIJhFwW3qGKDjkq',2,'5dL4kJCwM53HtNRvYAkvYXv3maELGc01lnHEZsVKYyvvZ9BUDUyCobMncHH2',1,'2017-10-14 13:04:06','2017-11-27 17:10:11',NULL,1),(22,1000000,'$2y$10$/3B5lkJV6maq7y8f2EkMPODvPqSMhgsPHrYEufM9Wk/I.1lBH3tde',1,'WSwWhNjiBTrXPKGyari8Kx8kgPLOX2MCTkep2pimaWuefXEJInEyKNYChqUS',1,'2017-11-27 15:58:36','2017-11-29 18:51:06',NULL,1),(23,2000000,'$2y$10$OHrbkS/vXYRTDtzUc/BZl.jxVKz7vfntqDvK/tO.V.PXk0PPK.eva',2,'DwLQh8nZw2VzNeiKWeBOB8I2DBOHOOorTqrsninDX1IMTYnHmJj2UuAOIyVQ',1,'2017-11-27 15:58:55','2017-11-27 16:12:16',NULL,1),(24,3000000,'$2y$10$ss0oqmMnxIrRLRVmwVmJHuBf7g52aJxyuLTAw9yJrH9k0RQvzQ23.',2,'4N3T4exleo2CgWarTwBw6wQU4U5BSY28Ha4C6g3HOpKo97FK661TsJyYasgN',1,'2017-11-27 15:59:17','2017-11-27 17:13:51',NULL,1),(25,4000000,'$2y$10$ay/QEMCGSfOYsW03uS1/3uv0Qw7FHvOnhcteYqbM7yx0dmPJdtVf.',1,'5tj6aD3lC25rpHMyi3qvyBJaDPYWlLDWRyiw8yTsOLd6D6mVIlnPg68OlKnY',1,'2017-11-27 15:59:40','2017-11-27 16:05:09',NULL,1),(26,5000000,'$2y$10$0uu3YSEWYIoR2dZTF1Recub4rUpJq7flJKfqrQwRN6A/tXscfovD6',2,NULL,1,'2017-11-27 16:00:02','2017-11-27 16:00:02',NULL,1),(27,6000000,'$2y$10$Jg98te0wmGw50uOaLGz.re0d9l6evLcSnmiMFsZb3U4ft/IvyJM..',2,NULL,0,'2017-11-27 16:00:46','2018-01-12 14:01:53',NULL,1),(28,7000000,'$2y$10$9r.I.GTuoaxOOaUa0T/HpuvmKS3yNyWeYbHpK3absfORAFtijodG2',1,'1tcYUnXbu5eFeylYSB1qTkEMTyuywEi7dr2UfD2CC4gGROcgAPCzDeA2FtbK',1,'2017-11-27 16:01:25','2017-11-27 18:07:29',NULL,1),(29,8000000,'$2y$10$6Dz2GhF6io8S.8i/d84Uxu0BRnNHHeZNDR4vv9tFnEFNdD9BYZguq',2,NULL,1,'2017-11-27 16:01:41','2017-11-27 16:01:41',NULL,1),(30,9000000,'$2y$10$M4HQ7qsjxorafgXtBQyYjuL.nuHHvrl/.BWzcj75ag9M7UcHy1rqi',2,NULL,1,'2017-11-27 16:02:06','2017-11-27 16:02:06',NULL,1),(31,20135845,'$2y$10$uTDRSS.BQstQ0xGfn8qFw.QEgx0TddG0ZdB/2MBia/hS5H2tcXuAG',1,'g18rzAKcJeQcSLu3uRZg7VbieWzlBN8xxSyKFciiz3ghVMPGjMMAqP8GQb18',1,'2018-01-12 14:08:01','2018-01-31 17:34:59',NULL,1),(32,58451123,'$2y$10$pWR7AzV2KkW8uXXpeF/fxe1ACY9hR3mI3HNFbqNEubzrax56C4CdC',2,'ud2adaL0GNmrR8SSa5LTJuWDyDs2TDv3vO3S9qFF0LihQAJuNm57xH6Fcstj',1,'2018-01-31 13:14:51','2018-01-31 17:35:29',NULL,1),(33,58453321,'$2y$10$jjd0l8VpnUbtZpWBTaba9u1YF6gBoEbSa0EvYAFO2kshuLtvdhQZC',2,'jNH7rPpa0f65dJ7nOSueZhN2Khf6wXK0WSWg30lcvk5X7KG7F8AKOV9BHaa8',1,'2018-01-31 13:18:11','2018-01-31 16:48:54',NULL,1),(34,20135776,'$2y$10$ZxhR7DUhjFjZQ6bNA1HyRuAT.eWSFkMsPWynYJgcmTDvT3dsRSFyy',2,'Cope4Adn0c33pTKBPKReuSQviG3fVWHIdFzK4A9OWUomqzI32dkkLKqhPbp5',1,'2018-01-31 16:49:17','2018-01-31 16:56:37',NULL,1);
/*!40000 ALTER TABLE `bghmc_emp_credentials` ENABLE KEYS */;
UNLOCK TABLES;

--
-- Table structure for table `bghmc_emp_credentials_reset`
--

DROP TABLE IF EXISTS `bghmc_emp_credentials_reset`;
/*!40101 SET @saved_cs_client     = @@character_set_client */;
/*!40101 SET character_set_client = utf8 */;
CREATE TABLE `bghmc_emp_credentials_reset` (
  `h_id` int(10) unsigned NOT NULL AUTO_INCREMENT,
  `emp_id` int(11) NOT NULL,
  `created_at` timestamp NULL DEFAULT NULL,
  `updated_at` timestamp NULL DEFAULT NULL,
  `deleted_at` timestamp NULL DEFAULT NULL,
  PRIMARY KEY (`h_id`)
) ENGINE=InnoDB AUTO_INCREMENT=11 DEFAULT CHARSET=utf8mb4 COLLATE=utf8mb4_unicode_ci ROW_FORMAT=DYNAMIC;
/*!40101 SET character_set_client = @saved_cs_client */;

--
-- Dumping data for table `bghmc_emp_credentials_reset`
--

LOCK TABLES `bghmc_emp_credentials_reset` WRITE;
/*!40000 ALTER TABLE `bghmc_emp_credentials_reset` DISABLE KEYS */;
INSERT INTO `bghmc_emp_credentials_reset` VALUES (1,20135845,'2018-01-12 14:26:43','2018-01-12 14:26:43',NULL),(2,20135845,'2018-01-12 14:30:18','2018-01-12 14:30:18',NULL),(3,20135845,'2018-01-12 14:33:50','2018-01-12 14:33:50',NULL),(4,58451123,'2018-01-31 13:17:19','2018-01-31 13:17:19',NULL),(5,58453321,'2018-01-31 13:21:03','2018-01-31 13:21:03',NULL),(6,58453321,'2018-01-31 16:27:50','2018-01-31 16:27:50',NULL),(7,20135776,'2018-01-31 16:50:48','2018-01-31 16:50:48',NULL),(8,20135845,'2018-01-31 16:57:30','2018-01-31 16:57:30',NULL),(9,20135845,'2018-01-31 17:05:20','2018-01-31 17:05:20',NULL),(10,58451123,'2018-01-31 17:35:29','2018-01-31 17:35:29',NULL);
/*!40000 ALTER TABLE `bghmc_emp_credentials_reset` ENABLE KEYS */;
UNLOCK TABLES;

--
-- Table structure for table `bghmc_emp_credentials_secu`
--

DROP TABLE IF EXISTS `bghmc_emp_credentials_secu`;
/*!40101 SET @saved_cs_client     = @@character_set_client */;
/*!40101 SET character_set_client = utf8 */;
CREATE TABLE `bghmc_emp_credentials_secu` (
  `id` int(10) unsigned NOT NULL AUTO_INCREMENT,
  `emp_id` int(11) NOT NULL,
  `question_1` varchar(255) COLLATE utf8mb4_unicode_ci NOT NULL,
  `answer_1` varchar(255) COLLATE utf8mb4_unicode_ci NOT NULL,
  `question_2` varchar(255) COLLATE utf8mb4_unicode_ci NOT NULL,
  `answer_2` varchar(255) COLLATE utf8mb4_unicode_ci NOT NULL,
  `iscurrent` tinyint(1) NOT NULL DEFAULT '0',
  `created_at` timestamp NULL DEFAULT NULL,
  `updated_at` timestamp NULL DEFAULT NULL,
  `deleted_at` timestamp NULL DEFAULT NULL,
  PRIMARY KEY (`id`)
) ENGINE=InnoDB AUTO_INCREMENT=19 DEFAULT CHARSET=utf8mb4 COLLATE=utf8mb4_unicode_ci ROW_FORMAT=DYNAMIC;
/*!40101 SET character_set_client = @saved_cs_client */;

--
-- Dumping data for table `bghmc_emp_credentials_secu`
--

LOCK TABLES `bghmc_emp_credentials_secu` WRITE;
/*!40000 ALTER TABLE `bghmc_emp_credentials_secu` DISABLE KEYS */;
INSERT INTO `bghmc_emp_credentials_secu` VALUES (7,1000000,'What was your childhood nickname?','12','What was your childhood nickname?','12',1,'2017-11-27 16:02:37','2017-11-27 16:02:37',NULL),(8,4000000,'What was your childhood nickname?','12','What is the name of your favorite childhood friend?','12',1,'2017-11-27 16:05:09','2017-11-27 16:05:09',NULL),(9,2000000,'What is the middle name of your oldest child?','none','What was your childhood nickname?','lemon',1,'2017-11-27 16:12:16','2017-11-27 16:12:16',NULL),(10,3000000,'What was your childhood nickname?','12','What is the name of your favorite childhood friend?','12',1,'2017-11-27 17:13:51','2017-11-27 17:13:51',NULL),(11,7000000,'What was your childhood nickname?','12','What is your favorite sport?','12',1,'2017-11-27 18:07:29','2017-11-27 18:07:29',NULL),(12,20135845,'What was your childhood nickname?','angel','What is your favorite team?','bts',0,'2018-01-12 14:08:22','2018-01-31 16:57:30',NULL),(13,58451123,'What is the name of your favorite childhood friend?','sample','What is your favorite movie?','sample',0,'2018-01-31 13:16:29','2018-01-31 17:35:29',NULL),(14,58453321,'What is the name of your favorite childhood friend?','sample','What is your favorite movie?','sample',0,'2018-01-31 13:19:30','2018-01-31 16:27:50',NULL),(15,58453321,'What is the middle name of your oldest child?','sample','In what city or town did your mother and father meet?','sample',1,'2018-01-31 16:47:17','2018-01-31 16:47:17',NULL),(16,20135776,'What is the name of your favorite childhood friend?','sample','In what city or town did your mother and father meet?','sample',0,'2018-01-31 16:49:56','2018-01-31 16:50:48',NULL),(17,20135776,'In what city or town did your mother and father meet?','sample','What was your childhood nickname?','sample',1,'2018-01-31 16:56:37','2018-01-31 16:56:37',NULL),(18,20135845,'What was your childhood nickname?','sample','What is the name of your favorite childhood friend?','sample',1,'2018-01-31 16:57:46','2018-01-31 16:57:46',NULL);
/*!40000 ALTER TABLE `bghmc_emp_credentials_secu` ENABLE KEYS */;
UNLOCK TABLES;

--
-- Table structure for table `bghmc_employee_info`
--

DROP TABLE IF EXISTS `bghmc_employee_info`;
/*!40101 SET @saved_cs_client     = @@character_set_client */;
/*!40101 SET character_set_client = utf8 */;
CREATE TABLE `bghmc_employee_info` (
  `emp_id` int(11) NOT NULL,
  `password` varchar(80) COLLATE utf8mb4_unicode_ci NOT NULL,
  `f_name` varchar(80) COLLATE utf8mb4_unicode_ci NOT NULL,
  `l_name` varchar(80) COLLATE utf8mb4_unicode_ci NOT NULL,
  `accnt_type` varchar(20) COLLATE utf8mb4_unicode_ci NOT NULL,
  `pos_id` int(11) NOT NULL,
  `dept_id` int(11) NOT NULL,
  `isactive` tinyint(1) NOT NULL,
  `created_at` timestamp NULL DEFAULT NULL,
  `updated_at` timestamp NULL DEFAULT NULL,
  `deleted_at` timestamp NULL DEFAULT NULL,
  PRIMARY KEY (`emp_id`),
  KEY `bghmc_employee_info` (`accnt_type`,`l_name`,`isactive`)
) ENGINE=InnoDB DEFAULT CHARSET=utf8mb4 COLLATE=utf8mb4_unicode_ci ROW_FORMAT=DYNAMIC;
/*!40101 SET character_set_client = @saved_cs_client */;

--
-- Dumping data for table `bghmc_employee_info`
--

LOCK TABLES `bghmc_employee_info` WRITE;
/*!40000 ALTER TABLE `bghmc_employee_info` DISABLE KEYS */;
INSERT INTO `bghmc_employee_info` VALUES (1000000,'$2y$10$UaF0EP.X5caQ63Tkgd24reO9o2lwjnjzlvSBfaOOYSUGFf5qX8zl6','gerald','milan','administrator',80002,68006,1,'2017-11-27 15:58:36','2017-11-29 18:51:06',NULL),(2000000,'$2y$10$2LfBPHk1QhOePfAZ.PVowejtte/jnZ32OomyffLKAKiFkOLBcdGMO','lem','obi','personnel',80005,68006,1,'2017-11-27 15:58:55','2017-11-27 16:12:16',NULL),(3000000,'$2y$10$m4Q3qRCZWGGqidm50D4FqeSpthDLoq3A1Yo9UHIxbyScXmFDWrgm.','shy','lei','personnel',80008,68006,1,'2017-11-27 15:59:17','2017-11-27 17:13:51',NULL),(4000000,'$2y$10$wernSy4w0Z61Mvp.unZJzeUBgt1.sRZcYR1KeSqUxIM2aJRZUxQTK','mel','berbo','administrator',80002,680010,1,'2017-11-27 15:59:40','2017-11-27 16:05:09',NULL),(5000000,'$2y$10$mqdeYPdQfGSeSv4BjA9VqeJXt5TjM8n0.sfiUeWSFGyE3qCLIrS5u','princess','paed','personnel',80009,680010,1,'2017-11-27 16:00:02','2017-11-27 16:00:02',NULL),(6000000,'$2y$10$6emOqaXdgdM0oO2xo/ZziuKxw4FN9NXBPcJDIh.EMOQc5m0Z8qCE.','Chibi','paraiso','personnel',80005,680010,0,'2017-11-27 16:00:46','2018-01-12 14:01:53',NULL),(7000000,'$2y$10$awPWZKbA0/kAI6SLADapledV7KW3u5Tk9iGYVpLt337eGlUCZmIX2','john','asus','administrator',80002,68005,1,'2017-11-27 16:01:25','2017-11-27 18:07:29',NULL),(8000000,'$2y$10$c3cu.Xg6jB35zgv1xLQPIOskzDy5grefHrnixGsFkY8zgq68dEBga','loyd','hp','personnel',80002,68005,1,'2017-11-27 16:01:41','2017-11-27 16:01:41',NULL),(9000000,'$2y$10$ETQ6dRj1HTIb/zlPq9E72eqb/DcgTEj0SoMMygAWreMXTxX15CCFm','john','rock','personnel',80005,68005,1,'2017-11-27 16:02:06','2017-11-27 16:02:06',NULL),(20135776,'$2y$10$VaLQDFYcua45dLEw95fi2e4/YOc7q79RdsFADKqMjA3If9aHekz52','Brandon','Boado','personnel',80003,68003,1,'2018-01-31 16:49:17','2018-01-31 16:56:37',NULL),(20135845,'$2y$10$pZMqvL4FjGhiPcLZscZyz.Ic/1JHboj.ZathwHfxAPw2qsJ5waGmq','marcelino','angel','administrator',80002,68001,1,'2018-01-12 14:08:01','2018-01-31 17:34:59',NULL),(58451123,'$2y$10$0RAqZKxI6mNOmVDYsB/UUOTF0HBrBZz.LEbVkZ5l6hGsWIsFpbgYC','sample','sample','personnel',80005,68004,1,'2018-01-31 13:14:51','2018-01-31 17:35:29',NULL),(58453321,'$2y$10$ocJoiUdWSkPe92AQUQwhJ.ui6oSe4kzrZpqb6ikYD5ByHVH2Tb.wW','sample','smaple','personnel',80003,68002,1,'2018-01-31 13:18:11','2018-01-31 16:48:54',NULL),(123456789,'$2y$10$4.e9amGbWK6YBffaD1K/3.L2xBSjfys64SMGyK5hX7lCKT5jY5iXq','Pearlie','Altenwerth','administrator',80006,680034,1,'2017-11-21 09:40:25','2017-11-27 16:04:26',NULL),(987654321,'$2y$10$dA1Gb0EPdP87oWyiUeLzueyRQC9iUV0IItaXTB4giBxZZaM.wTQye','Karli','Wisoky','personnel',80009,680011,1,'2017-11-21 09:40:25','2017-11-27 17:10:11',NULL);
/*!40000 ALTER TABLE `bghmc_employee_info` ENABLE KEYS */;
UNLOCK TABLES;

--
-- Table structure for table `bghmc_filelogs`
--

DROP TABLE IF EXISTS `bghmc_filelogs`;
/*!40101 SET @saved_cs_client     = @@character_set_client */;
/*!40101 SET character_set_client = utf8 */;
CREATE TABLE `bghmc_filelogs` (
  `fileLogID` int(11) NOT NULL,
  `ownerID` int(11) NOT NULL,
  `fileID` int(11) NOT NULL,
  `_updates` text NOT NULL,
  `updated_at` timestamp NOT NULL DEFAULT CURRENT_TIMESTAMP,
  `created_at` timestamp NOT NULL DEFAULT CURRENT_TIMESTAMP,
  PRIMARY KEY (`fileLogID`)
) ENGINE=InnoDB DEFAULT CHARSET=latin1;
/*!40101 SET character_set_client = @saved_cs_client */;

--
-- Dumping data for table `bghmc_filelogs`
--

LOCK TABLES `bghmc_filelogs` WRITE;
/*!40000 ALTER TABLE `bghmc_filelogs` DISABLE KEYS */;
/*!40000 ALTER TABLE `bghmc_filelogs` ENABLE KEYS */;
UNLOCK TABLES;

--
-- Table structure for table `bghmc_filetypes`
--

DROP TABLE IF EXISTS `bghmc_filetypes`;
/*!40101 SET @saved_cs_client     = @@character_set_client */;
/*!40101 SET character_set_client = utf8 */;
CREATE TABLE `bghmc_filetypes` (
  `filetype_id` int(11) NOT NULL,
  `filetype_name` varchar(250) COLLATE utf8mb4_unicode_ci NOT NULL,
  `created_at` timestamp NULL DEFAULT NULL,
  `updated_at` timestamp NULL DEFAULT NULL,
  `deleted_at` timestamp NULL DEFAULT NULL,
  PRIMARY KEY (`filetype_id`)
) ENGINE=InnoDB DEFAULT CHARSET=utf8mb4 COLLATE=utf8mb4_unicode_ci ROW_FORMAT=DYNAMIC;
/*!40101 SET character_set_client = @saved_cs_client */;

--
-- Dumping data for table `bghmc_filetypes`
--

LOCK TABLES `bghmc_filetypes` WRITE;
/*!40000 ALTER TABLE `bghmc_filetypes` DISABLE KEYS */;
INSERT INTO `bghmc_filetypes` VALUES (70001,'Communication letter','2017-11-21 09:40:30',NULL,NULL),(70002,'Purchase order','2017-11-21 09:40:30',NULL,NULL),(70003,'Medical Records','2017-11-21 09:40:30',NULL,NULL),(70004,'Department Vouchers','2017-11-21 09:40:30',NULL,NULL);
/*!40000 ALTER TABLE `bghmc_filetypes` ENABLE KEYS */;
UNLOCK TABLES;

--
-- Table structure for table `bghmc_positions`
--

DROP TABLE IF EXISTS `bghmc_positions`;
/*!40101 SET @saved_cs_client     = @@character_set_client */;
/*!40101 SET character_set_client = utf8 */;
CREATE TABLE `bghmc_positions` (
  `pos_id` int(11) NOT NULL,
  `pos_name` varchar(80) COLLATE utf8mb4_unicode_ci NOT NULL,
  `created_at` timestamp NULL DEFAULT NULL,
  `updated_at` timestamp NULL DEFAULT NULL,
  `deleted_at` timestamp NULL DEFAULT NULL,
  PRIMARY KEY (`pos_id`),
  KEY `bghmc_positions` (`pos_name`)
) ENGINE=InnoDB DEFAULT CHARSET=utf8mb4 COLLATE=utf8mb4_unicode_ci ROW_FORMAT=DYNAMIC;
/*!40101 SET character_set_client = @saved_cs_client */;

--
-- Dumping data for table `bghmc_positions`
--

LOCK TABLES `bghmc_positions` WRITE;
/*!40000 ALTER TABLE `bghmc_positions` DISABLE KEYS */;
INSERT INTO `bghmc_positions` VALUES (80001,'hospital chief','2017-11-21 09:40:35',NULL,NULL),(80002,'department head','2017-11-21 09:40:35',NULL,NULL),(80003,'administrative officer','2017-11-21 09:40:35',NULL,NULL),(80004,'administrative assistant','2017-11-21 09:40:35',NULL,NULL),(80005,'training officer','2017-11-21 09:40:35',NULL,NULL),(80006,'medical officer','2017-11-21 09:40:35',NULL,NULL),(80007,'medical specialist','2017-11-21 09:40:35',NULL,NULL),(80008,'head nurse','2017-11-21 09:40:35',NULL,NULL),(80009,'nurse','2017-11-21 09:40:35',NULL,NULL);
/*!40000 ALTER TABLE `bghmc_positions` ENABLE KEYS */;
UNLOCK TABLES;

--
-- Table structure for table `bghmc_system_logs`
--

DROP TABLE IF EXISTS `bghmc_system_logs`;
/*!40101 SET @saved_cs_client     = @@character_set_client */;
/*!40101 SET character_set_client = utf8 */;
CREATE TABLE `bghmc_system_logs` (
  `id` int(10) unsigned NOT NULL AUTO_INCREMENT,
  `logged_user` int(11) NOT NULL,
  `log` varchar(255) COLLATE utf8mb4_unicode_ci NOT NULL,
  `log_data_before` longtext COLLATE utf8mb4_unicode_ci,
  `log_data_after` longtext COLLATE utf8mb4_unicode_ci,
  `type` varchar(255) COLLATE utf8mb4_unicode_ci NOT NULL,
  `created_at` timestamp NULL DEFAULT NULL,
  `updated_at` timestamp NULL DEFAULT NULL,
  `deleted_at` timestamp NULL DEFAULT NULL,
  PRIMARY KEY (`id`),
  KEY `bghmc_system_logs` (`logged_user`)
) ENGINE=InnoDB AUTO_INCREMENT=280 DEFAULT CHARSET=utf8mb4 COLLATE=utf8mb4_unicode_ci ROW_FORMAT=DYNAMIC;
/*!40101 SET character_set_client = @saved_cs_client */;

--
-- Dumping data for table `bghmc_system_logs`
--

LOCK TABLES `bghmc_system_logs` WRITE;
/*!40000 ALTER TABLE `bghmc_system_logs` DISABLE KEYS */;
INSERT INTO `bghmc_system_logs` VALUES (117,123456789,'New account \"gerald milan\" with ID #1000000 added.','','a:7:{s:6:\"_token\";s:40:\"yk3nIJ8DtU4cFvVhlEo8V1N7nIitZT2vkRBQh1pE\";s:5:\"empid\";s:7:\"1000000\";s:5:\"lname\";s:5:\"milan\";s:5:\"fname\";s:6:\"gerald\";s:12:\"rd-accnttype\";s:13:\"administrator\";s:7:\"drp-pos\";s:15:\"department head\";s:8:\"drp-dept\";s:4:\"Hems\";}','new_account','2017-11-27 15:58:36','2017-11-27 15:58:36',NULL),(118,123456789,'New account \"lem obi\" with ID #2000000 added.','','a:7:{s:6:\"_token\";s:40:\"yk3nIJ8DtU4cFvVhlEo8V1N7nIitZT2vkRBQh1pE\";s:5:\"empid\";s:7:\"2000000\";s:5:\"lname\";s:3:\"obi\";s:5:\"fname\";s:3:\"lem\";s:12:\"rd-accnttype\";s:9:\"personnel\";s:7:\"drp-pos\";s:16:\"training officer\";s:8:\"drp-dept\";s:4:\"Hems\";}','new_account','2017-11-27 15:58:55','2017-11-27 15:58:55',NULL),(119,123456789,'New account \"shy lei\" with ID #3000000 added.','','a:7:{s:6:\"_token\";s:40:\"yk3nIJ8DtU4cFvVhlEo8V1N7nIitZT2vkRBQh1pE\";s:5:\"empid\";s:7:\"3000000\";s:5:\"lname\";s:3:\"lei\";s:5:\"fname\";s:3:\"shy\";s:12:\"rd-accnttype\";s:9:\"personnel\";s:7:\"drp-pos\";s:10:\"head nurse\";s:8:\"drp-dept\";s:4:\"Hems\";}','new_account','2017-11-27 15:59:17','2017-11-27 15:59:17',NULL),(120,123456789,'New account \"mel berbo\" with ID #4000000 added.','','a:7:{s:6:\"_token\";s:40:\"yk3nIJ8DtU4cFvVhlEo8V1N7nIitZT2vkRBQh1pE\";s:5:\"empid\";s:7:\"4000000\";s:5:\"lname\";s:5:\"berbo\";s:5:\"fname\";s:3:\"mel\";s:12:\"rd-accnttype\";s:13:\"administrator\";s:7:\"drp-pos\";s:15:\"department head\";s:8:\"drp-dept\";s:6:\"Dental\";}','new_account','2017-11-27 15:59:40','2017-11-27 15:59:40',NULL),(121,123456789,'New account \"princess paed\" with ID #5000000 added.','','a:7:{s:6:\"_token\";s:40:\"yk3nIJ8DtU4cFvVhlEo8V1N7nIitZT2vkRBQh1pE\";s:5:\"empid\";s:7:\"5000000\";s:5:\"lname\";s:4:\"paed\";s:5:\"fname\";s:8:\"princess\";s:12:\"rd-accnttype\";s:9:\"personnel\";s:7:\"drp-pos\";s:5:\"nurse\";s:8:\"drp-dept\";s:6:\"Dental\";}','new_account','2017-11-27 16:00:02','2017-11-27 16:00:02',NULL),(122,123456789,'New account \"Chibi paraiso\" with ID #6000000 added.','','a:7:{s:6:\"_token\";s:40:\"yk3nIJ8DtU4cFvVhlEo8V1N7nIitZT2vkRBQh1pE\";s:5:\"empid\";s:7:\"6000000\";s:5:\"lname\";s:7:\"paraiso\";s:5:\"fname\";s:5:\"Chibi\";s:12:\"rd-accnttype\";s:9:\"personnel\";s:7:\"drp-pos\";s:16:\"training officer\";s:8:\"drp-dept\";s:6:\"Dental\";}','new_account','2017-11-27 16:00:46','2017-11-27 16:00:46',NULL),(123,123456789,'New account \"john asus\" with ID #7000000 added.','','a:7:{s:6:\"_token\";s:40:\"yk3nIJ8DtU4cFvVhlEo8V1N7nIitZT2vkRBQh1pE\";s:5:\"empid\";s:7:\"7000000\";s:5:\"lname\";s:4:\"asus\";s:5:\"fname\";s:4:\"john\";s:12:\"rd-accnttype\";s:13:\"administrator\";s:7:\"drp-pos\";s:15:\"department head\";s:8:\"drp-dept\";s:14:\"Legal Services\";}','new_account','2017-11-27 16:01:25','2017-11-27 16:01:25',NULL),(124,123456789,'New account \"loyd hp\" with ID #8000000 added.','','a:7:{s:6:\"_token\";s:40:\"yk3nIJ8DtU4cFvVhlEo8V1N7nIitZT2vkRBQh1pE\";s:5:\"empid\";s:7:\"8000000\";s:5:\"lname\";s:2:\"hp\";s:5:\"fname\";s:4:\"loyd\";s:12:\"rd-accnttype\";s:9:\"personnel\";s:7:\"drp-pos\";s:15:\"department head\";s:8:\"drp-dept\";s:14:\"Legal Services\";}','new_account','2017-11-27 16:01:41','2017-11-27 16:01:41',NULL),(125,123456789,'New account \"john rock\" with ID #9000000 added.','','a:7:{s:6:\"_token\";s:40:\"yk3nIJ8DtU4cFvVhlEo8V1N7nIitZT2vkRBQh1pE\";s:5:\"empid\";s:7:\"9000000\";s:5:\"lname\";s:4:\"rock\";s:5:\"fname\";s:4:\"john\";s:12:\"rd-accnttype\";s:9:\"personnel\";s:7:\"drp-pos\";s:16:\"training officer\";s:8:\"drp-dept\";s:14:\"Legal Services\";}','new_account','2017-11-27 16:02:06','2017-11-27 16:02:06',NULL),(126,1000000,'Message Sent with title \"route tes 1\" and file type of Communication letter to 680010 , 68005.','','a:2:{i:0;s:6:\"680010\";i:1;s:5:\"68005\";}','send_message','2017-11-27 16:03:53','2017-11-27 16:03:53',NULL),(127,1000000,'Account of \"Pearlie Altenwerth\" with ID 123456789 deactivated.','N;','a:5:{s:6:\"_token\";s:40:\"SvBc20hs3dS5SRDm4yj2ThDvQ10qTb0mStiUTIvZ\";s:4:\"e_id\";s:9:\"123456789\";s:6:\"reason\";s:4:\"Lazy\";s:7:\"auth_by\";s:8:\"MIS head\";s:3:\"act\";s:10:\"deactivate\";}','update_activity','2017-11-27 16:04:14','2017-11-27 16:04:14',NULL),(128,1000000,'Account of \"Pearlie Altenwerth\" with ID 123456789 activated.','O:8:\"stdClass\":8:{s:6:\"act_id\";s:1:\"8\";s:6:\"emp_id\";s:9:\"123456789\";s:12:\"deact_reason\";s:4:\"Lazy\";s:8:\"isactive\";s:1:\"0\";s:7:\"auth_by\";s:8:\"MIS head\";s:10:\"created_at\";s:19:\"2017-11-27 09:04:14\";s:10:\"updated_at\";s:19:\"2017-11-27 09:04:14\";s:10:\"deleted_at\";N;}','a:5:{s:6:\"_token\";s:40:\"SvBc20hs3dS5SRDm4yj2ThDvQ10qTb0mStiUTIvZ\";s:4:\"e_id\";s:9:\"123456789\";s:6:\"reason\";s:8:\"Not lazy\";s:7:\"auth_by\";s:8:\"MIS head\";s:3:\"act\";s:8:\"activate\";}','update_activity','2017-11-27 16:04:26','2017-11-27 16:04:26',NULL),(129,4000000,'File \"No Attachment\" with Tracking No. of 0BG-100000-000 rerouted to ','','','change_route','2017-11-27 16:07:16','2017-11-27 16:07:16',NULL),(130,4000000,'File \"No Attachment\" with Tracking No. of 0BG-100000-000 accepted.','','','file_accept','2017-11-27 16:07:25','2017-11-27 16:07:25',NULL),(131,4000000,'File \"No Attachment\" with Tracking No. of 0BG-100000-000 accepted.','','','file_accept','2017-11-27 16:07:27','2017-11-27 16:07:27',NULL),(132,4000000,'File \"No Attachment\" with Tracking No. of 0BG-100000-000 accepted.','','','file_accept','2017-11-27 16:07:32','2017-11-27 16:07:32',NULL),(133,4000000,'File \"No Attachment\" with Tracking No. of 0BG-100000-000 accepted.','','','file_accept','2017-11-27 16:08:15','2017-11-27 16:08:15',NULL),(134,123456789,'Message Sent with title \"com\" and file type of Communication letter to 68006 , 680010 , 68005.','','a:3:{i:0;s:5:\"68006\";i:1;s:6:\"680010\";i:2;s:5:\"68005\";}','send_message','2017-11-27 16:11:01','2017-11-27 16:11:01',NULL),(135,123456789,'File \"No Attachment\" with Tracking No. of 0BG-123000-001 from Outbox archived','','','archive_destruct','2017-11-27 16:18:27','2017-11-27 16:18:27',NULL),(136,123456789,'File \"No Attachment\" with Tracking No. of 0BG-123000-001 from Archived Files restored from File Archives','','','archive_restore','2017-11-27 16:18:38','2017-11-27 16:18:38',NULL),(137,1000000,'File \"No Attachment\" with Tracking No. of 0BG-123000-001 accepted.','','','file_accept','2017-11-27 16:26:34','2017-11-27 16:26:34',NULL),(138,4000000,'File \"No Attachment\" with Tracking No. of 0BG-123000-001 accepted.','','','file_accept','2017-11-27 16:38:17','2017-11-27 16:38:17',NULL),(139,4000000,'File \"No Attachment\" with Tracking No. of 0BG-123000-001 accepted.','','','file_accept','2017-11-27 16:38:23','2017-11-27 16:38:23',NULL),(140,123456789,'File \"No Attachment\" with Tracking No. of 0BG-123000-001 from Outbox archived','','','archive_destruct','2017-11-27 16:44:48','2017-11-27 16:44:48',NULL),(141,123456789,'File \"No Attachment\" with Tracking No. of 0BG-123000-001 from Archived Files restored from File Archives','','','archive_restore','2017-11-27 16:47:50','2017-11-27 16:47:50',NULL),(142,123456789,'Account of \"Karli Wisoky\" with ID 987654321 deactivated.','N;','a:5:{s:6:\"_token\";s:40:\"8jQq8mXrAgEZIUggO0jJ1fUCjDuK6QhkqVvF8BD4\";s:4:\"e_id\";s:9:\"987654321\";s:6:\"reason\";s:5:\"fired\";s:7:\"auth_by\";s:10:\"Mr. gera;d\";s:3:\"act\";s:10:\"deactivate\";}','update_activity','2017-11-27 17:09:35','2017-11-27 17:09:35',NULL),(143,123456789,'Account of \"Karli Wisoky\" with ID 987654321 activated.','O:8:\"stdClass\":8:{s:6:\"act_id\";s:2:\"10\";s:6:\"emp_id\";s:9:\"987654321\";s:12:\"deact_reason\";s:5:\"fired\";s:8:\"isactive\";s:1:\"0\";s:7:\"auth_by\";s:10:\"Mr. gera;d\";s:10:\"created_at\";s:19:\"2017-11-27 10:09:35\";s:10:\"updated_at\";s:19:\"2017-11-27 10:09:35\";s:10:\"deleted_at\";N;}','a:5:{s:6:\"_token\";s:40:\"8jQq8mXrAgEZIUggO0jJ1fUCjDuK6QhkqVvF8BD4\";s:4:\"e_id\";s:9:\"987654321\";s:6:\"reason\";s:5:\"hired\";s:7:\"auth_by\";s:9:\"ms. admin\";s:3:\"act\";s:8:\"activate\";}','update_activity','2017-11-27 17:10:11','2017-11-27 17:10:11',NULL),(144,123456789,'Message Sent with title \"medical records\" and file type of Communication letter to 68006 , 68005.','','a:2:{i:0;s:5:\"68006\";i:1;s:5:\"68005\";}','send_message','2017-11-27 17:12:07','2017-11-27 17:12:07',NULL),(145,123456789,'Message Sent with title \"test\" and file type of Communication letter to 68006 , 680010 , 68005.','','a:3:{i:0;s:5:\"68006\";i:1;s:6:\"680010\";i:2;s:5:\"68005\";}','send_message','2017-11-27 17:16:26','2017-11-27 17:16:26',NULL),(146,123456789,'Message Sent with title \"test doc\" and file type of Communication letter to 68006.','','a:1:{i:0;s:5:\"68006\";}','send_message','2017-11-27 17:26:05','2017-11-27 17:26:05',NULL),(147,1000000,'Message Sent with title \"testing\" and file type of Communication letter to 68006.','','a:1:{i:0;s:5:\"68006\";}','send_message','2017-11-27 17:44:13','2017-11-27 17:44:13',NULL),(148,1000000,'File \"No Attachment\" with Tracking No. of 0BG-123000-002 accepted.','','','file_accept','2017-11-27 17:58:39','2017-11-27 17:58:39',NULL),(149,1000000,'Message Sent with title \"testing\" and file type of Communication letter to 68005 , 680034 , 680011.','','a:3:{i:0;s:5:\"68005\";i:1;s:6:\"680034\";i:2;s:6:\"680011\";}','send_message','2017-11-27 18:06:41','2017-11-27 18:06:41',NULL),(150,7000000,'File \"No Attachment\" with Tracking No. of 0BG-100000-004 accepted.','','','file_accept','2017-11-27 18:07:47','2017-11-27 18:07:47',NULL),(151,7000000,'File \"No Attachment\" with Tracking No. of 0BG-100000-004 accepted.','','','file_accept','2017-11-27 19:21:24','2017-11-27 19:21:24',NULL),(152,7000000,'File \"No Attachment\" with Tracking No. of 0BG-100000-004 accepted.','','','file_accept','2017-11-27 19:23:00','2017-11-27 19:23:00',NULL),(153,7000000,'Message Sent with title \"route\" and file type of Communication letter to 68006 , 680010 , 680034 , 680011. (HAS FILE ATTACHMENT).','','a:4:{i:0;s:5:\"68006\";i:1;s:6:\"680010\";i:2;s:6:\"680034\";i:3;s:6:\"680011\";}','send_message','2017-11-27 19:25:38','2017-11-27 19:25:38',NULL),(154,1000000,'File \"text_0.txt\" with Tracking No. of 0BG-700000-005 accepted.','','','file_accept','2017-11-27 19:26:08','2017-11-27 19:26:08',NULL),(155,1000000,'File \"text_0.txt\" with Tracking No. of 0BG-700000-005 accepted.','','','file_accept','2017-11-27 19:26:10','2017-11-27 19:26:10',NULL),(156,1000000,'File \"text_0.txt\" with Tracking No. of 0BG-700000-005 accepted.','','','file_accept','2017-11-27 19:26:12','2017-11-27 19:26:12',NULL),(157,4000000,'File \"text_0.txt\" with Tracking No. of 0BG-700000-005 accepted.','','','file_accept','2017-11-27 19:32:26','2017-11-27 19:32:26',NULL),(158,4000000,'Documents Received today ( 2017-11-27 ) printed in PDF.','','','report_print','2017-11-27 19:44:47','2017-11-27 19:44:47',NULL),(159,4000000,'Documents Received today ( 2017-11-27 ) printed in PDF.','','','report_print','2017-11-27 19:44:53','2017-11-27 19:44:53',NULL),(160,4000000,'Message Sent with title \"route1\" and file type of Communication letter to 68006 , 68005 , 680010. (HAS FILE ATTACHMENT).','','a:3:{i:0;s:5:\"68006\";i:1;s:5:\"68005\";i:2;s:6:\"680010\";}','send_message','2017-11-27 19:53:15','2017-11-27 19:53:15',NULL),(161,4000000,'File received from 4000000 with file name of bghmc_docsreceived_2017-11-27.pdf downloaded.','','','download_f','2017-11-27 19:53:57','2017-11-27 19:53:57',NULL),(162,4000000,'File received from 4000000 with file name of bghmc_docsreceived_2017-11-27.pdf downloaded.','','','download_f','2017-11-27 19:53:58','2017-11-27 19:53:58',NULL),(163,4000000,'File received from 4000000 with file name of bghmc_docsreceived_2017-11-27.pdf downloaded.','','','download_f','2017-11-27 19:53:58','2017-11-27 19:53:58',NULL),(164,4000000,'File \"text_0.txt\" with Tracking No. of 0BG-700000-005 accepted.','','','file_accept','2017-11-27 22:50:21','2017-11-27 22:50:21',NULL),(165,123456789,'Message Sent with title \"letter for you\" and file type of Communication letter to 68006 , 68005.','','a:2:{i:0;s:5:\"68006\";i:1;s:5:\"68005\";}','send_message','2017-11-29 18:39:14','2017-11-29 18:39:14',NULL),(166,3000000,'Replied to File \"No Attachment\" with Tracking No. of 0BG-123000-000.','','','reply','2017-11-29 18:42:20','2017-11-29 18:42:20',NULL),(167,3000000,'File \"No Attachment\" with Tracking No. of 0BG-123000-007 from Pearlie Altenwerth archived','','','archive_destruct','2017-11-29 18:47:45','2017-11-29 18:47:45',NULL),(168,3000000,'File \"No Attachment\" with Tracking No. of 0BG-123000-001 from Pearlie Altenwerth archived','','','archive_destruct','2017-11-29 18:48:01','2017-11-29 18:48:01',NULL),(169,123456789,'Account of \"gerald milan\" with ID 1000000 deactivated.','N;','a:5:{s:6:\"_token\";s:40:\"iMGO8NRQpwkWkPO4Yk4SDe3XrGkUs2Mi2uzzoBwJ\";s:4:\"e_id\";s:7:\"1000000\";s:6:\"reason\";s:3:\"sss\";s:7:\"auth_by\";s:3:\"sss\";s:3:\"act\";s:10:\"deactivate\";}','update_activity','2017-11-29 18:50:57','2017-11-29 18:50:57',NULL),(170,123456789,'Account of \"gerald milan\" with ID 1000000 activated.','O:8:\"stdClass\":8:{s:6:\"act_id\";s:2:\"12\";s:6:\"emp_id\";s:7:\"1000000\";s:12:\"deact_reason\";s:3:\"sss\";s:8:\"isactive\";s:1:\"0\";s:7:\"auth_by\";s:3:\"sss\";s:10:\"created_at\";s:19:\"2017-11-29 11:50:57\";s:10:\"updated_at\";s:19:\"2017-11-29 11:50:57\";s:10:\"deleted_at\";N;}','a:5:{s:6:\"_token\";s:40:\"iMGO8NRQpwkWkPO4Yk4SDe3XrGkUs2Mi2uzzoBwJ\";s:4:\"e_id\";s:7:\"1000000\";s:6:\"reason\";s:2:\"ss\";s:7:\"auth_by\";s:2:\"ss\";s:3:\"act\";s:8:\"activate\";}','update_activity','2017-11-29 18:51:06','2017-11-29 18:51:06',NULL),(171,123456789,'Department \"Accounting Office\" updated.','{\"dept_id\":680046,\"dept_name\":\"Accounting Office\",\"created_at\":\"2017-11-21 02:40:09\",\"updated_at\":null,\"deleted_at\":null}','a:3:{s:6:\"_token\";s:40:\"iMGO8NRQpwkWkPO4Yk4SDe3XrGkUs2Mi2uzzoBwJ\";s:5:\"depid\";s:6:\"680046\";s:8:\"deptname\";s:18:\"Accounting Offices\";}','update_department','2017-11-29 18:51:21','2017-11-29 18:51:21',NULL),(172,123456789,'Documents sent this week ( 2017-11-27 - 2017-12-03 ) printed in PDF.','','','report_print','2017-11-29 19:56:17','2017-11-29 19:56:17',NULL),(173,123456789,'Documents sent this week ( 2017-11-27 - 2017-12-03 ) printed in PDF.','','','report_print','2017-11-29 19:56:22','2017-11-29 19:56:22',NULL),(174,123456789,'Documents sent this week ( 2017-11-27 - 2017-12-03 ) printed in PDF.','','','report_print','2017-11-29 19:56:46','2017-11-29 19:56:46',NULL),(175,123456789,'Documents Received this week ( 2017-11-27 - 2017-12-03 ) printed in PDF.','','','report_print','2017-11-29 20:03:14','2017-11-29 20:03:14',NULL),(176,123456789,'Documents Received this week ( 2017-11-27 - 2017-12-03 ) printed in PDF.','','','report_print','2017-11-29 20:03:16','2017-11-29 20:03:16',NULL),(177,123456789,' this week ( 2017-11-27 - 2017-12-03 ) printed in PDF.','','','report_print','2017-11-29 20:05:23','2017-11-29 20:05:23',NULL),(178,123456789,' this week ( 2017-11-27 - 2017-12-03 ) printed in PDF.','','','report_print','2017-11-29 20:05:25','2017-11-29 20:05:25',NULL),(179,123456789,'Account of \"Chibi paraiso\" with ID 6000000 deactivated.','N;','a:5:{s:6:\"_token\";s:40:\"srP3XtxfRlkm0TNki0YewmRElxdqAJQKpVE2CkKf\";s:4:\"e_id\";s:7:\"6000000\";s:6:\"reason\";s:6:\"hehehe\";s:7:\"auth_by\";s:5:\"ehehe\";s:3:\"act\";s:10:\"deactivate\";}','update_activity','2018-01-12 14:01:53','2018-01-12 14:01:53',NULL),(180,123456789,'New account \"marcelino angel\" with ID #20135845 added.','','a:7:{s:6:\"_token\";s:40:\"srP3XtxfRlkm0TNki0YewmRElxdqAJQKpVE2CkKf\";s:5:\"empid\";s:8:\"20135845\";s:5:\"lname\";s:5:\"angel\";s:5:\"fname\";s:9:\"marcelino\";s:12:\"rd-accnttype\";s:13:\"administrator\";s:7:\"drp-pos\";s:15:\"department head\";s:8:\"drp-dept\";s:20:\"Medical Center Chief\";}','new_account','2018-01-12 14:08:01','2018-01-12 14:08:01',NULL),(181,123456789,'File \"1234567890BG-123000-002fuck-you-finger.png\" with Tracking No. of  from Pearlie Altenwerth flagged as IMPORTANT','not important','','flag_important','2018-01-19 05:27:44','2018-01-19 05:27:44',NULL),(182,123456789,'File \"NO ATTACHMENT\" with Tracking No. of  from Pearlie Altenwerth flagged as NOT IMPORTANT','important','','flag_important','2018-01-19 05:27:51','2018-01-19 05:27:51',NULL),(183,123456789,'File \"NO ATTACHMENT\" with Tracking No. of  from Pearlie Altenwerth flagged as NOT IMPORTANT','important','','flag_important','2018-01-19 13:01:38','2018-01-19 13:01:38',NULL),(184,123456789,'File \"NO ATTACHMENT\" with Tracking No. of  from Pearlie Altenwerth flagged as IMPORTANT','not important','','flag_important','2018-01-19 16:34:00','2018-01-19 16:34:00',NULL),(185,123456789,'File \"NO ATTACHMENT\" with Tracking No. of  from Pearlie Altenwerth flagged as NOT IMPORTANT','important','','flag_important','2018-01-19 16:34:05','2018-01-19 16:34:05',NULL),(186,123456789,'File \"NO ATTACHMENT\" with Tracking No. of  from Pearlie Altenwerth flagged as IMPORTANT','not important','','flag_important','2018-01-19 16:34:10','2018-01-19 16:34:10',NULL),(187,123456789,'File \"NO ATTACHMENT\" with Tracking No. of  from Pearlie Altenwerth flagged as NOT IMPORTANT','important','','flag_important','2018-01-19 16:34:14','2018-01-19 16:34:14',NULL),(188,123456789,'File \"NO ATTACHMENT\" with Tracking No. of  from Pearlie Altenwerth flagged as IMPORTANT','not important','','flag_important','2018-01-19 16:34:20','2018-01-19 16:34:20',NULL),(189,123456789,'File \"NO ATTACHMENT\" with Tracking No. of  from Pearlie Altenwerth flagged as NOT IMPORTANT','important','','flag_important','2018-01-19 16:57:21','2018-01-19 16:57:21',NULL),(190,123456789,'File \"NO ATTACHMENT\" with Tracking No. of  from Pearlie Altenwerth flagged as IMPORTANT','not important','','flag_important','2018-01-19 17:18:27','2018-01-19 17:18:27',NULL),(191,123456789,'File \"NO ATTACHMENT\" with Tracking No. of  from Pearlie Altenwerth flagged as NOT IMPORTANT','important','','flag_important','2018-01-19 17:18:33','2018-01-19 17:18:33',NULL),(192,123456789,'File \"NO ATTACHMENT\" with Tracking No. of  from Pearlie Altenwerth flagged as IMPORTANT','not important','','flag_important','2018-01-19 17:59:59','2018-01-19 17:59:59',NULL),(193,123456789,'File \"NO ATTACHMENT\" with Tracking No. of  from Pearlie Altenwerth flagged as NOT IMPORTANT','important','','flag_important','2018-01-19 18:00:03','2018-01-19 18:00:03',NULL),(194,123456789,'Replied to File \"NO ATTACHMENT\" with Tracking No. of 0BG-123000-0022.','','','reply','2018-01-19 18:24:05','2018-01-19 18:24:05',NULL),(195,123456789,'Replied to File \"NO ATTACHMENT\" with Tracking No. of 0BG-123000-0022.','','','reply','2018-01-19 18:24:10','2018-01-19 18:24:10',NULL),(196,123456789,'Replied to File \"NO ATTACHMENT\" with Tracking No. of 0BG-123000-0022.','','','reply','2018-01-19 18:38:32','2018-01-19 18:38:32',NULL),(197,123456789,'Replied to File \"1234567890BG-123000-002fuck-you-finger.png\" with Tracking No. of 0BG-123000-0025.','','','reply','2018-01-20 04:53:10','2018-01-20 04:53:10',NULL),(198,123456789,'File received from 123456789 with file name of 1234567890BG-123000-002fuck-you-finger.png downloaded.','','','download_f','2018-01-20 04:55:34','2018-01-20 04:55:34',NULL),(199,123456789,'File received from 123456789 with file name of 1234567890BG-123000-002fuck-you-finger.png downloaded.','','','download_f','2018-01-20 05:15:29','2018-01-20 05:15:29',NULL),(200,123456789,'File received from 123456789 with file name of 1234567890BG-123000-002fuck-you-finger.png downloaded.','','','download_f','2018-01-20 05:15:50','2018-01-20 05:15:50',NULL),(201,123456789,'Replied to File \"1234567890BG-123000-002fuck-you-finger.png\" with Tracking No. of 0BG-123000-0025.','','','reply','2018-01-20 05:23:01','2018-01-20 05:23:01',NULL),(202,123456789,'Replied to File \"1234567890BG-123000-002fuck-you-finger.png\" with Tracking No. of 0BG-123000-0025.','','','reply','2018-01-20 05:24:04','2018-01-20 05:24:04',NULL),(203,123456789,'File \"\" with Tracking No. of 0BG-123000-0026 from Outbox archived','','','archive_destruct','2018-01-20 05:30:42','2018-01-20 05:30:42',NULL),(204,123456789,'Replied to File \"1234567890BG-123000-002fuck-you-finger.png\" with Tracking No. of 0BG-123000-002.','','','reply','2018-01-20 15:51:49','2018-01-20 15:51:49',NULL),(205,123456789,'Replied to File \"1234567890BG-123000-002fuck-you-finger.png\" with Tracking No. of 0BG-123000-002.','','','reply','2018-01-20 16:00:25','2018-01-20 16:00:25',NULL),(206,123456789,'Replied to File \"1234567890BG-123000-002fuck-you-finger.png\" with Tracking No. of 0BG-123000-0027.','','','reply','2018-01-20 16:08:54','2018-01-20 16:08:54',NULL),(207,123456789,'File received from 123456789 with file name of 1234567890BG-123000-000fuck-you-finger.png downloaded.','','','download_f','2018-01-22 03:36:36','2018-01-22 03:36:36',NULL),(208,123456789,'File \"NO ATTACHMENT\" with Tracking No. of  from Pearlie Altenwerth flagged as IMPORTANT','not important','','flag_important','2018-01-23 13:11:42','2018-01-23 13:11:42',NULL),(209,123456789,'File \"NO ATTACHMENT\" with Tracking No. of  from Pearlie Altenwerth flagged as NOT IMPORTANT','important','','flag_important','2018-01-23 13:18:53','2018-01-23 13:18:53',NULL),(210,123456789,'Replied to File \"NO ATTACHMENT\" with Tracking No. of 0BG-123000-001.','','','reply','2018-01-23 13:22:50','2018-01-23 13:22:50',NULL),(211,123456789,'File received from 123456789 with file name of 1234567890BG-123000-000fuck-you-finger.png downloaded.','','','download_f','2018-01-23 18:47:07','2018-01-23 18:47:07',NULL),(212,123456789,'Replied to File \"9876543210BG-987000-007output-54.jpg\" with Tracking No. of 0BG-987000-007.','','','reply','2018-01-25 14:29:45','2018-01-25 14:29:45',NULL),(213,123456789,'File \"NO ATTACHMENT\" with Tracking No. of 0BG-123000-001 from Pearlie Altenwerth flagged as IMPORTANT','not important','','flag_important','2018-01-25 14:53:35','2018-01-25 14:53:35',NULL),(214,123456789,'File \"NO ATTACHMENT\" with Tracking No. of 0BG-123000-004 from Pearlie Altenwerth flagged as IMPORTANT','not important','','flag_important','2018-01-25 14:54:46','2018-01-25 14:54:46',NULL),(215,123456789,'File \"NO ATTACHMENT\" with Tracking No. of 0BG-123000-001 from Pearlie Altenwerth flagged as NOT IMPORTANT','important','','flag_important','2018-01-25 15:32:55','2018-01-25 15:32:55',NULL),(216,123456789,'File received from 987654321 with file name of 9876543210BG-987000-007output-54.jpg downloaded.','','','download_f','2018-01-25 18:32:52','2018-01-25 18:32:52',NULL),(217,123456789,'File received from 987654321 with file name of 9876543210BG-987000-007output-54.jpg downloaded.','','','download_f','2018-01-25 18:37:16','2018-01-25 18:37:16',NULL),(218,123456789,'File received from 987654321 with file name of 9876543210BG-987000-007output-54.jpg downloaded.','','','download_f','2018-01-25 18:38:12','2018-01-25 18:38:12',NULL),(219,123456789,'File \"NO ATTACHMENT\" with Tracking No. of 0BG-123000-001 from Pearlie Altenwerth flagged as IMPORTANT','not important','','flag_important','2018-01-25 19:44:35','2018-01-25 19:44:35',NULL),(220,123456789,'File \"NO ATTACHMENT\" with Tracking No. of 0BG-123000-002 from Pearlie Altenwerth flagged as IMPORTANT','not important','','flag_important','2018-01-25 19:44:40','2018-01-25 19:44:40',NULL),(221,123456789,'File \"1234567890BG-123000-000fuck-you-finger.png\" with Tracking No. of 0BG-123000-000 from Pearlie Altenwerth flagged as NOT IMPORTANT','important','','flag_important','2018-01-25 19:44:43','2018-01-25 19:44:43',NULL),(222,123456789,'File received from 123456789 with file name of 1234567890BG-123000-000fuck-you-finger.png downloaded.','','','download_f','2018-01-25 19:46:20','2018-01-25 19:46:20',NULL),(223,123456789,'File \"1234567890BG-123000-000fuck-you-finger.png\" with Tracking No. of 0BG-123000-000 from Pearlie Altenwerth flagged as IMPORTANT','not important','','flag_important','2018-01-25 19:46:52','2018-01-25 19:46:52',NULL),(224,123456789,'File \"1234567890BG-123000-000fuck-you-finger.png\" with Tracking No. of 0BG-123000-000 from Pearlie Altenwerth flagged as NOT IMPORTANT','important','','flag_important','2018-01-25 19:46:55','2018-01-25 19:46:55',NULL),(225,123456789,'Replied to File \"1234567890BG-123000-000fuck-you-finger.png\" with Tracking No. of 0BG-123000-000.','','','reply','2018-01-25 19:48:09','2018-01-25 19:48:09',NULL),(226,123456789,'File received from 987654321 with file name of 9876543210BG-987000-007output-54.jpg downloaded.','','','download_f','2018-01-26 03:11:19','2018-01-26 03:11:19',NULL),(227,123456789,'File \"NO ATTACHMENT\" with Tracking No. of 0BG-123000-0016 from Pearlie Altenwerth flagged as NOT IMPORTANT','important','','flag_important','2018-01-26 18:14:58','2018-01-26 18:14:58',NULL),(228,123456789,'File \"1234567890BG-123000-000fuck-you-finger.png\" with Tracking No. of 0BG-123000-000 from Pearlie Altenwerth flagged as IMPORTANT','not important','','flag_important','2018-01-26 18:15:09','2018-01-26 18:15:09',NULL),(229,123456789,'File \"1234567890BG-123000-000fuck-you-finger.png\" with Tracking No. of 0BG-123000-000 from Pearlie Altenwerth flagged as NOT IMPORTANT','important','','flag_important','2018-01-27 09:09:47','2018-01-27 09:09:47',NULL),(230,123456789,'File \"1234567890BG-123000-000fuck-you-finger.png\" with Tracking No. of 0BG-123000-000 from Pearlie Altenwerth flagged as IMPORTANT','not important','','flag_important','2018-01-27 09:09:51','2018-01-27 09:09:51',NULL),(231,123456789,'File received from 123456789 with file name of 1234567890BG-123000-000fuck-you-finger.png downloaded.','','','download_f','2018-01-27 09:19:04','2018-01-27 09:19:04',NULL),(232,123456789,'Replied to File \"1234567890BG-123000-000fuck-you-finger.png\" with Tracking No. of 0BG-123000-000.','','','reply','2018-01-27 15:53:35','2018-01-27 15:53:35',NULL),(233,123456789,'Replied to File \"9876543210BG-987000-007output-54.jpg\" with Tracking No. of 0BG-987000-007.','','','reply','2018-01-27 15:55:52','2018-01-27 15:55:52',NULL),(234,123456789,'File \"\" with Tracking No. of 0BG-123000-003 from Outbox archived','','','archive_destruct','2018-01-29 18:49:13','2018-01-29 18:49:13',NULL),(235,123456789,'File \"\" with Tracking No. of 0BG-123000-003 from Archived Files archived','','','archive_destruct','2018-01-29 18:54:09','2018-01-29 18:54:09',NULL),(236,123456789,'File \"\" with Tracking No. of 0BG-123000-003 from Archived Files archived','','','archive_destruct','2018-01-29 18:54:17','2018-01-29 18:54:17',NULL),(237,123456789,'File \"\" with Tracking No. of 0BG-123000-003 from Archived Files archived','','','archive_destruct','2018-01-29 18:55:58','2018-01-29 18:55:58',NULL),(238,123456789,'File \"\" with Tracking No. of 0BG-123000-003 from Archived Files archived','','','archive_destruct','2018-01-29 19:02:44','2018-01-29 19:02:44',NULL),(239,123456789,'File \"\" with Tracking No. of 0BG-123000-003 from Archived Files restored from File Archives','','','archive_restore','2018-01-29 19:17:43','2018-01-29 19:17:43',NULL),(240,123456789,'File \"\" with Tracking No. of 0BG-123000-003 from Outbox archived','','','archive_destruct','2018-01-29 19:50:06','2018-01-29 19:50:06',NULL),(241,123456789,'File \"\" with Tracking No. of 0BG-123000-003 from Archived Files restored from File Archives','','','archive_restore','2018-01-29 19:50:52','2018-01-29 19:50:52',NULL),(242,123456789,'File \"\" with Tracking No. of 0BG-123000-003 from Archived Files restored from File Archives','','','archive_restore','2018-01-29 19:50:55','2018-01-29 19:50:55',NULL),(243,123456789,'File \"\" with Tracking No. of 0BG-123000-003 from Archived Files restored from File Archives','','','archive_restore','2018-01-29 19:51:39','2018-01-29 19:51:39',NULL),(244,123456789,'File \"\" with Tracking No. of 0BG-123000-003 from Outbox archived','','','archive_destruct','2018-01-29 19:51:47','2018-01-29 19:51:47',NULL),(245,123456789,'File \"\" with Tracking No. of 0BG-123000-003 from Archived Files restored from File Archives','','','archive_restore','2018-01-30 08:29:20','2018-01-30 08:29:20',NULL),(246,123456789,'File \"\" with Tracking No. of 0BG-123000-0016 from Outbox archived','','','archive_destruct','2018-01-30 13:54:00','2018-01-30 13:54:00',NULL),(247,123456789,'File \"\" with Tracking No. of 0BG-123000-009 from Outbox archived','','','archive_destruct','2018-01-30 13:54:40','2018-01-30 13:54:40',NULL),(248,123456789,'File \"\" with Tracking No. of 0BG-123000-009 from OutboxS restored from File Archives','','','archive_restore','2018-01-30 13:57:15','2018-01-30 13:57:15',NULL),(249,123456789,'File \"\" with Tracking No. of 0BG-123000-009 from OutboxS archived','','','archive_destruct','2018-01-30 13:57:19','2018-01-30 13:57:19',NULL),(250,123456789,'File \"\" with Tracking No. of 0BG-123000-009 from Archived Files restored from File Archives','','','archive_restore','2018-01-30 13:57:31','2018-01-30 13:57:31',NULL),(251,123456789,'File \"\" with Tracking No. of 0BG-123000-009 from Outbox archived','','','archive_destruct','2018-01-30 13:57:39','2018-01-30 13:57:39',NULL),(252,123456789,'File \"\" with Tracking No. of 0BG-123000-004 from OutboxS archived','','','archive_destruct','2018-01-30 13:58:16','2018-01-30 13:58:16',NULL),(253,123456789,'File \"\" with Tracking No. of 0BG-123000-003 from OutboxS archived','','','archive_destruct','2018-01-30 13:58:24','2018-01-30 13:58:24',NULL),(254,123456789,'File \"\" with Tracking No. of 0BG-123000-002 from Outbox archived','','','archive_destruct','2018-01-30 13:58:28','2018-01-30 13:58:28',NULL),(255,123456789,'File \"\" with Tracking No. of 0BG-987000-0032 from Inbox archived','','','archive_destruct','2018-01-30 14:13:39','2018-01-30 14:13:39',NULL),(256,123456789,'File \"\" with Tracking No. of 0BG-987000-007 from Inbox archived','','','archive_destruct','2018-01-30 14:41:47','2018-01-30 14:41:47',NULL),(257,123456789,'File \"\" with Tracking No. of 0BG-987000-007 from Archived Files restored from File Archives','','','archive_restore','2018-01-30 14:42:10','2018-01-30 14:42:10',NULL),(258,123456789,'File \"\" with Tracking No. of 0BG-987000-007 from Archived Files restored from File Archives','','','archive_restore','2018-01-30 14:42:17','2018-01-30 14:42:17',NULL),(259,123456789,'File \"\" with Tracking No. of 0BG-987000-007 from Archived Files restored from File Archives','','','archive_restore','2018-01-30 14:43:12','2018-01-30 14:43:12',NULL),(260,123456789,'File \"\" with Tracking No. of 0BG-987000-007 from OutboxS archived','','','archive_destruct','2018-01-30 14:53:44','2018-01-30 14:53:44',NULL),(261,123456789,'File \"\" with Tracking No. of 0BG-987000-007 from Archived Files restored from File Archives','','','archive_restore','2018-01-30 14:54:49','2018-01-30 14:54:49',NULL),(262,123456789,'File \"\" with Tracking No. of 0BG-987000-007 from Inbox archived','','','archive_destruct','2018-01-30 14:58:26','2018-01-30 14:58:26',NULL),(263,123456789,'Replied to File \"9876543210BG-987000-007output-54.jpg\" with Tracking No. of 0BG-987000-007.','','','reply','2018-01-30 15:29:04','2018-01-30 15:29:04',NULL),(264,123456789,'File \"\" with Tracking No. of 0BG-987000-007 from Archived Files restored from File Archives','','','archive_restore','2018-01-30 15:37:37','2018-01-30 15:37:37',NULL),(265,123456789,'File \"\" with Tracking No. of 0BG-987000-0032 from InboxS archived','','','archive_destruct','2018-01-30 15:38:03','2018-01-30 15:38:03',NULL),(266,123456789,'File \"NO ATTACHMENT\" with Tracking No. of 0BG-123000-001 from Pearlie Altenwerth flagged as NOT IMPORTANT','important','','flag_important','2018-01-30 16:13:48','2018-01-30 16:13:48',NULL),(267,123456789,'File received from 123456789 with file name of 1234567890BG-123000-000bghmc_fts.sql downloaded.','','','download_f','2018-01-30 17:49:29','2018-01-30 17:49:29',NULL),(268,123456789,'File received from 123456789 with file name of 1234567890BG-123000-000bghmc_fts.sql downloaded.','','','download_f','2018-01-30 17:49:49','2018-01-30 17:49:49',NULL),(269,123456789,'File received from 123456789 with file name of 1234567890BG-123000-000bghmc_fts.sql downloaded.','','','download_f','2018-01-30 17:53:58','2018-01-30 17:53:58',NULL),(270,123456789,'File received from 123456789 with file name of 1234567890BG-123000-000bghmc_fts.sql downloaded.','','','download_f','2018-01-30 17:57:46','2018-01-30 17:57:46',NULL),(271,123456789,'New account \"sample sample\" with ID #58451123 added.','','a:7:{s:6:\"_token\";s:40:\"JOl1NnKvABeqPcVt8kuoN5yDnNulvhXa4nHinejr\";s:5:\"empid\";s:8:\"58451123\";s:5:\"lname\";s:6:\"sample\";s:5:\"fname\";s:6:\"sample\";s:12:\"rd-accnttype\";s:9:\"personnel\";s:7:\"drp-pos\";s:16:\"training officer\";s:8:\"drp-dept\";s:47:\"Integrated Hospital Operation Management Office\";}','new_account','2018-01-31 13:14:52','2018-01-31 13:14:52',NULL),(272,123456789,'New account \"sample smaple\" with ID #58453321 added.','','a:7:{s:6:\"_token\";s:40:\"k8FgdUZRm1HBk4lJu8pTw4nQ4pbNM8XnzJqYtTDN\";s:5:\"empid\";s:8:\"58453321\";s:5:\"lname\";s:6:\"smaple\";s:5:\"fname\";s:6:\"sample\";s:12:\"rd-accnttype\";s:9:\"personnel\";s:7:\"drp-pos\";s:22:\"administrative officer\";s:8:\"drp-dept\";s:25:\"Quality Management Office\";}','new_account','2018-01-31 13:18:12','2018-01-31 13:18:12',NULL),(273,123456789,'New account \"Brandon Boado\" with ID #20135776 added.','','a:7:{s:6:\"_token\";s:40:\"H8D9ZknsNt1d0iyWAkeFZks3OxngRLPlIPEEt2fo\";s:5:\"empid\";s:8:\"20135776\";s:5:\"lname\";s:5:\"Boado\";s:5:\"fname\";s:7:\"Brandon\";s:12:\"rd-accnttype\";s:9:\"personnel\";s:7:\"drp-pos\";s:22:\"administrative officer\";s:8:\"drp-dept\";s:42:\"Professional Education and Training Office\";}','new_account','2018-01-31 16:49:17','2018-01-31 16:49:17',NULL),(274,123456789,'User credentials of \"marcelino angel\" reset','','','reset_account','2018-01-31 17:05:20','2018-01-31 17:05:20',NULL),(275,123456789,'Account of \"marcelino angel\" with ID 20135845 deactivated.','N;','a:5:{s:6:\"_token\";s:40:\"1RF9B2T6QE7Vd7ZGWHuChNYrzzeecCld2scXHcWO\";s:4:\"e_id\";s:8:\"20135845\";s:6:\"reason\";s:5:\"fired\";s:7:\"auth_by\";s:8:\"IT admin\";s:3:\"act\";s:10:\"deactivate\";}','update_activity','2018-01-31 17:34:08','2018-01-31 17:34:08',NULL),(276,123456789,'Account of \"marcelino angel\" with ID 20135845 deactivated.','O:8:\"stdClass\":8:{s:6:\"act_id\";i:15;s:6:\"emp_id\";i:20135845;s:12:\"deact_reason\";s:5:\"fired\";s:8:\"isactive\";i:0;s:7:\"auth_by\";s:8:\"IT admin\";s:10:\"created_at\";s:19:\"2018-02-01 01:34:08\";s:10:\"updated_at\";s:19:\"2018-02-01 01:34:08\";s:10:\"deleted_at\";N;}','a:5:{s:6:\"_token\";s:40:\"1RF9B2T6QE7Vd7ZGWHuChNYrzzeecCld2scXHcWO\";s:4:\"e_id\";s:8:\"20135845\";s:6:\"reason\";s:5:\"fired\";s:7:\"auth_by\";s:8:\"IT admin\";s:3:\"act\";s:10:\"deactivate\";}','update_activity','2018-01-31 17:34:10','2018-01-31 17:34:10',NULL),(277,123456789,'Account of \"marcelino angel\" with ID 20135845 deactivated.','O:8:\"stdClass\":8:{s:6:\"act_id\";i:15;s:6:\"emp_id\";i:20135845;s:12:\"deact_reason\";s:5:\"fired\";s:8:\"isactive\";i:0;s:7:\"auth_by\";s:8:\"IT admin\";s:10:\"created_at\";s:19:\"2018-02-01 01:34:08\";s:10:\"updated_at\";s:19:\"2018-02-01 01:34:08\";s:10:\"deleted_at\";N;}','a:5:{s:6:\"_token\";s:40:\"1RF9B2T6QE7Vd7ZGWHuChNYrzzeecCld2scXHcWO\";s:4:\"e_id\";s:8:\"20135845\";s:6:\"reason\";s:5:\"fired\";s:7:\"auth_by\";s:8:\"IT admin\";s:3:\"act\";s:10:\"deactivate\";}','update_activity','2018-01-31 17:34:16','2018-01-31 17:34:16',NULL),(278,123456789,'Account of \"marcelino angel\" with ID 20135845 activated.','O:8:\"stdClass\":8:{s:6:\"act_id\";i:17;s:6:\"emp_id\";i:20135845;s:12:\"deact_reason\";s:5:\"fired\";s:8:\"isactive\";i:0;s:7:\"auth_by\";s:8:\"IT admin\";s:10:\"created_at\";s:19:\"2018-02-01 01:34:15\";s:10:\"updated_at\";s:19:\"2018-02-01 01:34:15\";s:10:\"deleted_at\";N;}','a:5:{s:6:\"_token\";s:40:\"1RF9B2T6QE7Vd7ZGWHuChNYrzzeecCld2scXHcWO\";s:4:\"e_id\";s:8:\"20135845\";s:6:\"reason\";s:6:\"Hired.\";s:7:\"auth_by\";s:8:\"IT admin\";s:3:\"act\";s:8:\"activate\";}','update_activity','2018-01-31 17:34:59','2018-01-31 17:34:59',NULL),(279,123456789,'User credentials of \"sample sample\" reset','','','reset_account','2018-01-31 17:35:29','2018-01-31 17:35:29',NULL);
/*!40000 ALTER TABLE `bghmc_system_logs` ENABLE KEYS */;
UNLOCK TABLES;

--
-- Table structure for table `bghmc_tmpl_main_navigation`
--

DROP TABLE IF EXISTS `bghmc_tmpl_main_navigation`;
/*!40101 SET @saved_cs_client     = @@character_set_client */;
/*!40101 SET character_set_client = utf8 */;
CREATE TABLE `bghmc_tmpl_main_navigation` (
  `id` int(10) unsigned NOT NULL AUTO_INCREMENT,
  `group_id` int(10) unsigned NOT NULL COMMENT 'refer to bghmc_user_groups',
  `title` varchar(50) COLLATE utf8mb4_unicode_ci NOT NULL,
  `route` varchar(50) COLLATE utf8mb4_unicode_ci NOT NULL,
  `parent` enum('0','1') COLLATE utf8mb4_unicode_ci NOT NULL COMMENT '0 no subs , 1 parent with subs',
  `arangement` int(10) unsigned NOT NULL COMMENT 'arangement of the navigation',
  `properties` varchar(255) COLLATE utf8mb4_unicode_ci NOT NULL,
  `created_at` timestamp NULL DEFAULT NULL,
  `updated_at` timestamp NULL DEFAULT NULL,
  `deleted_at` timestamp NULL DEFAULT NULL,
  PRIMARY KEY (`id`),
  KEY `bghmc_tmpl_main_navigation` (`id`,`title`,`route`,`parent`,`arangement`)
) ENGINE=InnoDB AUTO_INCREMENT=14 DEFAULT CHARSET=utf8mb4 COLLATE=utf8mb4_unicode_ci;
/*!40101 SET character_set_client = @saved_cs_client */;

--
-- Dumping data for table `bghmc_tmpl_main_navigation`
--

LOCK TABLES `bghmc_tmpl_main_navigation` WRITE;
/*!40000 ALTER TABLE `bghmc_tmpl_main_navigation` DISABLE KEYS */;
INSERT INTO `bghmc_tmpl_main_navigation` VALUES (1,1,'Dashboard','displaySdashboard','0',1,'{\"i\" : {\"class\":\"fa fa-dashboard\"}}',NULL,NULL,NULL),(2,1,'Accounts','admin.accounts_list','0',2,'{\"i\" : {\"class\":\"fa fa-group\"}}',NULL,NULL,NULL),(3,1,'References','','1',3,'{\"i\" : {\"class\":\"fa fa-file-text\"}}',NULL,NULL,NULL),(4,1,'File Archives','display.ARCHIVE','0',4,'{\"i\" : {\"class\":\"fa fa-archive\"}}',NULL,NULL,NULL),(5,1,'Reports','admin.REPORTS','0',5,'{\"i\" : {\"class\":\"fa fa-file-text\"}}',NULL,NULL,NULL),(6,1,'File','','1',4,'{\"i\" : {\"class\":\"glyphicon glyphicon-folder-open\"}}',NULL,NULL,NULL),(7,2,'All Messages','display.ALL','0',2,'{\"i\" : {\"class\":\"glyphicon glyphicon-folder-open\"}}',NULL,NULL,NULL),(8,2,'File Archives','display.ARCHIVE','0',9,'{\"i\" : {\"class\":\"fa fa-archive\"}}',NULL,NULL,NULL),(9,2,'Dashboard','displaySdashboard','0',1,'{\"i\" : {\"class\":\"fa fa-dashboard\"}}',NULL,NULL,NULL),(10,2,'Inbox','display.RECEIVED','0',3,'{\"i\" : {\"class\":\"fa fa-inbox\"}}',NULL,NULL,NULL),(11,2,'Outbox','display.SENT','0',4,'{\"i\" : {\"class\":\"fa fa-share-square-o\"}}',NULL,NULL,NULL),(12,2,'Flagged','display.IMPS','0',5,'{\"i\" : {\"class\":\"glyphicon glyphicon-flag\"}}',NULL,NULL,NULL),(13,1,'Database','admin.database','0',6,'{\"i\" : {\"class\":\"fa fa-database\"}}',NULL,NULL,NULL);
/*!40000 ALTER TABLE `bghmc_tmpl_main_navigation` ENABLE KEYS */;
UNLOCK TABLES;

--
-- Table structure for table `bghmc_tmpl_sub_navigation`
--

DROP TABLE IF EXISTS `bghmc_tmpl_sub_navigation`;
/*!40101 SET @saved_cs_client     = @@character_set_client */;
/*!40101 SET character_set_client = utf8 */;
CREATE TABLE `bghmc_tmpl_sub_navigation` (
  `id` int(10) unsigned NOT NULL AUTO_INCREMENT,
  `parent_id` int(10) unsigned NOT NULL COMMENT 'refer to bghmc_tmpl_main_navigation',
  `title` varchar(50) COLLATE utf8mb4_unicode_ci NOT NULL,
  `route` varchar(50) COLLATE utf8mb4_unicode_ci NOT NULL,
  `arangement` int(10) unsigned NOT NULL COMMENT 'arangement of the navigation',
  `properties` varchar(255) COLLATE utf8mb4_unicode_ci NOT NULL,
  `created_at` timestamp NULL DEFAULT NULL,
  `updated_at` timestamp NULL DEFAULT NULL,
  `deleted_at` timestamp NULL DEFAULT NULL,
  PRIMARY KEY (`id`),
  KEY `bghmc_tmpl_sub_navigation` (`id`,`parent_id`,`title`,`route`,`arangement`)
) ENGINE=InnoDB AUTO_INCREMENT=12 DEFAULT CHARSET=utf8mb4 COLLATE=utf8mb4_unicode_ci;
/*!40101 SET character_set_client = @saved_cs_client */;

--
-- Dumping data for table `bghmc_tmpl_sub_navigation`
--

LOCK TABLES `bghmc_tmpl_sub_navigation` WRITE;
/*!40000 ALTER TABLE `bghmc_tmpl_sub_navigation` DISABLE KEYS */;
INSERT INTO `bghmc_tmpl_sub_navigation` VALUES (1,3,'Departments','admin.departments_list',1,'{\"i\" : {\"class\":\"fa fa-building-o\"}}',NULL,NULL,NULL),(2,3,'Positions','admin.positions_list',1,'{\"i\" : {\"class\":\"fa fa-user-md\"}}',NULL,NULL,NULL),(3,3,'Document Types','admin.filetypes_list',1,'{\"i\" : {\"class\":\"fa fa-file-word-o\"}}',NULL,NULL,NULL),(5,6,'Inbox','display.RECEIVED',2,'{\"i\" : {\"class\":\"fa fa-inbox\"}}',NULL,NULL,NULL),(9,6,'Outbox','display.SENT',3,'{\"i\" : {\"class\":\"fa fa-share-square-o\"}}',NULL,NULL,NULL),(10,6,'Flagged','display.IMPS',4,'{\"i\" : {\"class\":\"glyphicon glyphicon-flag\"}}',NULL,NULL,NULL),(11,6,'All Messages','display.ALL',1,'{\"i\" : {\"class\":\"glyphicon glyphicon-open\"}}',NULL,NULL,NULL);
/*!40000 ALTER TABLE `bghmc_tmpl_sub_navigation` ENABLE KEYS */;
UNLOCK TABLES;

--
-- Table structure for table `bghmc_transactions`
--

DROP TABLE IF EXISTS `bghmc_transactions`;
/*!40101 SET @saved_cs_client     = @@character_set_client */;
/*!40101 SET character_set_client = utf8 */;
CREATE TABLE `bghmc_transactions` (
  `ID` int(100) NOT NULL AUTO_INCREMENT,
  `transNO` varchar(120) NOT NULL,
  `recTYPE` varchar(120) NOT NULL,
  `docTYPE` varchar(120) NOT NULL,
  `SUBJ` varchar(1000) NOT NULL,
  `MSG` varchar(1000) NOT NULL,
  `IMP` int(2) NOT NULL,
  `hardCOPY` varchar(20) NOT NULL,
  `fileSTATS` longtext NOT NULL,
  `attachNAME` text NOT NULL,
  `sendID` int(20) NOT NULL,
  `threadMSG` longtext NOT NULL,
  `SenderDateSENT` varchar(200) NOT NULL,
  `SenderDateArchived` varchar(300) NOT NULL,
  `trackingSTATS` longtext NOT NULL,
  `ROUTESTAT` varchar(10) NOT NULL,
  `CTR1` int(5) NOT NULL,
  `CTR2` int(5) NOT NULL,
  `CTR3` int(20) NOT NULL,
  `updateStatus` datetime DEFAULT NULL,
  `created_at` datetime NOT NULL DEFAULT CURRENT_TIMESTAMP,
  `updated_at` datetime NOT NULL DEFAULT CURRENT_TIMESTAMP,
  PRIMARY KEY (`ID`)
) ENGINE=InnoDB DEFAULT CHARSET=latin1;
/*!40101 SET character_set_client = @saved_cs_client */;

--
-- Dumping data for table `bghmc_transactions`
--

LOCK TABLES `bghmc_transactions` WRITE;
/*!40000 ALTER TABLE `bghmc_transactions` DISABLE KEYS */;
/*!40000 ALTER TABLE `bghmc_transactions` ENABLE KEYS */;
UNLOCK TABLES;

--
-- Table structure for table `bghmc_user_groups`
--

DROP TABLE IF EXISTS `bghmc_user_groups`;
/*!40101 SET @saved_cs_client     = @@character_set_client */;
/*!40101 SET character_set_client = utf8 */;
CREATE TABLE `bghmc_user_groups` (
  `id` int(10) unsigned NOT NULL AUTO_INCREMENT,
  `ugrp_name` varchar(50) COLLATE utf8mb4_unicode_ci NOT NULL,
  `ugrp_description` varchar(255) COLLATE utf8mb4_unicode_ci NOT NULL,
  `ugrp_homepage` varchar(255) COLLATE utf8mb4_unicode_ci NOT NULL,
  `created_at` timestamp NULL DEFAULT NULL,
  `updated_at` timestamp NULL DEFAULT NULL,
  PRIMARY KEY (`id`),
  UNIQUE KEY `bghmc_user_groups_ugrp_name_unique` (`ugrp_name`)
) ENGINE=InnoDB AUTO_INCREMENT=3 DEFAULT CHARSET=utf8mb4 COLLATE=utf8mb4_unicode_ci ROW_FORMAT=DYNAMIC;
/*!40101 SET character_set_client = @saved_cs_client */;

--
-- Dumping data for table `bghmc_user_groups`
--

LOCK TABLES `bghmc_user_groups` WRITE;
/*!40000 ALTER TABLE `bghmc_user_groups` DISABLE KEYS */;
INSERT INTO `bghmc_user_groups` VALUES (1,'Administrator','Privileged users','admin.index',NULL,NULL),(2,'Personnel','None Priveledged users ','inventory.index',NULL,NULL);
/*!40000 ALTER TABLE `bghmc_user_groups` ENABLE KEYS */;
UNLOCK TABLES;

--
-- Table structure for table `migrations`
--

DROP TABLE IF EXISTS `migrations`;
/*!40101 SET @saved_cs_client     = @@character_set_client */;
/*!40101 SET character_set_client = utf8 */;
CREATE TABLE `migrations` (
  `id` int(10) unsigned NOT NULL AUTO_INCREMENT,
  `migration` varchar(255) COLLATE utf8mb4_unicode_ci NOT NULL,
  `batch` int(11) NOT NULL,
  PRIMARY KEY (`id`)
) ENGINE=InnoDB AUTO_INCREMENT=287 DEFAULT CHARSET=utf8mb4 COLLATE=utf8mb4_unicode_ci ROW_FORMAT=DYNAMIC;
/*!40101 SET character_set_client = @saved_cs_client */;

--
-- Dumping data for table `migrations`
--

LOCK TABLES `migrations` WRITE;
/*!40000 ALTER TABLE `migrations` DISABLE KEYS */;
INSERT INTO `migrations` VALUES (276,'2016_12_21_145601_create_dnlx_user_group',8),(277,'2016_12_21_145852_create_dnlx_user_credentials',8),(278,'2017_01_14_023420_create_main_navigation_table',8),(279,'2017_01_14_023843_create_sub_navigation_table',8),(280,'2017_08_18_112342_employee_info',9),(281,'2017_08_18_123018_positions',9),(282,'2017_08_18_123046_departments',9),(283,'2017_08_22_100800_filetypes',9),(284,'2017_09_04_091130_account_activity',9),(285,'2017_09_08_211238_bghmc_system_logs',9),(286,'2017_10_12_200601_security_question',9);
/*!40000 ALTER TABLE `migrations` ENABLE KEYS */;
UNLOCK TABLES;
/*!40103 SET TIME_ZONE=@OLD_TIME_ZONE */;

/*!40101 SET SQL_MODE=@OLD_SQL_MODE */;
/*!40014 SET FOREIGN_KEY_CHECKS=@OLD_FOREIGN_KEY_CHECKS */;
/*!40014 SET UNIQUE_CHECKS=@OLD_UNIQUE_CHECKS */;
/*!40101 SET CHARACTER_SET_CLIENT=@OLD_CHARACTER_SET_CLIENT */;
/*!40101 SET CHARACTER_SET_RESULTS=@OLD_CHARACTER_SET_RESULTS */;
/*!40101 SET COLLATION_CONNECTION=@OLD_COLLATION_CONNECTION */;
/*!40111 SET SQL_NOTES=@OLD_SQL_NOTES */;

-- Dump completed on 2018-02-01  3:00:56
